Timestamp_ms,ReferenceFrequencyHz,PhaseErrorNs,DACVoltage_V,LockStatus,LockState,PhaseStale,IsLocked
1789531804265,33031.852,7321.4,1.6504,1,WAIT ZCD,1,0
1789531804275,33005.895,7321.4,1.6504,1,WAIT ZCD,1,0
1789531804285,33018.867,7321.4,1.6504,1,WAIT ZCD,1,0
1789531804295,33031.852,7321.4,1.6504,1,WAIT ZCD,1,0
1789531804305,33044.848,7321.4,1.6504,1,WAIT ZCD,1,0
1789531804315,33018.867,7321.4,1.6504,1,WAIT ZCD,1,0
1789531804325,33044.848,7321.4,1.6504,1,WAIT ZCD,1,0
1789531804335,33018.867,7321.4,1.6504,1,WAIT ZCD,1,0
1789531804345,33018.867,7321.4,1.6504,1,WAIT ZCD,1,0
1789531804355,33031.852,7321.4,1.6504,1,WAIT ZCD,1,0
1789531804365,33005.895,7321.4,1.6504,1,WAIT ZCD,1,0
1789531804375,33031.852,7321.4,1.6504,1,WAIT ZCD,1,0
1789531804385,33018.867,7321.4,1.6504,1,WAIT ZCD,1,0
1789531804395,33044.848,7321.4,1.6504,1,WAIT ZCD,1,0
1789531804405,33005.895,7321.4,1.6504,1,WAIT ZCD,1,0
1789531804415,33031.852,7321.4,1.6504,1,WAIT ZCD,1,0
1789531804425,33031.852,7321.4,1.6504,1,WAIT ZCD,1,0
1789531804435,33018.867,7321.4,1.6504,1,WAIT ZCD,1,0
1789531804445,33018.867,7321.4,1.6504,1,WAIT ZCD,1,0
1789531804455,33044.848,7321.4,1.6504,1,WAIT ZCD,1,0
1789531804465,33018.867,7321.4,1.6504,1,WAIT ZCD,1,0
1789531804475,33031.852,7321.4,1.6504,1,WAIT ZCD,1,0
1789531804485,33044.848,7321.4,1.6504,1,WAIT ZCD,1,0
1789531804497,33031.852,7321.4,1.6504,1,WAIT ZCD,1,0
1789531804505,33031.852,7321.4,1.6504,1,WAIT ZCD,1,0
1789531804515,33005.895,7321.4,1.6504,1,WAIT ZCD,1,0
1789531804525,33031.852,7321.4,1.6504,1,WAIT ZCD,1,0
1789531804535,33018.867,7321.4,1.6504,1,WAIT ZCD,1,0
1789531804545,33018.867,7321.4,1.6504,1,WAIT ZCD,1,0
1789531804555,33018.867,7321.4,1.6504,1,WAIT ZCD,1,0
1789531804565,33044.848,7321.4,1.6504,1,WAIT ZCD,1,0
1789531804575,33018.867,7321.4,1.6504,1,WAIT ZCD,1,0
1789531804585,32992.930,7321.4,1.6504,1,WAIT ZCD,1,0
1789531804595,33031.852,7321.4,1.6504,1,WAIT ZCD,1,0
1789531804605,33018.867,7321.4,1.6504,1,WAIT ZCD,1,0
1789531804615,33044.848,7321.4,1.6504,1,WAIT ZCD,1,0
1789531804625,33031.852,7321.4,1.6504,1,WAIT ZCD,1,0
1789531804635,33031.852,7321.4,1.6504,1,WAIT ZCD,1,0
1789531804645,33044.848,7321.4,1.6504,1,WAIT ZCD,1,0
1789531804655,33005.895,7321.4,1.6504,1,WAIT ZCD,1,0
1789531804665,33031.852,7321.4,1.6504,1,WAIT ZCD,1,0
1789531804675,33018.867,7321.4,1.6504,1,WAIT ZCD,1,0
1789531804685,33031.852,7321.4,1.6504,1,WAIT ZCD,1,0
1789531804695,33018.867,7321.4,1.6504,1,WAIT ZCD,1,0
1789531804705,33018.867,7321.4,1.6504,1,WAIT ZCD,1,0
1789531804715,33018.867,7321.4,1.6504,1,WAIT ZCD,1,0
1789531804725,33031.852,7321.4,1.6504,1,WAIT ZCD,1,0
1789531804735,33044.848,7321.4,1.6504,1,WAIT ZCD,1,0
1789531804745,33018.867,7321.4,1.6504,1,WAIT ZCD,1,0
1789531804755,33018.867,7321.4,1.6504,1,WAIT ZCD,1,0
1789531804765,33057.852,7321.4,1.6504,1,WAIT ZCD,1,0
1789531804775,33031.852,7321.4,1.6504,1,WAIT ZCD,1,0
1789531804785,33031.852,7321.4,1.6504,1,WAIT ZCD,1,0
1789531804795,33018.867,7321.4,1.6504,1,WAIT ZCD,1,0
1789531804805,33044.848,7321.4,1.6504,1,WAIT ZCD,1,0
1789531804815,33018.867,7321.4,1.6504,1,WAIT ZCD,1,0
1789531804825,33044.848,7321.4,1.6504,1,WAIT ZCD,1,0
1789531804835,33005.895,7321.4,1.6504,1,WAIT ZCD,1,0
1789531804845,33018.867,7321.4,1.6504,1,WAIT ZCD,1,0
1789531804855,33018.867,7321.4,1.6504,1,WAIT ZCD,1,0
1789531804865,33044.848,7321.4,1.6504,1,WAIT ZCD,1,0
1789531804875,33031.852,7321.4,1.6504,1,WAIT ZCD,1,0
1789531804885,33031.852,7321.4,1.6504,1,WAIT ZCD,1,0
1789531804894,33044.848,7321.4,1.6504,1,WAIT ZCD,1,0
1789531804905,33031.852,7321.4,1.6504,1,WAIT ZCD,1,0
1789531804915,33018.867,7321.4,1.6504,1,WAIT ZCD,1,0
1789531804925,33044.848,7321.4,1.6504,1,WAIT ZCD,1,0
1789531804935,33031.852,7321.4,1.6504,1,WAIT ZCD,1,0
1789531804945,33018.867,7321.4,1.6504,1,WAIT ZCD,1,0
1789531804955,33018.867,7321.4,1.6504,1,WAIT ZCD,1,0
1789531804965,33018.867,7321.4,1.6504,1,WAIT ZCD,1,0
1789531804975,33044.848,7321.4,1.6504,1,WAIT ZCD,1,0
1789531804984,33018.867,7321.4,1.6504,1,WAIT ZCD,1,0
1789531804995,33031.852,7321.4,1.6504,1,WAIT ZCD,1,0
1789531805004,33031.852,7321.4,1.6504,1,WAIT ZCD,1,0
1789531805015,33005.895,7321.4,1.6504,1,WAIT ZCD,1,0
1789531805025,33018.867,7321.4,1.6504,1,WAIT ZCD,1,0
1789531805034,33018.867,7321.4,1.6504,1,WAIT ZCD,1,0
1789531805045,33031.852,7321.4,1.6504,1,WAIT ZCD,1,0
1789531805055,33031.852,7321.4,1.6504,1,WAIT ZCD,1,0
1789531805065,33044.848,7321.4,1.6504,1,WAIT ZCD,1,0
1789531805075,33031.852,7321.4,1.6504,1,WAIT ZCD,1,0
1789531805085,33031.852,7321.4,1.6504,1,WAIT ZCD,1,0
1789531805095,33018.867,7321.4,1.6504,1,WAIT ZCD,1,0
1789531805105,33044.848,7321.4,1.6504,1,WAIT ZCD,1,0
1789531805115,33018.867,7321.4,1.6504,1,WAIT ZCD,1,0
1789531805125,33057.852,7321.4,1.6504,1,WAIT ZCD,1,0
1789531805135,33031.852,7321.4,1.6504,1,WAIT ZCD,1,0
1789531805145,33005.895,7321.4,1.6504,1,WAIT ZCD,1,0
1789531805155,33044.848,7321.4,1.6504,1,WAIT ZCD,1,0
1789531805165,33044.848,7321.4,1.6504,1,WAIT ZCD,1,0
1789531805175,33031.852,7321.4,1.6504,1,WAIT ZCD,1,0
1789531805185,33031.852,7321.4,1.6504,1,WAIT ZCD,1,0
1789531805195,33031.852,7321.4,1.6504,1,WAIT ZCD,1,0
1789531805205,33044.848,7321.4,1.6504,1,WAIT ZCD,1,0
1789531805215,33018.867,7321.4,1.6504,1,WAIT ZCD,1,0
1789531805225,33018.867,7321.4,1.6504,1,WAIT ZCD,1,0
1789531805235,33031.852,7321.4,1.6504,1,WAIT ZCD,1,0
1789531805245,33031.852,7321.4,1.6504,1,WAIT ZCD,1,0
1789531805255,33031.852,7321.4,1.6504,1,WAIT ZCD,1,0
1789531805265,33044.848,7321.4,1.6504,1,WAIT ZCD,1,0
1789531805275,33044.848,7321.4,1.6504,1,WAIT ZCD,1,0
1789531805285,33031.852,7321.4,1.6504,1,WAIT ZCD,1,0
1789531805295,33057.852,7321.4,1.6504,1,WAIT ZCD,1,0
1789531805305,33031.852,7321.4,1.6504,1,WAIT ZCD,1,0
1789531805315,33044.848,7321.4,1.6504,1,WAIT ZCD,1,0
1789531805325,33018.867,7321.4,1.6504,1,WAIT ZCD,1,0
1789531805335,33031.852,7321.4,1.6504,1,WAIT ZCD,1,0
1789531805345,33044.848,7321.4,1.6504,1,WAIT ZCD,1,0
1789531805355,33031.852,7321.4,1.6504,1,WAIT ZCD,1,0
1789531805365,33018.867,7321.4,1.6504,1,WAIT ZCD,1,0
1789531805375,33031.852,7321.4,1.6504,1,WAIT ZCD,1,0
1789531805385,33018.867,7321.4,1.6504,1,WAIT ZCD,1,0
1789531805394,33018.867,7321.4,1.6504,1,WAIT ZCD,1,0
1789531805405,33031.852,7321.4,1.6504,1,WAIT ZCD,1,0
1789531805415,33031.852,7321.4,1.6504,1,WAIT ZCD,1,0
1789531805425,33044.848,7321.4,1.6504,1,WAIT ZCD,1,0
1789531805435,33031.852,7321.4,1.6504,1,WAIT ZCD,1,0
1789531805445,33031.852,7321.4,1.6504,1,WAIT ZCD,1,0
1789531805454,33031.852,7321.4,1.6504,1,WAIT ZCD,1,0
1789531805465,33031.852,7321.4,1.6504,1,WAIT ZCD,1,0
1789531805475,33031.852,7321.4,1.6504,1,WAIT ZCD,1,0
1789531805485,33031.852,7321.4,1.6504,1,WAIT ZCD,1,0
1789531805494,33031.852,7321.4,1.6504,1,WAIT ZCD,1,0
1789531805505,33018.867,7321.4,1.6504,1,WAIT ZCD,1,0
1789531805515,33044.848,7321.4,1.6504,1,WAIT ZCD,1,0
1789531805525,33031.852,7321.4,1.6504,1,WAIT ZCD,1,0
1789531805535,33018.867,7321.4,1.6504,1,WAIT ZCD,1,0
1789531805544,33005.895,7321.4,1.6504,1,WAIT ZCD,1,0
1789531805555,33031.852,7321.4,1.6504,1,WAIT ZCD,1,0
1789531805565,33031.852,7321.4,1.6504,1,WAIT ZCD,1,0
1789531805575,33044.848,7321.4,1.6504,1,WAIT ZCD,1,0
1789531805584,33031.852,7321.4,1.6504,1,WAIT ZCD,1,0
1789531805595,33018.867,7321.4,1.6504,1,WAIT ZCD,1,0
1789531805605,33018.867,7321.4,1.6504,1,WAIT ZCD,1,0
1789531805615,33031.852,7321.4,1.6504,1,WAIT ZCD,1,0
1789531805624,33044.848,7321.4,1.6504,1,WAIT ZCD,1,0
1789531805634,33005.895,7321.4,1.6504,1,WAIT ZCD,1,0
1789531805645,33031.852,7321.4,1.6504,1,WAIT ZCD,1,0
1789531805655,33031.852,7321.4,1.6504,1,WAIT ZCD,1,0
1789531805664,33031.852,7321.4,1.6504,1,WAIT ZCD,1,0
1789531805674,33044.848,7321.4,1.6504,1,WAIT ZCD,1,0
1789531805684,33018.867,7321.4,1.6504,1,WAIT ZCD,1,0
1789531805695,33044.848,7321.4,1.6504,1,WAIT ZCD,1,0
1789531805705,33031.852,7321.4,1.6504,1,WAIT ZCD,1,0
1789531805715,33018.867,7321.4,1.6504,1,WAIT ZCD,1,0
1789531805724,33044.848,7321.4,1.6504,1,WAIT ZCD,1,0
1789531805735,33031.852,7321.4,1.6504,1,WAIT ZCD,1,0
1789531805745,33044.848,7321.4,1.6504,1,WAIT ZCD,1,0
1789531805755,33031.852,7321.4,1.6504,1,WAIT ZCD,1,0
1789531805765,33044.848,7321.4,1.6504,1,WAIT ZCD,1,0
1789531805775,33005.895,7321.4,1.6504,1,WAIT ZCD,1,0
1789531805784,33031.852,7321.4,1.6504,1,WAIT ZCD,1,0
1789531805795,33044.848,7321.4,1.6504,1,WAIT ZCD,1,0
1789531805805,33018.867,7321.4,1.6504,1,WAIT ZCD,1,0
1789531805815,33044.848,7321.4,1.6504,1,WAIT ZCD,1,0
1789531805825,33031.852,7321.4,1.6504,1,WAIT ZCD,1,0
1789531805836,33044.848,7321.4,1.6504,1,WAIT ZCD,1,0
1789531805845,33031.852,7321.4,1.6504,1,WAIT ZCD,1,0
1789531805855,33031.852,7321.4,1.6504,1,WAIT ZCD,1,0
1789531805865,33057.852,7321.4,1.6504,1,WAIT ZCD,1,0
1789531805875,33031.852,7321.4,1.6504,1,WAIT ZCD,1,0
1789531805885,33018.867,7321.4,1.6504,1,WAIT ZCD,1,0
1789531805895,33018.867,7321.4,1.6504,1,WAIT ZCD,1,0
1789531805905,33031.852,7321.4,1.6504,1,WAIT ZCD,1,0
1789531805915,33018.867,7321.4,1.6504,1,WAIT ZCD,1,0
1789531805924,33044.848,7321.4,1.6504,1,WAIT ZCD,1,0
1789531805934,33018.867,7321.4,1.6504,1,WAIT ZCD,1,0
1789531805944,33044.848,7321.4,1.6504,1,WAIT ZCD,1,0
1789531805955,33018.867,7321.4,1.6504,1,WAIT ZCD,1,0
1789531805965,33031.852,7321.4,1.6504,1,WAIT ZCD,1,0
1789531805975,33031.852,7321.4,1.6504,1,WAIT ZCD,1,0
1789531805984,33031.852,7321.4,1.6504,1,WAIT ZCD,1,0
1789531805994,33044.848,7321.4,1.6504,1,WAIT ZCD,1,0
1789531806005,33005.895,7321.4,1.6504,1,WAIT ZCD,1,0
1789531806015,33005.895,7321.4,1.6504,1,WAIT ZCD,1,0
1789531806025,33044.848,7321.4,1.6504,1,WAIT ZCD,1,0
1789531806034,33018.867,7321.4,1.6504,1,WAIT ZCD,1,0
1789531806045,33005.895,7321.4,1.6504,1,WAIT ZCD,1,0
1789531806054,33031.852,7321.4,1.6504,1,WAIT ZCD,1,0
1789531806065,33057.852,7321.4,1.6504,1,WAIT ZCD,1,0
1789531806075,33031.852,7321.4,1.6504,1,WAIT ZCD,1,0
1789531806084,33018.867,7321.4,1.6504,1,WAIT ZCD,1,0
1789531806094,33044.848,7321.4,1.6504,1,WAIT ZCD,1,0
1789531806105,33018.867,7321.4,1.6504,1,WAIT ZCD,1,0
1789531806115,33018.867,7321.4,1.6504,1,WAIT ZCD,1,0
1789531806125,33018.867,7321.4,1.6504,1,WAIT ZCD,1,0
1789531806134,33031.852,7321.4,1.6504,1,WAIT ZCD,1,0
1789531806145,33031.852,7321.4,1.6504,1,WAIT ZCD,1,0
1789531806155,33018.867,7321.4,1.6504,1,WAIT ZCD,1,0
1789531806165,33018.867,7321.4,1.6504,1,WAIT ZCD,1,0
1789531806174,33031.852,7321.4,1.6504,1,WAIT ZCD,1,0
1789531806184,33018.867,7321.4,1.6504,1,WAIT ZCD,1,0
1789531806194,33018.867,7321.4,1.6504,1,WAIT ZCD,1,0
1789531806205,33018.867,7321.4,1.6504,1,WAIT ZCD,1,0
1789531806215,33018.867,7321.4,1.6504,1,WAIT ZCD,1,0
1789531806224,33018.867,7321.4,1.6504,1,WAIT ZCD,1,0
1789531806234,33031.852,7321.4,1.6504,1,WAIT ZCD,1,0
1789531806245,33018.867,7321.4,1.6504,1,WAIT ZCD,1,0
1789531806255,33031.852,7321.4,1.6504,1,WAIT ZCD,1,0
1789531806265,33005.895,7321.4,1.6504,1,WAIT ZCD,1,0
1789531806274,33070.867,7321.4,1.6504,1,WAIT ZCD,1,0
1789531806285,33005.895,7321.4,1.6504,1,WAIT ZCD,1,0
1789531806295,33018.867,7321.4,1.6504,1,WAIT ZCD,1,0
1789531806305,32825.324,7023.8,1.6270,2,TRACK,0,0
1789531806314,32159.266,7202.4,1.4433,2,TRACK,0,0
1789531806325,31602.709,773.8,1.4095,2,TRACK,0,0
1789531806334,31578.947,500.0,1.3982,2,TRACK,0,0
1789531806344,31567.080,202.4,1.3909,2,TRACK,0,0
1789531806354,31590.824,119.0,1.3877,2,TRACK,0,0
1789531806365,31567.080,35.7,1.3869,3,LOCK,0,1
1789531806375,31555.221,11.9,1.3869,3,LOCK,0,1
1789531806385,31555.221,-83.3,1.3885,2,TRACK,0,0
1789531806394,31602.709,35.7,1.3893,3,LOCK,0,1
1789531806405,31590.824,-23.8,1.3901,3,LOCK,0,1
1789531806415,31567.080,-35.7,1.3901,3,LOCK,0,1
1789531806425,31590.824,0.0,1.3901,3,LOCK,0,1
1789531806434,31578.947,23.8,1.3901,3,LOCK,0,1
1789531806445,31555.221,-35.7,1.3901,3,LOCK,0,1
1789531806454,31578.947,35.7,1.3901,3,LOCK,0,1
1789531806464,31590.824,0.0,1.3901,3,LOCK,0,1
1789531806475,31602.709,11.9,1.3901,3,LOCK,0,1
1789531806485,31590.824,47.6,1.3901,3,LOCK,0,1
1789531806495,31543.373,11.9,1.3901,3,LOCK,0,1
1789531806504,31578.947,-47.6,1.3901,3,LOCK,0,1
1789531806514,31567.080,47.6,1.3901,3,LOCK,0,1
1789531806527,31555.221,-47.6,1.3893,3,LOCK,0,1
1789531806541,31531.531,-35.7,1.3901,3,LOCK,0,1
1789531806550,31567.080,11.9,1.3901,3,LOCK,0,1
1789531806560,31578.947,59.5,1.3893,3,LOCK,0,1
1789531806571,31555.221,47.6,1.3893,3,LOCK,0,1
1789531806580,31567.080,11.9,1.3885,3,LOCK,0,1
1789531806591,31555.221,-35.7,1.3893,3,LOCK,0,1
1789531806601,31555.221,11.9,1.3901,3,LOCK,0,1
1789531806610,31543.373,-11.9,1.3893,3,LOCK,0,1
1789531806621,31543.373,23.8,1.3893,3,LOCK,0,1
1789531806630,31555.221,0.0,1.3893,3,LOCK,0,1
1789531806640,31567.080,0.0,1.3893,3,LOCK,0,1
1789531806651,31567.080,0.0,1.3893,3,LOCK,0,1
1789531806660,31543.373,47.6,1.3885,3,LOCK,0,1
1789531806671,31555.221,-35.7,1.3893,3,LOCK,0,1
1789531806680,31578.947,0.0,1.3893,3,LOCK,0,1
1789531806691,31555.221,11.9,1.3893,3,LOCK,0,1
1789531806700,31567.080,-11.9,1.3901,3,LOCK,0,1
1789531806710,31543.373,71.4,1.3893,2,TRACK,0,0
1789531806721,31567.080,47.6,1.3893,3,LOCK,0,1
1789531806730,31567.080,23.8,1.3885,3,LOCK,0,1
1789531806740,31567.080,0.0,1.3893,3,LOCK,0,1
1789531806750,31602.709,11.9,1.3893,3,LOCK,0,1
1789531806760,33005.895,7023.8,1.6504,1,WAIT ZCD,1,0
1789531806770,33031.852,7023.8,1.6504,1,WAIT ZCD,1,0
1789531806780,33031.852,7023.8,1.6504,1,WAIT ZCD,1,0
1789531806790,33044.848,7023.8,1.6504,1,WAIT ZCD,1,0
1789531806800,33031.852,7023.8,1.6504,1,WAIT ZCD,1,0
1789531806811,33031.852,7023.8,1.6504,1,WAIT ZCD,1,0
1789531806820,33044.848,7023.8,1.6504,1,WAIT ZCD,1,0
1789531806831,33018.867,7023.8,1.6504,1,WAIT ZCD,1,0
1789531806841,33018.867,7023.8,1.6504,1,WAIT ZCD,1,0
1789531806851,33018.867,7023.8,1.6504,1,WAIT ZCD,1,0
1789531806860,33031.852,7023.8,1.6504,1,WAIT ZCD,1,0
1789531806871,33031.852,7023.8,1.6504,1,WAIT ZCD,1,0
1789531806880,33018.867,7023.8,1.6504,1,WAIT ZCD,1,0
1789531806890,33031.852,7023.8,1.6504,1,WAIT ZCD,1,0
1789531806901,33044.848,7023.8,1.6504,1,WAIT ZCD,1,0
1789531806910,33005.895,7023.8,1.6504,1,WAIT ZCD,1,0
1789531806921,33057.852,7023.8,1.6504,1,WAIT ZCD,1,0
1789531806930,33018.867,7023.8,1.6504,1,WAIT ZCD,1,0
1789531806940,33018.867,7023.8,1.6504,1,WAIT ZCD,1,0
1789531806951,33031.852,7023.8,1.6504,1,WAIT ZCD,1,0
1789531806960,33031.852,7023.8,1.6504,1,WAIT ZCD,1,0
1789531806970,33005.895,7023.8,1.6504,1,WAIT ZCD,1,0
1789531806980,33031.852,7023.8,1.6504,1,WAIT ZCD,1,0
1789531806991,33031.852,7023.8,1.6504,1,WAIT ZCD,1,0
1789531807001,33031.852,7023.8,1.6504,1,WAIT ZCD,1,0
1789531807010,33031.852,7023.8,1.6504,1,WAIT ZCD,1,0
1789531807021,33018.867,7023.8,1.6504,1,WAIT ZCD,1,0
1789531807030,33044.848,7023.8,1.6504,1,WAIT ZCD,1,0
1789531807040,33031.852,7023.8,1.6504,1,WAIT ZCD,1,0
1789531807050,33031.852,7023.8,1.6504,1,WAIT ZCD,1,0
1789531807061,33044.848,7023.8,1.6504,1,WAIT ZCD,1,0
1789531807071,33031.852,7023.8,1.6504,1,WAIT ZCD,1,0
1789531807080,32992.930,7023.8,1.6504,1,WAIT ZCD,1,0
1789531807090,33031.852,7023.8,1.6504,1,WAIT ZCD,1,0
1789531807100,33018.867,7023.8,1.6504,1,WAIT ZCD,1,0
1789531807111,33018.867,7023.8,1.6504,1,WAIT ZCD,1,0
1789531807121,33018.867,7023.8,1.6504,1,WAIT ZCD,1,0
1789531807130,33005.895,7023.8,1.6504,1,WAIT ZCD,1,0
1789531807140,33031.852,7023.8,1.6504,1,WAIT ZCD,1,0
1789531807150,33031.852,7023.8,1.6504,1,WAIT ZCD,1,0
1789531807160,33031.852,7023.8,1.6504,1,WAIT ZCD,1,0
1789531807171,33031.852,7023.8,1.6504,1,WAIT ZCD,1,0
1789531807180,33044.848,7023.8,1.6504,1,WAIT ZCD,1,0
1789531807190,33005.895,7023.8,1.6504,1,WAIT ZCD,1,0
1789531807200,33018.867,7023.8,1.6504,1,WAIT ZCD,1,0
1789531807210,33031.852,7023.8,1.6504,1,WAIT ZCD,1,0
1789531807220,33018.867,7023.8,1.6504,1,WAIT ZCD,1,0
1789531807230,33005.895,7023.8,1.6504,1,WAIT ZCD,1,0
1789531807241,33018.867,7023.8,1.6504,1,WAIT ZCD,1,0
1789531807251,33031.852,7023.8,1.6504,1,WAIT ZCD,1,0
1789531807260,33031.852,7023.8,1.6504,1,WAIT ZCD,1,0
1789531807270,33018.867,7023.8,1.6504,1,WAIT ZCD,1,0
1789531807281,33044.848,7023.8,1.6504,1,WAIT ZCD,1,0
1789531807291,33018.867,7023.8,1.6504,1,WAIT ZCD,1,0
1789531807300,33018.867,7023.8,1.6504,1,WAIT ZCD,1,0
1789531807311,33018.867,7023.8,1.6504,1,WAIT ZCD,1,0
1789531807321,33057.852,7023.8,1.6504,1,WAIT ZCD,1,0
1789531807331,33031.852,7023.8,1.6504,1,WAIT ZCD,1,0
1789531807340,33031.852,7023.8,1.6504,1,WAIT ZCD,1,0
1789531807350,33031.852,7023.8,1.6504,1,WAIT ZCD,1,0
1789531807360,33031.852,7023.8,1.6504,1,WAIT ZCD,1,0
1789531807371,33031.852,7023.8,1.6504,1,WAIT ZCD,1,0
1789531807380,33044.848,7023.8,1.6504,1,WAIT ZCD,1,0
1789531807391,33018.867,7023.8,1.6504,1,WAIT ZCD,1,0
1789531807401,33044.848,7023.8,1.6504,1,WAIT ZCD,1,0
1789531807410,33005.895,7023.8,1.6504,1,WAIT ZCD,1,0
1789531807420,33031.852,7023.8,1.6504,1,WAIT ZCD,1,0
1789531807430,33018.867,7023.8,1.6504,1,WAIT ZCD,1,0
1789531807441,33031.852,7023.8,1.6504,1,WAIT ZCD,1,0
1789531807450,33018.867,7023.8,1.6504,1,WAIT ZCD,1,0
1789531807460,33031.852,7023.8,1.6504,1,WAIT ZCD,1,0
1789531807471,33018.867,7023.8,1.6504,1,WAIT ZCD,1,0
1789531807481,33018.867,7023.8,1.6504,1,WAIT ZCD,1,0
1789531807490,33031.852,7023.8,1.6504,1,WAIT ZCD,1,0
1789531807500,33044.848,7023.8,1.6504,1,WAIT ZCD,1,0
1789531807510,33044.848,7023.8,1.6504,1,WAIT ZCD,1,0
1789531807521,33005.895,7023.8,1.6504,1,WAIT ZCD,1,0
1789531807530,33031.852,7023.8,1.6504,1,WAIT ZCD,1,0
1789531807540,33031.852,7023.8,1.6504,1,WAIT ZCD,1,0
1789531807550,33018.867,7023.8,1.6504,1,WAIT ZCD,1,0
1789531807560,33044.848,7023.8,1.6504,1,WAIT ZCD,1,0
1789531807570,33018.867,7023.8,1.6504,1,WAIT ZCD,1,0
1789531807580,33044.848,7023.8,1.6504,1,WAIT ZCD,1,0
1789531807590,33005.895,7023.8,1.6504,1,WAIT ZCD,1,0
1789531807600,33031.852,7023.8,1.6504,1,WAIT ZCD,1,0
1789531807610,33018.867,7023.8,1.6504,1,WAIT ZCD,1,0
1789531807620,33031.852,7023.8,1.6504,1,WAIT ZCD,1,0
1789531807630,33057.852,7023.8,1.6504,1,WAIT ZCD,1,0
1789531807640,33005.895,7023.8,1.6504,1,WAIT ZCD,1,0
1789531807650,33031.852,7023.8,1.6504,1,WAIT ZCD,1,0
1789531807660,33044.848,7023.8,1.6504,1,WAIT ZCD,1,0
1789531807670,33005.895,7023.8,1.6504,1,WAIT ZCD,1,0
1789531807680,33031.852,7023.8,1.6504,1,WAIT ZCD,1,0
1789531807690,33018.867,7023.8,1.6504,1,WAIT ZCD,1,0
1789531807700,33044.848,7023.8,1.6504,1,WAIT ZCD,1,0
1789531807710,33031.852,7023.8,1.6504,1,WAIT ZCD,1,0
1789531807720,33031.852,7023.8,1.6504,1,WAIT ZCD,1,0
1789531807730,33031.852,7023.8,1.6504,1,WAIT ZCD,1,0
1789531807740,33031.852,7023.8,1.6504,1,WAIT ZCD,1,0
1789531807750,33018.867,7023.8,1.6504,1,WAIT ZCD,1,0
1789531807760,32482.598,8488.1,1.5255,2,TRACK,0,0
1789531807770,31602.709,857.1,1.4151,2,TRACK,0,0
1789531807781,31590.824,619.0,1.4006,2,TRACK,0,0
1789531807791,31602.709,226.2,1.3917,2,TRACK,0,0
1789531807800,31578.947,35.7,1.3901,3,LOCK,0,1
1789531807810,31567.080,0.0,1.3901,3,LOCK,0,1
1789531807820,31590.824,107.1,1.3901,2,TRACK,0,0
1789531807830,31602.709,59.5,1.3893,3,LOCK,0,1
1789531807841,31543.373,-23.8,1.3893,3,LOCK,0,1
1789531807850,31567.080,-11.9,1.3885,3,LOCK,0,1
1789531807860,31590.824,11.9,1.3885,3,LOCK,0,1
1789531807870,31567.080,-23.8,1.3885,3,LOCK,0,1
1789531807883,31567.080,23.8,1.3885,3,LOCK,0,1
1789531807892,31531.531,11.9,1.3885,3,LOCK,0,1
1789531807902,31578.947,23.8,1.3893,3,LOCK,0,1
1789531807912,31567.080,59.5,1.3885,3,LOCK,0,1
1789531807923,31567.080,23.8,1.3885,3,LOCK,0,1
1789531807932,31555.221,0.0,1.3885,3,LOCK,0,1
1789531807942,31578.947,0.0,1.3893,3,LOCK,0,1
1789531807955,31578.947,0.0,1.3893,3,LOCK,0,1
1789531807966,31578.947,0.0,1.3893,3,LOCK,0,1
1789531807976,31590.824,23.8,1.3885,3,LOCK,0,1
1789531807985,31578.947,0.0,1.3885,3,LOCK,0,1
1789531807995,31555.221,0.0,1.3885,3,LOCK,0,1
1789531808006,31590.824,-23.8,1.3893,3,LOCK,0,1
1789531808016,31567.080,23.8,1.3885,3,LOCK,0,1
1789531808025,31567.080,11.9,1.3893,3,LOCK,0,1
1789531808036,31555.221,35.7,1.3885,3,LOCK,0,1
1789531808045,31567.080,23.8,1.3877,3,LOCK,0,1
1789531808055,31531.531,-35.7,1.3877,3,LOCK,0,1
1789531808066,31543.373,0.0,1.3877,3,LOCK,0,1
1789531808075,31555.221,-11.9,1.3885,3,LOCK,0,1
1789531808086,31590.824,0.0,1.3877,3,LOCK,0,1
1789531808095,31555.221,23.8,1.3877,3,LOCK,0,1
1789531808106,31543.373,11.9,1.3877,3,LOCK,0,1
1789531808115,31567.080,-23.8,1.3877,3,LOCK,0,1
1789531808125,31567.080,35.7,1.3877,3,LOCK,0,1
1789531808135,31555.221,0.0,1.3877,3,LOCK,0,1
1789531808145,31567.080,83.3,1.3877,2,TRACK,0,0
1789531808155,31567.080,11.9,1.3877,3,LOCK,0,1
1789531808166,31555.221,23.8,1.3877,3,LOCK,0,1
1789531808176,31555.221,-23.8,1.3877,3,LOCK,0,1
1789531808186,31578.947,23.8,1.3877,3,LOCK,0,1
1789531808195,31555.221,23.8,1.3877,3,LOCK,0,1
1789531808208,32000.000,8488.1,1.3885,1,WAIT ZCD,1,0
1789531808217,33018.867,8488.1,1.6504,1,WAIT ZCD,1,0
1789531808227,33031.852,8488.1,1.6504,1,WAIT ZCD,1,0
1789531808237,33031.852,8488.1,1.6504,1,WAIT ZCD,1,0
1789531808247,33044.848,8488.1,1.6504,1,WAIT ZCD,1,0
1789531808258,33031.852,8488.1,1.6504,1,WAIT ZCD,1,0
1789531808267,33018.867,8488.1,1.6504,1,WAIT ZCD,1,0
1789531808277,33031.852,8488.1,1.6504,1,WAIT ZCD,1,0
1789531808287,33031.852,8488.1,1.6504,1,WAIT ZCD,1,0
1789531808297,33031.852,8488.1,1.6504,1,WAIT ZCD,1,0
1789531808308,33031.852,8488.1,1.6504,1,WAIT ZCD,1,0
1789531808317,33005.895,8488.1,1.6504,1,WAIT ZCD,1,0
1789531808327,33018.867,8488.1,1.6504,1,WAIT ZCD,1,0
1789531808337,33005.895,8488.1,1.6504,1,WAIT ZCD,1,0
1789531808347,33044.848,8488.1,1.6504,1,WAIT ZCD,1,0
1789531808357,33018.867,8488.1,1.6504,1,WAIT ZCD,1,0
1789531808367,33031.852,8488.1,1.6504,1,WAIT ZCD,1,0
1789531808377,33031.852,8488.1,1.6504,1,WAIT ZCD,1,0
1789531808387,33018.867,8488.1,1.6504,1,WAIT ZCD,1,0
1789531808397,33044.848,8488.1,1.6504,1,WAIT ZCD,1,0
1789531808407,33031.852,8488.1,1.6504,1,WAIT ZCD,1,0
1789531808417,33031.852,8488.1,1.6504,1,WAIT ZCD,1,0
1789531808427,33018.867,8488.1,1.6504,1,WAIT ZCD,1,0
1789531808437,33005.895,8488.1,1.6504,1,WAIT ZCD,1,0
1789531808447,33031.852,8488.1,1.6504,1,WAIT ZCD,1,0
1789531808457,33044.848,8488.1,1.6504,1,WAIT ZCD,1,0
1789531808467,33005.895,8488.1,1.6504,1,WAIT ZCD,1,0
1789531808477,33044.848,8488.1,1.6504,1,WAIT ZCD,1,0
1789531808487,33044.848,8488.1,1.6504,1,WAIT ZCD,1,0
1789531808497,33031.852,8488.1,1.6504,1,WAIT ZCD,1,0
1789531808507,33018.867,8488.1,1.6504,1,WAIT ZCD,1,0
1789531808517,33018.867,8488.1,1.6504,1,WAIT ZCD,1,0
1789531808527,33018.867,8488.1,1.6504,1,WAIT ZCD,1,0
1789531808537,33005.895,8488.1,1.6504,1,WAIT ZCD,1,0
1789531808547,33044.848,8488.1,1.6504,1,WAIT ZCD,1,0
1789531808557,33005.895,8488.1,1.6504,1,WAIT ZCD,1,0
1789531808568,33018.867,8488.1,1.6504,1,WAIT ZCD,1,0
1789531808577,33018.867,8488.1,1.6504,1,WAIT ZCD,1,0
1789531808587,33031.852,8488.1,1.6504,1,WAIT ZCD,1,0
1789531808597,33031.852,8488.1,1.6504,1,WAIT ZCD,1,0
1789531808607,33031.852,8488.1,1.6504,1,WAIT ZCD,1,0
1789531808617,33031.852,8488.1,1.6504,1,WAIT ZCD,1,0
1789531808627,33044.848,8488.1,1.6504,1,WAIT ZCD,1,0
1789531808638,33031.852,8488.1,1.6504,1,WAIT ZCD,1,0
1789531808647,33031.852,8488.1,1.6504,1,WAIT ZCD,1,0
1789531808658,33044.848,8488.1,1.6504,1,WAIT ZCD,1,0
1789531808667,33031.852,8488.1,1.6504,1,WAIT ZCD,1,0
1789531808677,33031.852,8488.1,1.6504,1,WAIT ZCD,1,0
1789531808688,33044.848,8488.1,1.6504,1,WAIT ZCD,1,0
1789531808697,33018.867,8488.1,1.6504,1,WAIT ZCD,1,0
1789531808708,33031.852,8488.1,1.6504,1,WAIT ZCD,1,0
1789531808717,33044.848,8488.1,1.6504,1,WAIT ZCD,1,0
1789531808727,33018.867,8488.1,1.6504,1,WAIT ZCD,1,0
1789531808737,33057.852,8488.1,1.6504,1,WAIT ZCD,1,0
1789531808747,33018.867,8488.1,1.6504,1,WAIT ZCD,1,0
1789531808757,33031.852,8488.1,1.6504,1,WAIT ZCD,1,0
1789531808767,33044.848,8488.1,1.6504,1,WAIT ZCD,1,0
1789531808777,33018.867,8488.1,1.6504,1,WAIT ZCD,1,0
1789531808787,33031.852,8488.1,1.6504,1,WAIT ZCD,1,0
1789531808797,33031.852,8488.1,1.6504,1,WAIT ZCD,1,0
1789531808808,33018.867,8488.1,1.6504,1,WAIT ZCD,1,0
1789531808817,33031.852,8488.1,1.6504,1,WAIT ZCD,1,0
1789531808827,33044.848,8488.1,1.6504,1,WAIT ZCD,1,0
1789531808837,33005.895,8488.1,1.6504,1,WAIT ZCD,1,0
1789531808847,33044.848,8488.1,1.6504,1,WAIT ZCD,1,0
1789531808857,33018.867,8488.1,1.6504,1,WAIT ZCD,1,0
1789531808867,33044.848,8488.1,1.6504,1,WAIT ZCD,1,0
1789531808877,33031.852,8488.1,1.6504,1,WAIT ZCD,1,0
1789531808887,33018.867,8488.1,1.6504,1,WAIT ZCD,1,0
1789531808897,33057.852,8488.1,1.6504,1,WAIT ZCD,1,0
1789531808907,33044.848,8488.1,1.6504,1,WAIT ZCD,1,0
1789531808918,33031.852,8488.1,1.6504,1,WAIT ZCD,1,0
1789531808927,33018.867,8488.1,1.6504,1,WAIT ZCD,1,0
1789531808937,33044.848,8488.1,1.6504,1,WAIT ZCD,1,0
1789531808947,33031.852,8488.1,1.6504,1,WAIT ZCD,1,0
1789531808958,33044.848,8488.1,1.6504,1,WAIT ZCD,1,0
1789531808967,33018.867,8488.1,1.6504,1,WAIT ZCD,1,0
1789531808977,33031.852,8488.1,1.6504,1,WAIT ZCD,1,0
1789531808988,33044.848,8488.1,1.6504,1,WAIT ZCD,1,0
1789531808997,33031.852,8488.1,1.6504,1,WAIT ZCD,1,0
1789531809008,33031.852,8488.1,1.6504,1,WAIT ZCD,1,0
1789531809017,33031.852,8488.1,1.6504,1,WAIT ZCD,1,0
1789531809028,33018.867,8488.1,1.6504,1,WAIT ZCD,1,0
1789531809037,33031.852,8488.1,1.6504,1,WAIT ZCD,1,0
1789531809047,33018.867,8488.1,1.6504,1,WAIT ZCD,1,0
1789531809058,33005.895,8488.1,1.6504,1,WAIT ZCD,1,0
1789531809067,33031.852,8488.1,1.6504,1,WAIT ZCD,1,0
1789531809077,33044.848,8488.1,1.6504,1,WAIT ZCD,1,0
1789531809088,33031.852,8488.1,1.6504,1,WAIT ZCD,1,0
1789531809097,33005.895,8488.1,1.6504,1,WAIT ZCD,1,0
1789531809107,33018.867,8488.1,1.6504,1,WAIT ZCD,1,0
1789531809117,33031.852,8488.1,1.6504,1,WAIT ZCD,1,0
1789531809127,33044.848,8488.1,1.6504,1,WAIT ZCD,1,0
1789531809137,33018.867,8488.1,1.6504,1,WAIT ZCD,1,0
1789531809147,33044.848,8488.1,1.6504,1,WAIT ZCD,1,0
1789531809157,33018.867,8488.1,1.6504,1,WAIT ZCD,1,0
1789531809167,33044.848,8488.1,1.6504,1,WAIT ZCD,1,0
1789531809177,33031.852,8488.1,1.6504,1,WAIT ZCD,1,0
1789531809188,33031.852,8488.1,1.6504,1,WAIT ZCD,1,0
1789531809197,33044.848,8488.1,1.6504,1,WAIT ZCD,1,0
1789531809208,32838.156,8178.6,1.6029,2,TRACK,0,0
1789531809217,32146.957,7154.8,1.4546,2,TRACK,0,0
1789531809227,31602.709,738.1,1.4095,2,TRACK,0,0
1789531809237,31578.947,476.2,1.3966,2,TRACK,0,0
1789531809247,31578.947,131.0,1.3917,2,TRACK,0,0
1789531809257,31543.373,83.3,1.3901,2,TRACK,0,0
1789531809267,31567.080,-11.9,1.3893,3,LOCK,0,1
1789531809277,31555.221,59.5,1.3893,3,LOCK,0,1
1789531809287,31567.080,0.0,1.3885,3,LOCK,0,1
1789531809297,31567.080,59.5,1.3877,3,LOCK,0,1
1789531809307,31567.080,-11.9,1.3885,3,LOCK,0,1
1789531809317,31578.947,35.7,1.3877,3,LOCK,0,1
1789531809327,31590.824,-23.8,1.3877,3,LOCK,0,1
1789531809337,31555.221,23.8,1.3877,3,LOCK,0,1
1789531809347,31555.221,11.9,1.3877,3,LOCK,0,1
1789531809357,31531.531,-35.7,1.3877,3,LOCK,0,1
1789531809368,31567.080,-47.6,1.3885,3,LOCK,0,1
1789531809377,31567.080,0.0,1.3885,3,LOCK,0,1
1789531809388,31567.080,35.7,1.3877,3,LOCK,0,1
1789531809397,31578.947,0.0,1.3877,3,LOCK,0,1
1789531809407,31567.080,23.8,1.3885,3,LOCK,0,1
1789531809417,31543.373,11.9,1.3877,3,LOCK,0,1
1789531809428,31578.947,0.0,1.3877,3,LOCK,0,1
1789531809437,31567.080,95.2,1.3877,2,TRACK,0,0
1789531809447,31590.824,59.5,1.3869,3,LOCK,0,1
1789531809457,31555.221,-11.9,1.3869,3,LOCK,0,1
1789531809467,31555.221,35.7,1.3877,3,LOCK,0,1
1789531809477,31543.373,-23.8,1.3869,3,LOCK,0,1
1789531809488,31567.080,-35.7,1.3869,3,LOCK,0,1
1789531809497,31543.373,-35.7,1.3877,3,LOCK,0,1
1789531809508,31578.947,23.8,1.3877,3,LOCK,0,1
1789531809517,31590.824,23.8,1.3877,3,LOCK,0,1
1789531809527,31590.824,11.9,1.3885,3,LOCK,0,1
1789531809539,31578.947,11.9,1.3877,3,LOCK,0,1
1789531809548,31578.947,11.9,1.3877,3,LOCK,0,1
1789531809558,31578.947,-23.8,1.3877,3,LOCK,0,1
1789531809568,31578.947,11.9,1.3877,3,LOCK,0,1
1789531809579,31543.373,35.7,1.3877,3,LOCK,0,1
1789531809588,31590.824,47.6,1.3869,3,LOCK,0,1
1789531809598,31555.221,-47.6,1.3869,3,LOCK,0,1
1789531809608,31590.824,35.7,1.3877,3,LOCK,0,1
1789531809618,31543.373,11.9,1.3869,3,LOCK,0,1
1789531809628,31578.947,11.9,1.3877,3,LOCK,0,1
1789531809638,31555.221,0.0,1.3869,3,LOCK,0,1
1789531809648,31531.531,-11.9,1.3869,3,LOCK,0,1
1789531809658,32012.195,8178.6,1.6504,1,WAIT ZCD,1,0
1789531809668,33031.852,8178.6,1.6504,1,WAIT ZCD,1,0
1789531809678,33044.848,8178.6,1.6504,1,WAIT ZCD,1,0
1789531809688,33031.852,8178.6,1.6504,1,WAIT ZCD,1,0
1789531809698,33044.848,8178.6,1.6504,1,WAIT ZCD,1,0
1789531809708,33031.852,8178.6,1.6504,1,WAIT ZCD,1,0
1789531809718,33018.867,8178.6,1.6504,1,WAIT ZCD,1,0
1789531809728,33018.867,8178.6,1.6504,1,WAIT ZCD,1,0
1789531809738,33031.852,8178.6,1.6504,1,WAIT ZCD,1,0
1789531809748,33044.848,8178.6,1.6504,1,WAIT ZCD,1,0
1789531809758,33031.852,8178.6,1.6504,1,WAIT ZCD,1,0
1789531809768,33044.848,8178.6,1.6504,1,WAIT ZCD,1,0
1789531809778,33018.867,8178.6,1.6504,1,WAIT ZCD,1,0
1789531809788,33044.848,8178.6,1.6504,1,WAIT ZCD,1,0
1789531809798,33031.852,8178.6,1.6504,1,WAIT ZCD,1,0
1789531809808,33031.852,8178.6,1.6504,1,WAIT ZCD,1,0
1789531809818,33044.848,8178.6,1.6504,1,WAIT ZCD,1,0
1789531809828,33031.852,8178.6,1.6504,1,WAIT ZCD,1,0
1789531809838,33018.867,8178.6,1.6504,1,WAIT ZCD,1,0
1789531809848,33031.852,8178.6,1.6504,1,WAIT ZCD,1,0
1789531809858,33031.852,8178.6,1.6504,1,WAIT ZCD,1,0
1789531809868,33031.852,8178.6,1.6504,1,WAIT ZCD,1,0
1789531809878,33018.867,8178.6,1.6504,1,WAIT ZCD,1,0
1789531809888,33044.848,8178.6,1.6504,1,WAIT ZCD,1,0
1789531809898,33031.852,8178.6,1.6504,1,WAIT ZCD,1,0
1789531809908,33018.867,8178.6,1.6504,1,WAIT ZCD,1,0
1789531809918,33018.867,8178.6,1.6504,1,WAIT ZCD,1,0
1789531809928,33018.867,8178.6,1.6504,1,WAIT ZCD,1,0
1789531809938,33044.848,8178.6,1.6504,1,WAIT ZCD,1,0
1789531809948,33005.895,8178.6,1.6504,1,WAIT ZCD,1,0
1789531809958,33018.867,8178.6,1.6504,1,WAIT ZCD,1,0
1789531809968,33018.867,8178.6,1.6504,1,WAIT ZCD,1,0
1789531809978,33031.852,8178.6,1.6504,1,WAIT ZCD,1,0
1789531809988,33018.867,8178.6,1.6504,1,WAIT ZCD,1,0
1789531809998,33031.852,8178.6,1.6504,1,WAIT ZCD,1,0
1789531810008,33018.867,8178.6,1.6504,1,WAIT ZCD,1,0
1789531810018,33005.895,8178.6,1.6504,1,WAIT ZCD,1,0
1789531810028,33031.852,8178.6,1.6504,1,WAIT ZCD,1,0
1789531810038,33018.867,8178.6,1.6504,1,WAIT ZCD,1,0
1789531810048,33031.852,8178.6,1.6504,1,WAIT ZCD,1,0
1789531810058,33031.852,8178.6,1.6504,1,WAIT ZCD,1,0
1789531810068,33031.852,8178.6,1.6504,1,WAIT ZCD,1,0
1789531810078,33005.895,8178.6,1.6504,1,WAIT ZCD,1,0
1789531810088,33031.852,8178.6,1.6504,1,WAIT ZCD,1,0
1789531810098,33018.867,8178.6,1.6504,1,WAIT ZCD,1,0
1789531810108,33031.852,8178.6,1.6504,1,WAIT ZCD,1,0
1789531810118,33057.852,8178.6,1.6504,1,WAIT ZCD,1,0
1789531810128,33018.867,8178.6,1.6504,1,WAIT ZCD,1,0
1789531810138,33018.867,8178.6,1.6504,1,WAIT ZCD,1,0
1789531810148,32992.930,8178.6,1.6504,1,WAIT ZCD,1,0
1789531810158,33031.852,8178.6,1.6504,1,WAIT ZCD,1,0
1789531810168,32992.930,8178.6,1.6504,1,WAIT ZCD,1,0
1789531810178,33031.852,8178.6,1.6504,1,WAIT ZCD,1,0
1789531810188,33044.848,8178.6,1.6504,1,WAIT ZCD,1,0
1789531810198,33005.895,8178.6,1.6504,1,WAIT ZCD,1,0
1789531810208,33018.867,8178.6,1.6504,1,WAIT ZCD,1,0
1789531810218,33018.867,8178.6,1.6504,1,WAIT ZCD,1,0
1789531810228,33031.852,8178.6,1.6504,1,WAIT ZCD,1,0
1789531810238,33005.895,8178.6,1.6504,1,WAIT ZCD,1,0
1789531810248,33031.852,8178.6,1.6504,1,WAIT ZCD,1,0
1789531810258,33018.867,8178.6,1.6504,1,WAIT ZCD,1,0
1789531810268,33018.867,8178.6,1.6504,1,WAIT ZCD,1,0
1789531810278,33005.895,8178.6,1.6504,1,WAIT ZCD,1,0
1789531810288,33018.867,8178.6,1.6504,1,WAIT ZCD,1,0
1789531810298,33018.867,8178.6,1.6504,1,WAIT ZCD,1,0
1789531810308,33018.867,8178.6,1.6504,1,WAIT ZCD,1,0
1789531810318,33031.852,8178.6,1.6504,1,WAIT ZCD,1,0
1789531810328,32992.930,8178.6,1.6504,1,WAIT ZCD,1,0
1789531810338,33031.852,8178.6,1.6504,1,WAIT ZCD,1,0
1789531810348,33005.895,8178.6,1.6504,1,WAIT ZCD,1,0
1789531810358,33018.867,8178.6,1.6504,1,WAIT ZCD,1,0
1789531810368,33018.867,8178.6,1.6504,1,WAIT ZCD,1,0
1789531810378,33018.867,8178.6,1.6504,1,WAIT ZCD,1,0
1789531810388,33005.895,8178.6,1.6504,1,WAIT ZCD,1,0
1789531810398,33044.848,8178.6,1.6504,1,WAIT ZCD,1,0
1789531810408,33005.895,8178.6,1.6504,1,WAIT ZCD,1,0
1789531810418,33005.895,8178.6,1.6504,1,WAIT ZCD,1,0
1789531810428,33031.852,8178.6,1.6504,1,WAIT ZCD,1,0
1789531810438,33031.852,8178.6,1.6504,1,WAIT ZCD,1,0
1789531810448,33044.848,8178.6,1.6504,1,WAIT ZCD,1,0
1789531810458,33018.867,8178.6,1.6504,1,WAIT ZCD,1,0
1789531810468,33031.852,8178.6,1.6504,1,WAIT ZCD,1,0
1789531810478,33005.895,8178.6,1.6504,1,WAIT ZCD,1,0
1789531810488,33031.852,8178.6,1.6504,1,WAIT ZCD,1,0
1789531810498,33018.867,8178.6,1.6504,1,WAIT ZCD,1,0
1789531810508,33018.867,8178.6,1.6504,1,WAIT ZCD,1,0
1789531810518,33031.852,8178.6,1.6504,1,WAIT ZCD,1,0
1789531810528,33018.867,8178.6,1.6504,1,WAIT ZCD,1,0
1789531810538,33018.867,8178.6,1.6504,1,WAIT ZCD,1,0
1789531810548,33031.852,8178.6,1.6504,1,WAIT ZCD,1,0
1789531810558,33031.852,8178.6,1.6504,1,WAIT ZCD,1,0
1789531810568,33031.852,8178.6,1.6504,1,WAIT ZCD,1,0
1789531810578,33031.852,8178.6,1.6504,1,WAIT ZCD,1,0
1789531810588,33018.867,8178.6,1.6504,1,WAIT ZCD,1,0
1789531810598,33005.895,8178.6,1.6504,1,WAIT ZCD,1,0
1789531810608,33018.867,8178.6,1.6504,1,WAIT ZCD,1,0
1789531810618,33031.852,8178.6,1.6504,1,WAIT ZCD,1,0
1789531810628,33018.867,8178.6,1.6504,1,WAIT ZCD,1,0
1789531810638,33031.852,8178.6,1.6504,1,WAIT ZCD,1,0
1789531810648,33031.852,8178.6,1.6504,1,WAIT ZCD,1,0
1789531810658,32838.156,11333.3,1.5940,2,TRACK,0,0
1789531810668,32097.822,7083.3,1.4360,2,TRACK,0,0
1789531810678,31590.824,666.7,1.4046,2,TRACK,0,0
1789531810688,31578.947,273.8,1.3966,2,TRACK,0,0
1789531810698,31590.824,178.6,1.3925,2,TRACK,0,0
1789531810708,31555.221,95.2,1.3901,2,TRACK,0,0
1789531810718,31555.221,71.4,1.3885,2,TRACK,0,0
1789531810728,31519.699,11.9,1.3877,3,LOCK,0,1
1789531810738,31555.221,11.9,1.3869,3,LOCK,0,1
1789531810748,31531.531,-35.7,1.3861,3,LOCK,0,1
1789531810758,31567.080,35.7,1.3861,3,LOCK,0,1
1789531810769,31531.531,11.9,1.3861,3,LOCK,0,1
1789531810778,31567.080,-11.9,1.3869,3,LOCK,0,1
1789531810788,31578.947,59.5,1.3861,3,LOCK,0,1
1789531810798,31543.373,-59.5,1.3869,3,LOCK,0,1
1789531810808,31543.373,-11.9,1.3861,3,LOCK,0,1
1789531810818,31578.947,23.8,1.3869,3,LOCK,0,1
1789531810828,31590.824,23.8,1.3869,3,LOCK,0,1
1789531810838,31555.221,-11.9,1.3869,3,LOCK,0,1
1789531810848,31555.221,-11.9,1.3861,3,LOCK,0,1
1789531810858,31567.080,59.5,1.3861,3,LOCK,0,1
1789531810868,31590.824,-11.9,1.3861,3,LOCK,0,1
1789531810878,31531.531,-47.6,1.3861,3,LOCK,0,1
1789531810888,31567.080,11.9,1.3869,3,LOCK,0,1
1789531810898,31555.221,-35.7,1.3869,3,LOCK,0,1
1789531810908,31531.531,-23.8,1.3869,3,LOCK,0,1
1789531810918,31555.221,35.7,1.3861,3,LOCK,0,1
1789531810928,31555.221,35.7,1.3861,3,LOCK,0,1
1789531810938,31531.531,-23.8,1.3861,3,LOCK,0,1
1789531810948,31543.373,-35.7,1.3861,3,LOCK,0,1
1789531810958,31555.221,-23.8,1.3869,3,LOCK,0,1
1789531810968,31519.699,0.0,1.3861,3,LOCK,0,1
1789531810978,31543.373,-47.6,1.3869,3,LOCK,0,1
1789531810990,31578.947,47.6,1.3861,3,LOCK,0,1
1789531810999,31567.080,47.6,1.3861,3,LOCK,0,1
1789531811009,31590.824,11.9,1.3861,3,LOCK,0,1
1789531811019,31531.531,-11.9,1.3861,3,LOCK,0,1
1789531811029,31555.221,-47.6,1.3861,3,LOCK,0,1
1789531811039,31519.699,-11.9,1.3861,3,LOCK,0,1
1789531811049,31555.221,11.9,1.3861,3,LOCK,0,1
1789531811059,31531.531,47.6,1.3853,3,LOCK,0,1
1789531811069,31531.531,-47.6,1.3861,3,LOCK,0,1
1789531811079,31531.531,-71.4,1.3861,2,TRACK,0,0
1789531811089,31531.531,-23.8,1.3861,3,LOCK,0,1
1789531811099,31567.080,35.7,1.3869,3,LOCK,0,1
1789531811109,33005.895,11333.3,1.6504,1,WAIT ZCD,1,0
1789531811119,33031.852,11333.3,1.6504,1,WAIT ZCD,1,0
1789531811129,32992.930,11333.3,1.6504,1,WAIT ZCD,1,0
1789531811139,33031.852,11333.3,1.6504,1,WAIT ZCD,1,0
1789531811149,33018.867,11333.3,1.6504,1,WAIT ZCD,1,0
1789531811159,33018.867,11333.3,1.6504,1,WAIT ZCD,1,0
1789531811169,33018.867,11333.3,1.6504,1,WAIT ZCD,1,0
1789531811179,33031.852,11333.3,1.6504,1,WAIT ZCD,1,0
1789531811189,33031.852,11333.3,1.6504,1,WAIT ZCD,1,0
1789531811199,33031.852,11333.3,1.6504,1,WAIT ZCD,1,0
1789531811209,33044.848,11333.3,1.6504,1,WAIT ZCD,1,0
1789531811219,33031.852,11333.3,1.6504,1,WAIT ZCD,1,0
1789531811229,33031.852,11333.3,1.6504,1,WAIT ZCD,1,0
1789531811239,33031.852,11333.3,1.6504,1,WAIT ZCD,1,0
1789531811249,33031.852,11333.3,1.6504,1,WAIT ZCD,1,0
1789531811259,33005.895,11333.3,1.6504,1,WAIT ZCD,1,0
1789531811269,33031.852,11333.3,1.6504,1,WAIT ZCD,1,0
1789531811279,33044.848,11333.3,1.6504,1,WAIT ZCD,1,0
1789531811289,33005.895,11333.3,1.6504,1,WAIT ZCD,1,0
1789531811299,33018.867,11333.3,1.6504,1,WAIT ZCD,1,0
1789531811309,33031.852,11333.3,1.6504,1,WAIT ZCD,1,0
1789531811319,33018.867,11333.3,1.6504,1,WAIT ZCD,1,0
1789531811329,33018.867,11333.3,1.6504,1,WAIT ZCD,1,0
1789531811339,33031.852,11333.3,1.6504,1,WAIT ZCD,1,0
1789531811349,33031.852,11333.3,1.6504,1,WAIT ZCD,1,0
1789531811359,33031.852,11333.3,1.6504,1,WAIT ZCD,1,0
1789531811369,33018.867,11333.3,1.6504,1,WAIT ZCD,1,0
1789531811379,33044.848,11333.3,1.6504,1,WAIT ZCD,1,0
1789531811389,33044.848,11333.3,1.6504,1,WAIT ZCD,1,0
1789531811399,33031.852,11333.3,1.6504,1,WAIT ZCD,1,0
1789531811409,33031.852,11333.3,1.6504,1,WAIT ZCD,1,0
1789531811419,33031.852,11333.3,1.6504,1,WAIT ZCD,1,0
1789531811429,33005.895,11333.3,1.6504,1,WAIT ZCD,1,0
1789531811439,33057.852,11333.3,1.6504,1,WAIT ZCD,1,0
1789531811449,33031.852,11333.3,1.6504,1,WAIT ZCD,1,0
1789531811459,33018.867,11333.3,1.6504,1,WAIT ZCD,1,0
1789531811469,33018.867,11333.3,1.6504,1,WAIT ZCD,1,0
1789531811479,33031.852,11333.3,1.6504,1,WAIT ZCD,1,0
1789531811489,33018.867,11333.3,1.6504,1,WAIT ZCD,1,0
1789531811499,33018.867,11333.3,1.6504,1,WAIT ZCD,1,0
1789531811509,33031.852,11333.3,1.6504,1,WAIT ZCD,1,0
1789531811519,33031.852,11333.3,1.6504,1,WAIT ZCD,1,0
1789531811529,33018.867,11333.3,1.6504,1,WAIT ZCD,1,0
1789531811539,33031.852,11333.3,1.6504,1,WAIT ZCD,1,0
1789531811549,33018.867,11333.3,1.6504,1,WAIT ZCD,1,0
1789531811559,33031.852,11333.3,1.6504,1,WAIT ZCD,1,0
1789531811569,33018.867,11333.3,1.6504,1,WAIT ZCD,1,0
1789531811579,33044.848,11333.3,1.6504,1,WAIT ZCD,1,0
1789531811589,33057.852,11333.3,1.6504,1,WAIT ZCD,1,0
1789531811599,33031.852,11333.3,1.6504,1,WAIT ZCD,1,0
1789531811609,33070.867,11333.3,1.6504,1,WAIT ZCD,1,0
1789531811619,33018.867,11333.3,1.6504,1,WAIT ZCD,1,0
1789531811629,33057.852,11333.3,1.6504,1,WAIT ZCD,1,0
1789531811639,33031.852,11333.3,1.6504,1,WAIT ZCD,1,0
1789531811649,33044.848,11333.3,1.6504,1,WAIT ZCD,1,0
1789531811659,33031.852,11333.3,1.6504,1,WAIT ZCD,1,0
1789531811669,33018.867,11333.3,1.6504,1,WAIT ZCD,1,0
1789531811679,33044.848,11333.3,1.6504,1,WAIT ZCD,1,0
1789531811689,33018.867,11333.3,1.6504,1,WAIT ZCD,1,0
1789531811699,33031.852,11333.3,1.6504,1,WAIT ZCD,1,0
1789531811709,33018.867,11333.3,1.6504,1,WAIT ZCD,1,0
1789531811719,33044.848,11333.3,1.6504,1,WAIT ZCD,1,0
1789531811729,33018.867,11333.3,1.6504,1,WAIT ZCD,1,0
1789531811739,33044.848,11333.3,1.6504,1,WAIT ZCD,1,0
1789531811749,33031.852,11333.3,1.6504,1,WAIT ZCD,1,0
1789531811759,33044.848,11333.3,1.6504,1,WAIT ZCD,1,0
1789531811769,33018.867,11333.3,1.6504,1,WAIT ZCD,1,0
1789531811779,33044.848,11333.3,1.6504,1,WAIT ZCD,1,0
1789531811789,33018.867,11333.3,1.6504,1,WAIT ZCD,1,0
1789531811799,33031.852,11333.3,1.6504,1,WAIT ZCD,1,0
1789531811809,33044.848,11333.3,1.6504,1,WAIT ZCD,1,0
1789531811819,33044.848,11333.3,1.6504,1,WAIT ZCD,1,0
1789531811829,33031.852,11333.3,1.6504,1,WAIT ZCD,1,0
1789531811839,33018.867,11333.3,1.6504,1,WAIT ZCD,1,0
1789531811852,33031.852,11333.3,1.6504,1,WAIT ZCD,1,0
1789531811859,33031.852,11333.3,1.6504,1,WAIT ZCD,1,0
1789531811869,33044.848,11333.3,1.6504,1,WAIT ZCD,1,0
1789531811879,33018.867,11333.3,1.6504,1,WAIT ZCD,1,0
1789531811889,33044.848,11333.3,1.6504,1,WAIT ZCD,1,0
1789531811899,33018.867,11333.3,1.6504,1,WAIT ZCD,1,0
1789531811909,33044.848,11333.3,1.6504,1,WAIT ZCD,1,0
1789531811919,33031.852,11333.3,1.6504,1,WAIT ZCD,1,0
1789531811929,33031.852,11333.3,1.6504,1,WAIT ZCD,1,0
1789531811939,33031.852,11333.3,1.6504,1,WAIT ZCD,1,0
1789531811949,33031.852,11333.3,1.6504,1,WAIT ZCD,1,0
1789531811959,33031.852,11333.3,1.6504,1,WAIT ZCD,1,0
1789531811969,33031.852,11333.3,1.6504,1,WAIT ZCD,1,0
1789531811979,33031.852,11333.3,1.6504,1,WAIT ZCD,1,0
1789531811989,33031.852,11333.3,1.6504,1,WAIT ZCD,1,0
1789531811999,33044.848,11333.3,1.6504,1,WAIT ZCD,1,0
1789531812009,33018.867,11333.3,1.6504,1,WAIT ZCD,1,0
1789531812019,33057.852,11333.3,1.6504,1,WAIT ZCD,1,0
1789531812029,33005.895,11333.3,1.6504,1,WAIT ZCD,1,0
1789531812039,33031.852,11333.3,1.6504,1,WAIT ZCD,1,0
1789531812049,33031.852,11333.3,1.6504,1,WAIT ZCD,1,0
1789531812059,33018.867,11333.3,1.6504,1,WAIT ZCD,1,0
1789531812069,33031.852,11333.3,1.6504,1,WAIT ZCD,1,0
1789531812079,33031.852,11333.3,1.6504,1,WAIT ZCD,1,0
1789531812089,33031.852,11333.3,1.6504,1,WAIT ZCD,1,0
1789531812099,33031.852,11333.3,1.6504,1,WAIT ZCD,1,0
1789531812109,32928.262,3845.2,1.6351,2,TRACK,0,0
1789531812119,32258.064,7785.7,1.4642,2,TRACK,0,0
1789531812129,31590.824,761.9,1.4054,2,TRACK,0,0
1789531812139,31567.080,452.4,1.3941,2,TRACK,0,0
1789531812149,31555.221,202.4,1.3877,2,TRACK,0,0
1789531812159,31567.080,59.5,1.3853,3,LOCK,0,1
1789531812169,31543.373,-35.7,1.3845,3,LOCK,0,1
1789531812180,31555.221,35.7,1.3853,3,LOCK,0,1
1789531812189,31555.221,-47.6,1.3853,3,LOCK,0,1
1789531812199,31578.947,47.6,1.3861,3,LOCK,0,1
1789531812209,31555.221,-23.8,1.3853,3,LOCK,0,1
1789531812221,31567.080,23.8,1.3861,3,LOCK,0,1
1789531812230,31555.221,95.2,1.3853,2,TRACK,0,0
1789531812240,31543.373,-47.6,1.3853,3,LOCK,0,1
1789531812250,31543.373,35.7,1.3845,3,LOCK,0,1
1789531812260,31555.221,-23.8,1.3845,3,LOCK,0,1
1789531812270,31555.221,-35.7,1.3845,3,LOCK,0,1
1789531812280,31567.080,-35.7,1.3845,3,LOCK,0,1
1789531812290,31578.947,0.0,1.3845,3,LOCK,0,1
1789531812300,31567.080,11.9,1.3853,3,LOCK,0,1
1789531812310,31543.373,-35.7,1.3853,3,LOCK,0,1
1789531812320,31567.080,47.6,1.3845,3,LOCK,0,1
1789531812333,31543.373,11.9,1.3853,3,LOCK,0,1
1789531812344,31567.080,0.0,1.3853,3,LOCK,0,1
1789531812353,31555.221,-11.9,1.3853,3,LOCK,0,1
1789531812363,31555.221,35.7,1.3853,3,LOCK,0,1
1789531812373,31555.221,-47.6,1.3853,3,LOCK,0,1
1789531812383,31602.709,35.7,1.3853,3,LOCK,0,1
1789531812393,31519.699,-59.5,1.3853,3,LOCK,0,1
1789531812403,31543.373,0.0,1.3845,3,LOCK,0,1
1789531812413,31578.947,23.8,1.3853,3,LOCK,0,1
1789531812423,31578.947,47.6,1.3853,3,LOCK,0,1
1789531812433,31578.947,-35.7,1.3853,3,LOCK,0,1
1789531812443,31531.531,-47.6,1.3853,3,LOCK,0,1
1789531812453,31543.373,-23.8,1.3853,3,LOCK,0,1
1789531812463,31555.221,59.5,1.3845,3,LOCK,0,1
1789531812473,31531.531,0.0,1.3845,3,LOCK,0,1
1789531812483,31543.373,-59.5,1.3845,3,LOCK,0,1
1789531812495,31531.531,23.8,1.3845,3,LOCK,0,1
1789531812504,31543.373,0.0,1.3853,3,LOCK,0,1
1789531812514,31555.221,-23.8,1.3845,3,LOCK,0,1
1789531812524,31519.699,0.0,1.3845,3,LOCK,0,1
1789531812534,31555.221,35.7,1.3829,3,LOCK,0,1
1789531812544,31567.080,-23.8,1.3837,3,LOCK,0,1
1789531812554,31555.221,35.7,1.3845,3,LOCK,0,1
1789531812564,33031.852,3845.2,1.6504,1,WAIT ZCD,1,0
1789531812574,33057.852,3845.2,1.6504,1,WAIT ZCD,1,0
1789531812584,33031.852,3845.2,1.6504,1,WAIT ZCD,1,0
1789531812594,33005.895,3845.2,1.6504,1,WAIT ZCD,1,0
1789531812604,33018.867,3845.2,1.6504,1,WAIT ZCD,1,0
1789531812614,33018.867,3845.2,1.6504,1,WAIT ZCD,1,0
1789531812624,33044.848,3845.2,1.6504,1,WAIT ZCD,1,0
1789531812634,33005.895,3845.2,1.6504,1,WAIT ZCD,1,0
1789531812644,33031.852,3845.2,1.6504,1,WAIT ZCD,1,0
1789531812654,33057.852,3845.2,1.6504,1,WAIT ZCD,1,0
1789531812664,33044.848,3845.2,1.6504,1,WAIT ZCD,1,0
1789531812674,33031.852,3845.2,1.6504,1,WAIT ZCD,1,0
1789531812684,33018.867,3845.2,1.6504,1,WAIT ZCD,1,0
1789531812694,33057.852,3845.2,1.6504,1,WAIT ZCD,1,0
1789531812704,33018.867,3845.2,1.6504,1,WAIT ZCD,1,0
1789531812714,33031.852,3845.2,1.6504,1,WAIT ZCD,1,0
1789531812724,33018.867,3845.2,1.6504,1,WAIT ZCD,1,0
1789531812734,33031.852,3845.2,1.6504,1,WAIT ZCD,1,0
1789531812744,33018.867,3845.2,1.6504,1,WAIT ZCD,1,0
1789531812754,33031.852,3845.2,1.6504,1,WAIT ZCD,1,0
1789531812764,33031.852,3845.2,1.6504,1,WAIT ZCD,1,0
1789531812774,33031.852,3845.2,1.6504,1,WAIT ZCD,1,0
1789531812784,33031.852,3845.2,1.6504,1,WAIT ZCD,1,0
1789531812794,33018.867,3845.2,1.6504,1,WAIT ZCD,1,0
1789531812804,33031.852,3845.2,1.6504,1,WAIT ZCD,1,0
1789531812814,33031.852,3845.2,1.6504,1,WAIT ZCD,1,0
1789531812824,33031.852,3845.2,1.6504,1,WAIT ZCD,1,0
1789531812834,33005.895,3845.2,1.6504,1,WAIT ZCD,1,0
1789531812844,33031.852,3845.2,1.6504,1,WAIT ZCD,1,0
1789531812854,33044.848,3845.2,1.6504,1,WAIT ZCD,1,0
1789531812864,33018.867,3845.2,1.6504,1,WAIT ZCD,1,0
1789531812874,33031.852,3845.2,1.6504,1,WAIT ZCD,1,0
1789531812884,33005.895,3845.2,1.6504,1,WAIT ZCD,1,0
1789531812894,33031.852,3845.2,1.6504,1,WAIT ZCD,1,0
1789531812904,33031.852,3845.2,1.6504,1,WAIT ZCD,1,0
1789531812914,33044.848,3845.2,1.6504,1,WAIT ZCD,1,0
1789531812924,33031.852,3845.2,1.6504,1,WAIT ZCD,1,0
1789531812934,33031.852,3845.2,1.6504,1,WAIT ZCD,1,0
1789531812944,33044.848,3845.2,1.6504,1,WAIT ZCD,1,0
1789531812954,33031.852,3845.2,1.6504,1,WAIT ZCD,1,0
1789531812964,33031.852,3845.2,1.6504,1,WAIT ZCD,1,0
1789531812974,33031.852,3845.2,1.6504,1,WAIT ZCD,1,0
1789531812984,33057.852,3845.2,1.6504,1,WAIT ZCD,1,0
1789531812994,33018.867,3845.2,1.6504,1,WAIT ZCD,1,0
1789531813004,33044.848,3845.2,1.6504,1,WAIT ZCD,1,0
1789531813014,33018.867,3845.2,1.6504,1,WAIT ZCD,1,0
1789531813024,33005.895,3845.2,1.6504,1,WAIT ZCD,1,0
1789531813034,33044.848,3845.2,1.6504,1,WAIT ZCD,1,0
1789531813044,33005.895,3845.2,1.6504,1,WAIT ZCD,1,0
1789531813054,33031.852,3845.2,1.6504,1,WAIT ZCD,1,0
1789531813064,33018.867,3845.2,1.6504,1,WAIT ZCD,1,0
1789531813074,33044.848,3845.2,1.6504,1,WAIT ZCD,1,0
1789531813084,33031.852,3845.2,1.6504,1,WAIT ZCD,1,0
1789531813094,33018.867,3845.2,1.6504,1,WAIT ZCD,1,0
1789531813104,33031.852,3845.2,1.6504,1,WAIT ZCD,1,0
1789531813114,33031.852,3845.2,1.6504,1,WAIT ZCD,1,0
1789531813124,33031.852,3845.2,1.6504,1,WAIT ZCD,1,0
1789531813134,33031.852,3845.2,1.6504,1,WAIT ZCD,1,0
1789531813144,33044.848,3845.2,1.6504,1,WAIT ZCD,1,0
1789531813154,33044.848,3845.2,1.6504,1,WAIT ZCD,1,0
1789531813164,33018.867,3845.2,1.6504,1,WAIT ZCD,1,0
1789531813174,33057.852,3845.2,1.6504,1,WAIT ZCD,1,0
1789531813184,33018.867,3845.2,1.6504,1,WAIT ZCD,1,0
1789531813194,33031.852,3845.2,1.6504,1,WAIT ZCD,1,0
1789531813204,33044.848,3845.2,1.6504,1,WAIT ZCD,1,0
1789531813214,33031.852,3845.2,1.6504,1,WAIT ZCD,1,0
1789531813224,33018.867,3845.2,1.6504,1,WAIT ZCD,1,0
1789531813234,33044.848,3845.2,1.6504,1,WAIT ZCD,1,0
1789531813244,33031.852,3845.2,1.6504,1,WAIT ZCD,1,0
1789531813254,33044.848,3845.2,1.6504,1,WAIT ZCD,1,0
1789531813264,33031.852,3845.2,1.6504,1,WAIT ZCD,1,0
1789531813274,33018.867,3845.2,1.6504,1,WAIT ZCD,1,0
1789531813284,33031.852,3845.2,1.6504,1,WAIT ZCD,1,0
1789531813294,33044.848,3845.2,1.6504,1,WAIT ZCD,1,0
1789531813304,33031.852,3845.2,1.6504,1,WAIT ZCD,1,0
1789531813314,33044.848,3845.2,1.6504,1,WAIT ZCD,1,0
1789531813324,33044.848,3845.2,1.6504,1,WAIT ZCD,1,0
1789531813334,33005.895,3845.2,1.6504,1,WAIT ZCD,1,0
1789531813344,33031.852,3845.2,1.6504,1,WAIT ZCD,1,0
1789531813354,33044.848,3845.2,1.6504,1,WAIT ZCD,1,0
1789531813364,33018.867,3845.2,1.6504,1,WAIT ZCD,1,0
1789531813374,33031.852,3845.2,1.6504,1,WAIT ZCD,1,0
1789531813384,33018.867,3845.2,1.6504,1,WAIT ZCD,1,0
1789531813394,33044.848,3845.2,1.6504,1,WAIT ZCD,1,0
1789531813404,33018.867,3845.2,1.6504,1,WAIT ZCD,1,0
1789531813414,33031.852,3845.2,1.6504,1,WAIT ZCD,1,0
1789531813424,33031.852,3845.2,1.6504,1,WAIT ZCD,1,0
1789531813434,33005.895,3845.2,1.6504,1,WAIT ZCD,1,0
1789531813444,33031.852,3845.2,1.6504,1,WAIT ZCD,1,0
1789531813454,33031.852,3845.2,1.6504,1,WAIT ZCD,1,0
1789531813464,33044.848,3845.2,1.6504,1,WAIT ZCD,1,0
1789531813474,33018.867,3845.2,1.6504,1,WAIT ZCD,1,0
1789531813484,33031.852,3845.2,1.6504,1,WAIT ZCD,1,0
1789531813494,33044.848,3845.2,1.6504,1,WAIT ZCD,1,0
1789531813504,33031.852,3845.2,1.6504,1,WAIT ZCD,1,0
1789531813514,33018.867,3845.2,1.6504,1,WAIT ZCD,1,0
1789531813524,33005.895,3845.2,1.6504,1,WAIT ZCD,1,0
1789531813534,33044.848,3845.2,1.6504,1,WAIT ZCD,1,0
1789531813544,33018.867,3845.2,1.6504,1,WAIT ZCD,1,0
1789531813554,33031.852,3845.2,1.6504,1,WAIT ZCD,1,0
1789531813564,32507.740,8678.6,1.5303,2,TRACK,0,0
1789531813574,31638.418,2642.9,1.4086,2,TRACK,0,0
1789531813584,31602.709,500.0,1.3990,2,TRACK,0,0
1789531813594,31567.080,261.9,1.3917,2,TRACK,0,0
1789531813604,31555.221,119.0,1.3877,2,TRACK,0,0
1789531813614,31555.221,59.5,1.3861,3,LOCK,0,1
1789531813624,31555.221,11.9,1.3853,3,LOCK,0,1
1789531813634,31543.373,11.9,1.3853,3,LOCK,0,1
1789531813644,31543.373,35.7,1.3853,3,LOCK,0,1
1789531813654,31555.221,-23.8,1.3853,3,LOCK,0,1
1789531813666,31567.080,23.8,1.3853,3,LOCK,0,1
1789531813676,31567.080,-35.7,1.3853,3,LOCK,0,1
1789531813686,31543.373,-47.6,1.3845,3,LOCK,0,1
1789531813696,31543.373,-35.7,1.3845,3,LOCK,0,1
1789531813706,31567.080,0.0,1.3853,3,LOCK,0,1
1789531813716,31567.080,35.7,1.3853,3,LOCK,0,1
1789531813726,31543.373,0.0,1.3853,3,LOCK,0,1
1789531813736,31567.080,11.9,1.3853,3,LOCK,0,1
1789531813746,31531.531,-23.8,1.3853,3,LOCK,0,1
1789531813756,31543.373,-47.6,1.3853,3,LOCK,0,1
1789531813766,31543.373,0.0,1.3845,3,LOCK,0,1
1789531813776,31531.531,-59.5,1.3853,3,LOCK,0,1
1789531813786,31567.080,-23.8,1.3845,3,LOCK,0,1
1789531813796,31531.531,11.9,1.3845,3,LOCK,0,1
1789531813806,31578.947,-23.8,1.3853,3,LOCK,0,1
1789531813816,31543.373,11.9,1.3853,3,LOCK,0,1
1789531813826,31567.080,35.7,1.3845,3,LOCK,0,1
1789531813836,31578.947,-11.9,1.3853,3,LOCK,0,1
1789531813850,31555.221,23.8,1.3845,3,LOCK,0,1
1789531813860,31578.947,71.4,1.3845,2,TRACK,0,0
1789531813870,31567.080,0.0,1.3845,3,LOCK,0,1
1789531813880,31531.531,11.9,1.3845,3,LOCK,0,1
1789531813890,31543.373,-59.5,1.3845,3,LOCK,0,1
1789531813900,31567.080,0.0,1.3845,3,LOCK,0,1
1789531813910,31531.531,-23.8,1.3845,3,LOCK,0,1
1789531813920,31567.080,23.8,1.3845,3,LOCK,0,1
1789531813930,31555.221,-11.9,1.3853,3,LOCK,0,1
1789531813940,31519.699,-47.6,1.3845,3,LOCK,0,1
1789531813950,31567.080,47.6,1.3845,3,LOCK,0,1
1789531813960,31590.824,11.9,1.3853,3,LOCK,0,1
1789531813972,31555.221,35.7,1.3845,3,LOCK,0,1
1789531813981,31578.947,-11.9,1.3845,3,LOCK,0,1
1789531813991,31578.947,11.9,1.3845,3,LOCK,0,1
1789531814001,31543.373,47.6,1.3845,3,LOCK,0,1
1789531814011,33018.867,8678.6,1.6504,1,WAIT ZCD,1,0
1789531814021,33031.852,8678.6,1.6504,1,WAIT ZCD,1,0
1789531814031,33044.848,8678.6,1.6504,1,WAIT ZCD,1,0
1789531814041,33018.867,8678.6,1.6504,1,WAIT ZCD,1,0
1789531814051,33005.895,8678.6,1.6504,1,WAIT ZCD,1,0
1789531814061,33044.848,8678.6,1.6504,1,WAIT ZCD,1,0
1789531814071,33031.852,8678.6,1.6504,1,WAIT ZCD,1,0
1789531814081,33018.867,8678.6,1.6504,1,WAIT ZCD,1,0
1789531814091,33044.848,8678.6,1.6504,1,WAIT ZCD,1,0
1789531814101,33018.867,8678.6,1.6504,1,WAIT ZCD,1,0
1789531814111,33031.852,8678.6,1.6504,1,WAIT ZCD,1,0
1789531814121,33018.867,8678.6,1.6504,1,WAIT ZCD,1,0
1789531814131,33031.852,8678.6,1.6504,1,WAIT ZCD,1,0
1789531814141,33031.852,8678.6,1.6504,1,WAIT ZCD,1,0
1789531814151,33018.867,8678.6,1.6504,1,WAIT ZCD,1,0
1789531814161,33018.867,8678.6,1.6504,1,WAIT ZCD,1,0
1789531814171,33018.867,8678.6,1.6504,1,WAIT ZCD,1,0
1789531814181,33018.867,8678.6,1.6504,1,WAIT ZCD,1,0
1789531814191,33005.895,8678.6,1.6504,1,WAIT ZCD,1,0
1789531814201,33044.848,8678.6,1.6504,1,WAIT ZCD,1,0
1789531814211,33031.852,8678.6,1.6504,1,WAIT ZCD,1,0
1789531814221,33018.867,8678.6,1.6504,1,WAIT ZCD,1,0
1789531814231,33031.852,8678.6,1.6504,1,WAIT ZCD,1,0
1789531814241,33044.848,8678.6,1.6504,1,WAIT ZCD,1,0
1789531814251,33005.895,8678.6,1.6504,1,WAIT ZCD,1,0
1789531814262,33044.848,8678.6,1.6504,1,WAIT ZCD,1,0
1789531814271,33018.867,8678.6,1.6504,1,WAIT ZCD,1,0
1789531814281,33031.852,8678.6,1.6504,1,WAIT ZCD,1,0
1789531814291,33005.895,8678.6,1.6504,1,WAIT ZCD,1,0
1789531814301,33031.852,8678.6,1.6504,1,WAIT ZCD,1,0
1789531814311,33018.867,8678.6,1.6504,1,WAIT ZCD,1,0
1789531814321,33018.867,8678.6,1.6504,1,WAIT ZCD,1,0
1789531814331,33031.852,8678.6,1.6504,1,WAIT ZCD,1,0
1789531814341,33044.848,8678.6,1.6504,1,WAIT ZCD,1,0
1789531814351,33005.895,8678.6,1.6504,1,WAIT ZCD,1,0
1789531814361,33031.852,8678.6,1.6504,1,WAIT ZCD,1,0
1789531814371,33005.895,8678.6,1.6504,1,WAIT ZCD,1,0
1789531814381,33031.852,8678.6,1.6504,1,WAIT ZCD,1,0
1789531814391,33018.867,8678.6,1.6504,1,WAIT ZCD,1,0
1789531814401,33018.867,8678.6,1.6504,1,WAIT ZCD,1,0
1789531814411,33031.852,8678.6,1.6504,1,WAIT ZCD,1,0
1789531814421,33044.848,8678.6,1.6504,1,WAIT ZCD,1,0
1789531814431,33031.852,8678.6,1.6504,1,WAIT ZCD,1,0
1789531814441,33018.867,8678.6,1.6504,1,WAIT ZCD,1,0
1789531814451,33031.852,8678.6,1.6504,1,WAIT ZCD,1,0
1789531814461,33031.852,8678.6,1.6504,1,WAIT ZCD,1,0
1789531814471,33018.867,8678.6,1.6504,1,WAIT ZCD,1,0
1789531814481,33018.867,8678.6,1.6504,1,WAIT ZCD,1,0
1789531814491,33018.867,8678.6,1.6504,1,WAIT ZCD,1,0
1789531814501,33018.867,8678.6,1.6504,1,WAIT ZCD,1,0
1789531814511,32992.930,8678.6,1.6504,1,WAIT ZCD,1,0
1789531814521,33018.867,8678.6,1.6504,1,WAIT ZCD,1,0
1789531814531,33018.867,8678.6,1.6504,1,WAIT ZCD,1,0
1789531814541,33018.867,8678.6,1.6504,1,WAIT ZCD,1,0
1789531814551,33018.867,8678.6,1.6504,1,WAIT ZCD,1,0
1789531814561,33018.867,8678.6,1.6504,1,WAIT ZCD,1,0
1789531814571,33031.852,8678.6,1.6504,1,WAIT ZCD,1,0
1789531814581,33018.867,8678.6,1.6504,1,WAIT ZCD,1,0
1789531814591,33018.867,8678.6,1.6504,1,WAIT ZCD,1,0
1789531814601,33018.867,8678.6,1.6504,1,WAIT ZCD,1,0
1789531814611,33031.852,8678.6,1.6504,1,WAIT ZCD,1,0
1789531814621,33031.852,8678.6,1.6504,1,WAIT ZCD,1,0
1789531814631,33044.848,8678.6,1.6504,1,WAIT ZCD,1,0
1789531814641,33044.848,8678.6,1.6504,1,WAIT ZCD,1,0
1789531814651,33005.895,8678.6,1.6504,1,WAIT ZCD,1,0
1789531814661,33031.852,8678.6,1.6504,1,WAIT ZCD,1,0
1789531814671,33031.852,8678.6,1.6504,1,WAIT ZCD,1,0
1789531814681,33031.852,8678.6,1.6504,1,WAIT ZCD,1,0
1789531814691,33031.852,8678.6,1.6504,1,WAIT ZCD,1,0
1789531814701,33031.852,8678.6,1.6504,1,WAIT ZCD,1,0
1789531814711,33018.867,8678.6,1.6504,1,WAIT ZCD,1,0
1789531814721,33031.852,8678.6,1.6504,1,WAIT ZCD,1,0
1789531814731,33018.867,8678.6,1.6504,1,WAIT ZCD,1,0
1789531814741,33018.867,8678.6,1.6504,1,WAIT ZCD,1,0
1789531814751,33031.852,8678.6,1.6504,1,WAIT ZCD,1,0
1789531814761,33031.852,8678.6,1.6504,1,WAIT ZCD,1,0
1789531814771,33005.895,8678.6,1.6504,1,WAIT ZCD,1,0
1789531814781,33044.848,8678.6,1.6504,1,WAIT ZCD,1,0
1789531814791,33005.895,8678.6,1.6504,1,WAIT ZCD,1,0
1789531814801,33018.867,8678.6,1.6504,1,WAIT ZCD,1,0
1789531814811,33018.867,8678.6,1.6504,1,WAIT ZCD,1,0
1789531814821,33044.848,8678.6,1.6504,1,WAIT ZCD,1,0
1789531814831,33005.895,8678.6,1.6504,1,WAIT ZCD,1,0
1789531814841,33044.848,8678.6,1.6504,1,WAIT ZCD,1,0
1789531814851,33018.867,8678.6,1.6504,1,WAIT ZCD,1,0
1789531814861,33031.852,8678.6,1.6504,1,WAIT ZCD,1,0
1789531814871,33044.848,8678.6,1.6504,1,WAIT ZCD,1,0
1789531814881,33044.848,8678.6,1.6504,1,WAIT ZCD,1,0
1789531814891,33031.852,8678.6,1.6504,1,WAIT ZCD,1,0
1789531814901,33031.852,8678.6,1.6504,1,WAIT ZCD,1,0
1789531814911,33031.852,8678.6,1.6504,1,WAIT ZCD,1,0
1789531814921,33044.848,8678.6,1.6504,1,WAIT ZCD,1,0
1789531814931,33018.867,8678.6,1.6504,1,WAIT ZCD,1,0
1789531814941,33018.867,8678.6,1.6504,1,WAIT ZCD,1,0
1789531814951,33031.852,8678.6,1.6504,1,WAIT ZCD,1,0
1789531814961,33031.852,8678.6,1.6504,1,WAIT ZCD,1,0
1789531814971,33031.852,8678.6,1.6504,1,WAIT ZCD,1,0
1789531814981,33018.867,8678.6,1.6504,1,WAIT ZCD,1,0
1789531814991,33031.852,8678.6,1.6504,1,WAIT ZCD,1,0
1789531815001,33005.895,8678.6,1.6504,1,WAIT ZCD,1,0
1789531815011,32825.324,6309.5,1.6053,2,TRACK,0,0
1789531815021,32159.266,7345.2,1.4393,2,TRACK,0,0
1789531815031,31590.824,595.2,1.4054,2,TRACK,0,0
1789531815041,31578.947,345.2,1.3966,2,TRACK,0,0
1789531815051,31567.080,154.8,1.3909,2,TRACK,0,0
1789531815061,31543.373,142.9,1.3877,2,TRACK,0,0
1789531815071,31555.221,83.3,1.3861,2,TRACK,0,0
1789531815081,31567.080,59.5,1.3845,3,LOCK,0,1
1789531815091,31567.080,23.8,1.3837,3,LOCK,0,1
1789531815101,31543.373,-11.9,1.3837,3,LOCK,0,1
1789531815111,31543.373,35.7,1.3837,3,LOCK,0,1
1789531815121,31543.373,11.9,1.3845,3,LOCK,0,1
1789531815131,31531.531,23.8,1.3845,3,LOCK,0,1
1789531815141,31567.080,35.7,1.3837,3,LOCK,0,1
1789531815151,31531.531,11.9,1.3837,3,LOCK,0,1
1789531815161,31543.373,-23.8,1.3837,3,LOCK,0,1
1789531815171,31543.373,35.7,1.3837,3,LOCK,0,1
1789531815181,31555.221,-23.8,1.3837,3,LOCK,0,1
1789531815191,31555.221,71.4,1.3837,2,TRACK,0,0
1789531815201,31519.699,-47.6,1.3837,3,LOCK,0,1
1789531815211,31567.080,11.9,1.3837,3,LOCK,0,1
1789531815221,31543.373,23.8,1.3837,3,LOCK,0,1
1789531815231,31555.221,23.8,1.3837,3,LOCK,0,1
1789531815241,31567.080,59.5,1.3837,3,LOCK,0,1
1789531815251,31555.221,-35.7,1.3837,3,LOCK,0,1
1789531815261,31543.373,11.9,1.3837,3,LOCK,0,1
1789531815271,31578.947,11.9,1.3837,3,LOCK,0,1
1789531815281,31555.221,-23.8,1.3829,3,LOCK,0,1
1789531815293,31543.373,-23.8,1.3829,3,LOCK,0,1
1789531815302,31531.531,0.0,1.3837,3,LOCK,0,1
1789531815312,31555.221,11.9,1.3829,3,LOCK,0,1
1789531815322,31567.080,-11.9,1.3829,3,LOCK,0,1
1789531815332,31555.221,-11.9,1.3837,3,LOCK,0,1
1789531815345,31555.221,47.6,1.3837,3,LOCK,0,1
1789531815354,31531.531,35.7,1.3829,3,LOCK,0,1
1789531815364,31519.699,-47.6,1.3829,3,LOCK,0,1
1789531815374,31531.531,-23.8,1.3837,3,LOCK,0,1
1789531815384,31519.699,-59.5,1.3829,3,LOCK,0,1
1789531815394,31555.221,-23.8,1.3829,3,LOCK,0,1
1789531815404,31555.221,-35.7,1.3837,3,LOCK,0,1
1789531815414,31531.531,-35.7,1.3837,3,LOCK,0,1
1789531815424,31590.824,47.6,1.3837,3,LOCK,0,1
1789531815434,31531.531,-11.9,1.3837,3,LOCK,0,1
1789531815444,31555.221,0.0,1.3837,3,LOCK,0,1
1789531815454,31531.531,47.6,1.3837,3,LOCK,0,1
1789531815464,33005.895,6309.5,1.6504,1,WAIT ZCD,1,0
1789531815474,33031.852,6309.5,1.6504,1,WAIT ZCD,1,0
1789531815484,33031.852,6309.5,1.6504,1,WAIT ZCD,1,0
1789531815494,33044.848,6309.5,1.6504,1,WAIT ZCD,1,0
1789531815504,33031.852,6309.5,1.6504,1,WAIT ZCD,1,0
1789531815514,33031.852,6309.5,1.6504,1,WAIT ZCD,1,0
1789531815524,33031.852,6309.5,1.6504,1,WAIT ZCD,1,0
1789531815534,33031.852,6309.5,1.6504,1,WAIT ZCD,1,0
1789531815544,33044.848,6309.5,1.6504,1,WAIT ZCD,1,0
1789531815554,33018.867,6309.5,1.6504,1,WAIT ZCD,1,0
1789531815564,33031.852,6309.5,1.6504,1,WAIT ZCD,1,0
1789531815574,33044.848,6309.5,1.6504,1,WAIT ZCD,1,0
1789531815584,33031.852,6309.5,1.6504,1,WAIT ZCD,1,0
1789531815594,33044.848,6309.5,1.6504,1,WAIT ZCD,1,0
1789531815604,33031.852,6309.5,1.6504,1,WAIT ZCD,1,0
1789531815614,33044.848,6309.5,1.6504,1,WAIT ZCD,1,0
1789531815624,33031.852,6309.5,1.6504,1,WAIT ZCD,1,0
1789531815634,33031.852,6309.5,1.6504,1,WAIT ZCD,1,0
1789531815644,33044.848,6309.5,1.6504,1,WAIT ZCD,1,0
1789531815654,33031.852,6309.5,1.6504,1,WAIT ZCD,1,0
1789531815664,33044.848,6309.5,1.6504,1,WAIT ZCD,1,0
1789531815674,33031.852,6309.5,1.6504,1,WAIT ZCD,1,0
1789531815684,33044.848,6309.5,1.6504,1,WAIT ZCD,1,0
1789531815694,33031.852,6309.5,1.6504,1,WAIT ZCD,1,0
1789531815704,33031.852,6309.5,1.6504,1,WAIT ZCD,1,0
1789531815714,33018.867,6309.5,1.6504,1,WAIT ZCD,1,0
1789531815724,33031.852,6309.5,1.6504,1,WAIT ZCD,1,0
1789531815734,33031.852,6309.5,1.6504,1,WAIT ZCD,1,0
1789531815744,33031.852,6309.5,1.6504,1,WAIT ZCD,1,0
1789531815754,33031.852,6309.5,1.6504,1,WAIT ZCD,1,0
1789531815764,33031.852,6309.5,1.6504,1,WAIT ZCD,1,0
1789531815774,33031.852,6309.5,1.6504,1,WAIT ZCD,1,0
1789531815784,33031.852,6309.5,1.6504,1,WAIT ZCD,1,0
1789531815794,33018.867,6309.5,1.6504,1,WAIT ZCD,1,0
1789531815804,33018.867,6309.5,1.6504,1,WAIT ZCD,1,0
1789531815814,33031.852,6309.5,1.6504,1,WAIT ZCD,1,0
1789531815824,33031.852,6309.5,1.6504,1,WAIT ZCD,1,0
1789531815834,33018.867,6309.5,1.6504,1,WAIT ZCD,1,0
1789531815844,33031.852,6309.5,1.6504,1,WAIT ZCD,1,0
1789531815854,33005.895,6309.5,1.6504,1,WAIT ZCD,1,0
1789531815864,33031.852,6309.5,1.6504,1,WAIT ZCD,1,0
1789531815874,33018.867,6309.5,1.6504,1,WAIT ZCD,1,0
1789531815884,33031.852,6309.5,1.6504,1,WAIT ZCD,1,0
1789531815894,33044.848,6309.5,1.6504,1,WAIT ZCD,1,0
1789531815904,33031.852,6309.5,1.6504,1,WAIT ZCD,1,0
1789531815914,33044.848,6309.5,1.6504,1,WAIT ZCD,1,0
1789531815924,33018.867,6309.5,1.6504,1,WAIT ZCD,1,0
1789531815934,33031.852,6309.5,1.6504,1,WAIT ZCD,1,0
1789531815944,33031.852,6309.5,1.6504,1,WAIT ZCD,1,0
1789531815954,33031.852,6309.5,1.6504,1,WAIT ZCD,1,0
1789531815964,33031.852,6309.5,1.6504,1,WAIT ZCD,1,0
1789531815974,33031.852,6309.5,1.6504,1,WAIT ZCD,1,0
1789531815984,33044.848,6309.5,1.6504,1,WAIT ZCD,1,0
1789531815994,33031.852,6309.5,1.6504,1,WAIT ZCD,1,0
1789531816004,33018.867,6309.5,1.6504,1,WAIT ZCD,1,0
1789531816014,33018.867,6309.5,1.6504,1,WAIT ZCD,1,0
1789531816024,33044.848,6309.5,1.6504,1,WAIT ZCD,1,0
1789531816034,33018.867,6309.5,1.6504,1,WAIT ZCD,1,0
1789531816044,33005.895,6309.5,1.6504,1,WAIT ZCD,1,0
1789531816054,33031.852,6309.5,1.6504,1,WAIT ZCD,1,0
1789531816064,33044.848,6309.5,1.6504,1,WAIT ZCD,1,0
1789531816074,33031.852,6309.5,1.6504,1,WAIT ZCD,1,0
1789531816084,33031.852,6309.5,1.6504,1,WAIT ZCD,1,0
1789531816094,33018.867,6309.5,1.6504,1,WAIT ZCD,1,0
1789531816104,33031.852,6309.5,1.6504,1,WAIT ZCD,1,0
1789531816114,33031.852,6309.5,1.6504,1,WAIT ZCD,1,0
1789531816124,33018.867,6309.5,1.6504,1,WAIT ZCD,1,0
1789531816134,33044.848,6309.5,1.6504,1,WAIT ZCD,1,0
1789531816144,33057.852,6309.5,1.6504,1,WAIT ZCD,1,0
1789531816154,33031.852,6309.5,1.6504,1,WAIT ZCD,1,0
1789531816164,33044.848,6309.5,1.6504,1,WAIT ZCD,1,0
1789531816174,33005.895,6309.5,1.6504,1,WAIT ZCD,1,0
1789531816184,33044.848,6309.5,1.6504,1,WAIT ZCD,1,0
1789531816194,33031.852,6309.5,1.6504,1,WAIT ZCD,1,0
1789531816204,33005.895,6309.5,1.6504,1,WAIT ZCD,1,0
1789531816214,33057.852,6309.5,1.6504,1,WAIT ZCD,1,0
1789531816224,33018.867,6309.5,1.6504,1,WAIT ZCD,1,0
1789531816234,33044.848,6309.5,1.6504,1,WAIT ZCD,1,0
1789531816244,33031.852,6309.5,1.6504,1,WAIT ZCD,1,0
1789531816254,33005.895,6309.5,1.6504,1,WAIT ZCD,1,0
1789531816264,33018.867,6309.5,1.6504,1,WAIT ZCD,1,0
1789531816274,33044.848,6309.5,1.6504,1,WAIT ZCD,1,0
1789531816284,33005.895,6309.5,1.6504,1,WAIT ZCD,1,0
1789531816294,33031.852,6309.5,1.6504,1,WAIT ZCD,1,0
1789531816304,33044.848,6309.5,1.6504,1,WAIT ZCD,1,0
1789531816314,33005.895,6309.5,1.6504,1,WAIT ZCD,1,0
1789531816324,33057.852,6309.5,1.6504,1,WAIT ZCD,1,0
1789531816334,33018.867,6309.5,1.6504,1,WAIT ZCD,1,0
1789531816344,33018.867,6309.5,1.6504,1,WAIT ZCD,1,0
1789531816354,33044.848,6309.5,1.6504,1,WAIT ZCD,1,0
1789531816364,33018.867,6309.5,1.6504,1,WAIT ZCD,1,0
1789531816374,33018.867,6309.5,1.6504,1,WAIT ZCD,1,0
1789531816384,33044.848,6309.5,1.6504,1,WAIT ZCD,1,0
1789531816394,33031.852,6309.5,1.6504,1,WAIT ZCD,1,0
1789531816404,33005.895,6309.5,1.6504,1,WAIT ZCD,1,0
1789531816414,33057.852,6309.5,1.6504,1,WAIT ZCD,1,0
1789531816424,33018.867,6309.5,1.6504,1,WAIT ZCD,1,0
1789531816434,33044.848,6309.5,1.6504,1,WAIT ZCD,1,0
1789531816444,33044.848,6309.5,1.6504,1,WAIT ZCD,1,0
1789531816454,33031.852,6309.5,1.6504,1,WAIT ZCD,1,0
1789531816464,32672.111,9392.9,1.5795,2,TRACK,0,0
1789531816474,31939.164,5904.8,1.4232,2,TRACK,0,0
1789531816484,31567.080,619.0,1.3998,2,TRACK,0,0
1789531816494,31531.531,321.4,1.3901,2,TRACK,0,0
1789531816504,31578.947,71.4,1.3877,2,TRACK,0,0
1789531816514,31578.947,47.6,1.3861,3,LOCK,0,1
1789531816524,31555.221,47.6,1.3853,3,LOCK,0,1
1789531816534,31567.080,11.9,1.3845,3,LOCK,0,1
1789531816544,31531.531,11.9,1.3837,3,LOCK,0,1
1789531816554,31567.080,35.7,1.3829,3,LOCK,0,1
1789531816564,31531.531,11.9,1.3821,3,LOCK,0,1
1789531816574,31555.221,11.9,1.3821,3,LOCK,0,1
1789531816584,31567.080,11.9,1.3829,3,LOCK,0,1
1789531816595,31555.221,0.0,1.3829,3,LOCK,0,1
1789531816604,31543.373,-59.5,1.3829,3,LOCK,0,1
1789531816614,31567.080,-23.8,1.3829,3,LOCK,0,1
1789531816624,31543.373,35.7,1.3829,3,LOCK,0,1
1789531816634,31555.221,0.0,1.3829,3,LOCK,0,1
1789531816645,31543.373,-35.7,1.3829,3,LOCK,0,1
1789531816655,31543.373,-11.9,1.3821,3,LOCK,0,1
1789531816664,31543.373,-59.5,1.3821,3,LOCK,0,1
1789531816674,31555.221,-35.7,1.3821,3,LOCK,0,1
1789531816684,31543.373,0.0,1.3829,3,LOCK,0,1
1789531816694,31519.699,-23.8,1.3829,3,LOCK,0,1
1789531816704,31531.531,-35.7,1.3829,3,LOCK,0,1
1789531816716,31531.531,-23.8,1.3821,3,LOCK,0,1
1789531816724,31578.947,0.0,1.3821,3,LOCK,0,1
1789531816734,31531.531,-71.4,1.3829,2,TRACK,0,0
1789531816745,31555.221,0.0,1.3829,3,LOCK,0,1
1789531816754,31555.221,0.0,1.3829,3,LOCK,0,1
1789531816764,31543.373,47.6,1.3829,3,LOCK,0,1
1789531816774,31531.531,-47.6,1.3821,3,LOCK,0,1
1789531816786,31543.373,23.8,1.3821,3,LOCK,0,1
1789531816796,31555.221,11.9,1.3821,3,LOCK,0,1
1789531816806,31555.221,-47.6,1.3821,3,LOCK,0,1
1789531816816,31578.947,-23.8,1.3821,3,LOCK,0,1
1789531816826,31555.221,83.3,1.3821,2,TRACK,0,0
1789531816836,31531.531,-23.8,1.3812,3,LOCK,0,1
1789531816846,31543.373,-11.9,1.3812,3,LOCK,0,1
1789531816856,31555.221,23.8,1.3821,3,LOCK,0,1
1789531816866,31543.373,-47.6,1.3812,3,LOCK,0,1
1789531816878,31555.221,-23.8,1.3812,3,LOCK,0,1
1789531816887,31555.221,-11.9,1.3812,3,LOCK,0,1
1789531816897,31555.221,0.0,1.3821,3,LOCK,0,1
1789531816907,31578.947,23.8,1.3812,3,LOCK,0,1
1789531816917,33044.848,9392.9,1.6504,1,WAIT ZCD,1,0
1789531816927,33018.867,9392.9,1.6504,1,WAIT ZCD,1,0
1789531816937,33031.852,9392.9,1.6504,1,WAIT ZCD,1,0
1789531816947,33057.852,9392.9,1.6504,1,WAIT ZCD,1,0
1789531816957,33031.852,9392.9,1.6504,1,WAIT ZCD,1,0
1789531816967,33044.848,9392.9,1.6504,1,WAIT ZCD,1,0
1789531816977,33018.867,9392.9,1.6504,1,WAIT ZCD,1,0
1789531816987,33044.848,9392.9,1.6504,1,WAIT ZCD,1,0
1789531816997,33044.848,9392.9,1.6504,1,WAIT ZCD,1,0
1789531817007,33031.852,9392.9,1.6504,1,WAIT ZCD,1,0
1789531817017,33031.852,9392.9,1.6504,1,WAIT ZCD,1,0
1789531817027,33044.848,9392.9,1.6504,1,WAIT ZCD,1,0
1789531817037,33044.848,9392.9,1.6504,1,WAIT ZCD,1,0
1789531817048,33044.848,9392.9,1.6504,1,WAIT ZCD,1,0
1789531817057,33018.867,9392.9,1.6504,1,WAIT ZCD,1,0
1789531817067,33044.848,9392.9,1.6504,1,WAIT ZCD,1,0
1789531817077,33018.867,9392.9,1.6504,1,WAIT ZCD,1,0
1789531817087,33044.848,9392.9,1.6504,1,WAIT ZCD,1,0
1789531817097,33005.895,9392.9,1.6504,1,WAIT ZCD,1,0
1789531817107,33018.867,9392.9,1.6504,1,WAIT ZCD,1,0
1789531817117,33031.852,9392.9,1.6504,1,WAIT ZCD,1,0
1789531817127,33031.852,9392.9,1.6504,1,WAIT ZCD,1,0
1789531817137,33031.852,9392.9,1.6504,1,WAIT ZCD,1,0
1789531817147,33018.867,9392.9,1.6504,1,WAIT ZCD,1,0
1789531817157,33031.852,9392.9,1.6504,1,WAIT ZCD,1,0
1789531817167,33005.895,9392.9,1.6504,1,WAIT ZCD,1,0
1789531817177,33031.852,9392.9,1.6504,1,WAIT ZCD,1,0
1789531817187,33018.867,9392.9,1.6504,1,WAIT ZCD,1,0
1789531817197,33044.848,9392.9,1.6504,1,WAIT ZCD,1,0
1789531817207,33057.852,9392.9,1.6504,1,WAIT ZCD,1,0
1789531817217,33018.867,9392.9,1.6504,1,WAIT ZCD,1,0
1789531817227,33044.848,9392.9,1.6504,1,WAIT ZCD,1,0
1789531817237,33044.848,9392.9,1.6504,1,WAIT ZCD,1,0
1789531817247,33031.852,9392.9,1.6504,1,WAIT ZCD,1,0
1789531817257,33018.867,9392.9,1.6504,1,WAIT ZCD,1,0
1789531817267,33044.848,9392.9,1.6504,1,WAIT ZCD,1,0
1789531817277,33044.848,9392.9,1.6504,1,WAIT ZCD,1,0
1789531817287,33031.852,9392.9,1.6504,1,WAIT ZCD,1,0
1789531817297,33031.852,9392.9,1.6504,1,WAIT ZCD,1,0
1789531817307,33018.867,9392.9,1.6504,1,WAIT ZCD,1,0
1789531817317,33031.852,9392.9,1.6504,1,WAIT ZCD,1,0
1789531817327,33031.852,9392.9,1.6504,1,WAIT ZCD,1,0
1789531817337,33044.848,9392.9,1.6504,1,WAIT ZCD,1,0
1789531817347,33031.852,9392.9,1.6504,1,WAIT ZCD,1,0
1789531817357,33057.852,9392.9,1.6504,1,WAIT ZCD,1,0
1789531817367,33031.852,9392.9,1.6504,1,WAIT ZCD,1,0
1789531817377,33018.867,9392.9,1.6504,1,WAIT ZCD,1,0
1789531817387,33031.852,9392.9,1.6504,1,WAIT ZCD,1,0
1789531817397,33031.852,9392.9,1.6504,1,WAIT ZCD,1,0
1789531817407,33031.852,9392.9,1.6504,1,WAIT ZCD,1,0
1789531817417,33018.867,9392.9,1.6504,1,WAIT ZCD,1,0
1789531817427,33031.852,9392.9,1.6504,1,WAIT ZCD,1,0
1789531817437,33031.852,9392.9,1.6504,1,WAIT ZCD,1,0
1789531817447,33044.848,9392.9,1.6504,1,WAIT ZCD,1,0
1789531817457,33031.852,9392.9,1.6504,1,WAIT ZCD,1,0
1789531817467,33044.848,9392.9,1.6504,1,WAIT ZCD,1,0
1789531817477,33031.852,9392.9,1.6504,1,WAIT ZCD,1,0
1789531817487,33031.852,9392.9,1.6504,1,WAIT ZCD,1,0
1789531817497,33044.848,9392.9,1.6504,1,WAIT ZCD,1,0
1789531817507,33044.848,9392.9,1.6504,1,WAIT ZCD,1,0
1789531817517,33031.852,9392.9,1.6504,1,WAIT ZCD,1,0
1789531817527,33031.852,9392.9,1.6504,1,WAIT ZCD,1,0
1789531817537,33018.867,9392.9,1.6504,1,WAIT ZCD,1,0
1789531817547,33031.852,9392.9,1.6504,1,WAIT ZCD,1,0
1789531817557,33018.867,9392.9,1.6504,1,WAIT ZCD,1,0
1789531817567,33044.848,9392.9,1.6504,1,WAIT ZCD,1,0
1789531817577,33031.852,9392.9,1.6504,1,WAIT ZCD,1,0
1789531817587,33031.852,9392.9,1.6504,1,WAIT ZCD,1,0
1789531817597,33044.848,9392.9,1.6504,1,WAIT ZCD,1,0
1789531817607,33031.852,9392.9,1.6504,1,WAIT ZCD,1,0
1789531817617,33031.852,9392.9,1.6504,1,WAIT ZCD,1,0
1789531817627,33044.848,9392.9,1.6504,1,WAIT ZCD,1,0
1789531817637,33057.852,9392.9,1.6504,1,WAIT ZCD,1,0
1789531817647,33031.852,9392.9,1.6504,1,WAIT ZCD,1,0
1789531817657,33005.895,9392.9,1.6504,1,WAIT ZCD,1,0
1789531817667,33031.852,9392.9,1.6504,1,WAIT ZCD,1,0
1789531817677,33031.852,9392.9,1.6504,1,WAIT ZCD,1,0
1789531817687,33018.867,9392.9,1.6504,1,WAIT ZCD,1,0
1789531817697,33031.852,9392.9,1.6504,1,WAIT ZCD,1,0
1789531817707,33044.848,9392.9,1.6504,1,WAIT ZCD,1,0
1789531817717,33018.867,9392.9,1.6504,1,WAIT ZCD,1,0
1789531817727,33044.848,9392.9,1.6504,1,WAIT ZCD,1,0
1789531817737,33031.852,9392.9,1.6504,1,WAIT ZCD,1,0
1789531817747,33031.852,9392.9,1.6504,1,WAIT ZCD,1,0
1789531817757,33005.895,9392.9,1.6504,1,WAIT ZCD,1,0
1789531817767,33044.848,9392.9,1.6504,1,WAIT ZCD,1,0
1789531817777,33018.867,9392.9,1.6504,1,WAIT ZCD,1,0
1789531817787,33018.867,9392.9,1.6504,1,WAIT ZCD,1,0
1789531817797,33031.852,9392.9,1.6504,1,WAIT ZCD,1,0
1789531817807,33031.852,9392.9,1.6504,1,WAIT ZCD,1,0
1789531817817,33031.852,9392.9,1.6504,1,WAIT ZCD,1,0
1789531817827,33057.852,9392.9,1.6504,1,WAIT ZCD,1,0
1789531817837,33018.867,9392.9,1.6504,1,WAIT ZCD,1,0
1789531817847,33031.852,9392.9,1.6504,1,WAIT ZCD,1,0
1789531817857,33018.867,9392.9,1.6504,1,WAIT ZCD,1,0
1789531817867,33044.848,9392.9,1.6504,1,WAIT ZCD,1,0
1789531817877,33031.852,9392.9,1.6504,1,WAIT ZCD,1,0
1789531817887,33031.852,9392.9,1.6504,1,WAIT ZCD,1,0
1789531817897,33031.852,9392.9,1.6504,1,WAIT ZCD,1,0
1789531817907,33031.852,9392.9,1.6504,1,WAIT ZCD,1,0
1789531817917,32570.764,8821.4,1.5497,2,TRACK,0,0
1789531817927,31626.506,2904.8,1.4078,2,TRACK,0,0
1789531817937,31578.947,511.9,1.3990,2,TRACK,0,0
1789531817947,31578.947,297.6,1.3909,2,TRACK,0,0
1789531817957,31567.080,214.3,1.3877,2,TRACK,0,0
1789531817967,31578.947,107.1,1.3853,2,TRACK,0,0
1789531817977,31543.373,83.3,1.3837,2,TRACK,0,0
1789531817987,31543.373,23.8,1.3829,3,LOCK,0,1
1789531817997,31531.531,35.7,1.3829,3,LOCK,0,1
1789531818007,31567.080,35.7,1.3829,3,LOCK,0,1
1789531818017,31531.531,-23.8,1.3829,3,LOCK,0,1
1789531818027,31543.373,11.9,1.3821,3,LOCK,0,1
1789531818037,31555.221,-23.8,1.3821,3,LOCK,0,1
1789531818047,31555.221,23.8,1.3821,3,LOCK,0,1
1789531818057,31519.699,-23.8,1.3821,3,LOCK,0,1
1789531818067,31555.221,11.9,1.3821,3,LOCK,0,1
1789531818077,31507.877,-11.9,1.3821,3,LOCK,0,1
1789531818087,31543.373,0.0,1.3821,3,LOCK,0,1
1789531818097,31507.877,0.0,1.3812,3,LOCK,0,1
1789531818107,31531.531,-71.4,1.3821,2,TRACK,0,0
1789531818117,31578.947,0.0,1.3829,3,LOCK,0,1
1789531818132,31531.531,0.0,1.3829,3,LOCK,0,1
1789531818141,31555.221,47.6,1.3821,3,LOCK,0,1
1789531818151,31543.373,23.8,1.3821,3,LOCK,0,1
1789531818161,31567.080,95.2,1.3821,2,TRACK,0,0
1789531818171,31543.373,35.7,1.3812,3,LOCK,0,1
1789531818181,31519.699,-47.6,1.3812,3,LOCK,0,1
1789531818191,31555.221,-23.8,1.3812,3,LOCK,0,1
1789531818201,31519.699,-35.7,1.3812,3,LOCK,0,1
1789531818211,31531.531,-35.7,1.3821,3,LOCK,0,1
1789531818224,31578.947,11.9,1.3821,3,LOCK,0,1
1789531818235,31543.373,-59.5,1.3821,3,LOCK,0,1
1789531818245,31531.531,-47.6,1.3812,3,LOCK,0,1
1789531818256,31555.221,0.0,1.3812,3,LOCK,0,1
1789531818265,31519.699,11.9,1.3812,3,LOCK,0,1
1789531818275,31543.373,23.8,1.3812,3,LOCK,0,1
1789531818285,31531.531,23.8,1.3804,3,LOCK,0,1
1789531818295,31555.221,0.0,1.3812,3,LOCK,0,1
1789531818305,31543.373,0.0,1.3812,3,LOCK,0,1
1789531818315,31531.531,-11.9,1.3812,3,LOCK,0,1
1789531818325,31507.877,-35.7,1.3812,3,LOCK,0,1
1789531818335,31543.373,-35.7,1.3812,3,LOCK,0,1
1789531818345,31555.221,11.9,1.3812,3,LOCK,0,1
1789531818355,31531.531,-11.9,1.3812,3,LOCK,0,1
1789531818365,33018.867,8821.4,1.6504,1,WAIT ZCD,1,0
1789531818375,33031.852,8821.4,1.6504,1,WAIT ZCD,1,0
1789531818385,33018.867,8821.4,1.6504,1,WAIT ZCD,1,0
1789531818395,33031.852,8821.4,1.6504,1,WAIT ZCD,1,0
1789531818405,33005.895,8821.4,1.6504,1,WAIT ZCD,1,0
1789531818415,33044.848,8821.4,1.6504,1,WAIT ZCD,1,0
1789531818425,33018.867,8821.4,1.6504,1,WAIT ZCD,1,0
1789531818435,33044.848,8821.4,1.6504,1,WAIT ZCD,1,0
1789531818445,33018.867,8821.4,1.6504,1,WAIT ZCD,1,0
1789531818455,33031.852,8821.4,1.6504,1,WAIT ZCD,1,0
1789531818465,33031.852,8821.4,1.6504,1,WAIT ZCD,1,0
1789531818475,33018.867,8821.4,1.6504,1,WAIT ZCD,1,0
1789531818485,33018.867,8821.4,1.6504,1,WAIT ZCD,1,0
1789531818495,33031.852,8821.4,1.6504,1,WAIT ZCD,1,0
1789531818505,33018.867,8821.4,1.6504,1,WAIT ZCD,1,0
1789531818515,33018.867,8821.4,1.6504,1,WAIT ZCD,1,0
1789531818525,33005.895,8821.4,1.6504,1,WAIT ZCD,1,0
1789531818535,32992.930,8821.4,1.6504,1,WAIT ZCD,1,0
1789531818545,33031.852,8821.4,1.6504,1,WAIT ZCD,1,0
1789531818555,33031.852,8821.4,1.6504,1,WAIT ZCD,1,0
1789531818565,33005.895,8821.4,1.6504,1,WAIT ZCD,1,0
1789531818575,33005.895,8821.4,1.6504,1,WAIT ZCD,1,0
1789531818585,33044.848,8821.4,1.6504,1,WAIT ZCD,1,0
1789531818595,33031.852,8821.4,1.6504,1,WAIT ZCD,1,0
1789531818605,33018.867,8821.4,1.6504,1,WAIT ZCD,1,0
1789531818615,33031.852,8821.4,1.6504,1,WAIT ZCD,1,0
1789531818625,33031.852,8821.4,1.6504,1,WAIT ZCD,1,0
1789531818635,33044.848,8821.4,1.6504,1,WAIT ZCD,1,0
1789531818645,33044.848,8821.4,1.6504,1,WAIT ZCD,1,0
1789531818655,33031.852,8821.4,1.6504,1,WAIT ZCD,1,0
1789531818665,33031.852,8821.4,1.6504,1,WAIT ZCD,1,0
1789531818675,33031.852,8821.4,1.6504,1,WAIT ZCD,1,0
1789531818685,33057.852,8821.4,1.6504,1,WAIT ZCD,1,0
1789531818695,33018.867,8821.4,1.6504,1,WAIT ZCD,1,0
1789531818705,33018.867,8821.4,1.6504,1,WAIT ZCD,1,0
1789531818715,33018.867,8821.4,1.6504,1,WAIT ZCD,1,0
1789531818725,33005.895,8821.4,1.6504,1,WAIT ZCD,1,0
1789531818735,33031.852,8821.4,1.6504,1,WAIT ZCD,1,0
1789531818745,33031.852,8821.4,1.6504,1,WAIT ZCD,1,0
1789531818755,33018.867,8821.4,1.6504,1,WAIT ZCD,1,0
1789531818765,33044.848,8821.4,1.6504,1,WAIT ZCD,1,0
1789531818775,33031.852,8821.4,1.6504,1,WAIT ZCD,1,0
1789531818785,33018.867,8821.4,1.6504,1,WAIT ZCD,1,0
1789531818795,33005.895,8821.4,1.6504,1,WAIT ZCD,1,0
1789531818805,33018.867,8821.4,1.6504,1,WAIT ZCD,1,0
1789531818815,33044.848,8821.4,1.6504,1,WAIT ZCD,1,0
1789531818825,33044.848,8821.4,1.6504,1,WAIT ZCD,1,0
1789531818835,33005.895,8821.4,1.6504,1,WAIT ZCD,1,0
1789531818845,33044.848,8821.4,1.6504,1,WAIT ZCD,1,0
1789531818855,33031.852,8821.4,1.6504,1,WAIT ZCD,1,0
1789531818865,33031.852,8821.4,1.6504,1,WAIT ZCD,1,0
1789531818875,33018.867,8821.4,1.6504,1,WAIT ZCD,1,0
1789531818885,33018.867,8821.4,1.6504,1,WAIT ZCD,1,0
1789531818895,33044.848,8821.4,1.6504,1,WAIT ZCD,1,0
1789531818905,33005.895,8821.4,1.6504,1,WAIT ZCD,1,0
1789531818915,33018.867,8821.4,1.6504,1,WAIT ZCD,1,0
1789531818925,33031.852,8821.4,1.6504,1,WAIT ZCD,1,0
1789531818935,33044.848,8821.4,1.6504,1,WAIT ZCD,1,0
1789531818945,33018.867,8821.4,1.6504,1,WAIT ZCD,1,0
1789531818955,33031.852,8821.4,1.6504,1,WAIT ZCD,1,0
1789531818965,33031.852,8821.4,1.6504,1,WAIT ZCD,1,0
1789531818975,33018.867,8821.4,1.6504,1,WAIT ZCD,1,0
1789531818985,33044.848,8821.4,1.6504,1,WAIT ZCD,1,0
1789531818995,33044.848,8821.4,1.6504,1,WAIT ZCD,1,0
1789531819005,33005.895,8821.4,1.6504,1,WAIT ZCD,1,0
1789531819015,33018.867,8821.4,1.6504,1,WAIT ZCD,1,0
1789531819025,33031.852,8821.4,1.6504,1,WAIT ZCD,1,0
1789531819035,33044.848,8821.4,1.6504,1,WAIT ZCD,1,0
1789531819045,33018.867,8821.4,1.6504,1,WAIT ZCD,1,0
1789531819055,33057.852,8821.4,1.6504,1,WAIT ZCD,1,0
1789531819065,33018.867,8821.4,1.6504,1,WAIT ZCD,1,0
1789531819075,33018.867,8821.4,1.6504,1,WAIT ZCD,1,0
1789531819085,33018.867,8821.4,1.6504,1,WAIT ZCD,1,0
1789531819095,33031.852,8821.4,1.6504,1,WAIT ZCD,1,0
1789531819105,33031.852,8821.4,1.6504,1,WAIT ZCD,1,0
1789531819115,33031.852,8821.4,1.6504,1,WAIT ZCD,1,0
1789531819125,33018.867,8821.4,1.6504,1,WAIT ZCD,1,0
1789531819135,33031.852,8821.4,1.6504,1,WAIT ZCD,1,0
1789531819145,33005.895,8821.4,1.6504,1,WAIT ZCD,1,0
1789531819155,33031.852,8821.4,1.6504,1,WAIT ZCD,1,0
1789531819165,33044.848,8821.4,1.6504,1,WAIT ZCD,1,0
1789531819175,33018.867,8821.4,1.6504,1,WAIT ZCD,1,0
1789531819185,33018.867,8821.4,1.6504,1,WAIT ZCD,1,0
1789531819195,33031.852,8821.4,1.6504,1,WAIT ZCD,1,0
1789531819205,33031.852,8821.4,1.6504,1,WAIT ZCD,1,0
1789531819215,33031.852,8821.4,1.6504,1,WAIT ZCD,1,0
1789531819225,33031.852,8821.4,1.6504,1,WAIT ZCD,1,0
1789531819235,33018.867,8821.4,1.6504,1,WAIT ZCD,1,0
1789531819245,33044.848,8821.4,1.6504,1,WAIT ZCD,1,0
1789531819255,33005.895,8821.4,1.6504,1,WAIT ZCD,1,0
1789531819265,33031.852,8821.4,1.6504,1,WAIT ZCD,1,0
1789531819275,33018.867,8821.4,1.6504,1,WAIT ZCD,1,0
1789531819285,33031.852,8821.4,1.6504,1,WAIT ZCD,1,0
1789531819295,33031.852,8821.4,1.6504,1,WAIT ZCD,1,0
1789531819305,33018.867,8821.4,1.6504,1,WAIT ZCD,1,0
1789531819315,33018.867,8821.4,1.6504,1,WAIT ZCD,1,0
1789531819325,33031.852,8821.4,1.6504,1,WAIT ZCD,1,0
1789531819335,33031.852,8821.4,1.6504,1,WAIT ZCD,1,0
1789531819345,33031.852,8821.4,1.6504,1,WAIT ZCD,1,0
1789531819355,33018.867,8821.4,1.6504,1,WAIT ZCD,1,0
1789531819365,32799.688,8309.5,1.5875,2,TRACK,0,0
1789531819375,32073.311,6821.4,1.4401,2,TRACK,0,0
1789531819385,31590.824,571.4,1.4014,2,TRACK,0,0
1789531819395,31567.080,392.9,1.3925,2,TRACK,0,0
1789531819405,31578.947,238.1,1.3861,2,TRACK,0,0
1789531819415,31555.221,83.3,1.3837,2,TRACK,0,0
1789531819425,31543.373,0.0,1.3829,3,LOCK,0,1
1789531819435,31543.373,11.9,1.3829,3,LOCK,0,1
1789531819445,31555.221,35.7,1.3829,3,LOCK,0,1
1789531819455,31507.877,23.8,1.3829,3,LOCK,0,1
1789531819465,31531.531,-11.9,1.3821,3,LOCK,0,1
1789531819475,31531.531,-47.6,1.3821,3,LOCK,0,1
1789531819485,31555.221,47.6,1.3821,3,LOCK,0,1
1789531819495,31543.373,0.0,1.3821,3,LOCK,0,1
1789531819505,31531.531,11.9,1.3821,3,LOCK,0,1
1789531819515,31519.699,107.1,1.3812,2,TRACK,0,0
1789531819525,31567.080,11.9,1.3812,3,LOCK,0,1
1789531819535,31531.531,0.0,1.3812,3,LOCK,0,1
1789531819545,31555.221,23.8,1.3821,3,LOCK,0,1
1789531819555,31519.699,11.9,1.3812,3,LOCK,0,1
1789531819565,31567.080,47.6,1.3812,3,LOCK,0,1
1789531819575,31519.699,-47.6,1.3804,3,LOCK,0,1
1789531819585,31543.373,35.7,1.3812,3,LOCK,0,1
1789531819595,31567.080,35.7,1.3812,3,LOCK,0,1
1789531819605,31543.373,35.7,1.3812,3,LOCK,0,1
1789531819615,31543.373,-35.7,1.3812,3,LOCK,0,1
1789531819628,31543.373,11.9,1.3812,3,LOCK,0,1
1789531819639,31519.699,-47.6,1.3812,3,LOCK,0,1
1789531819649,31531.531,23.8,1.3821,3,LOCK,0,1
1789531819659,31531.531,-11.9,1.3812,3,LOCK,0,1
1789531819669,31555.221,59.5,1.3812,3,LOCK,0,1
1789531819679,31507.877,-23.8,1.3804,3,LOCK,0,1
1789531819689,31543.373,-35.7,1.3804,3,LOCK,0,1
1789531819699,31555.221,83.3,1.3804,2,TRACK,0,0
1789531819709,31543.373,0.0,1.3804,3,LOCK,0,1
1789531819719,31543.373,-35.7,1.3804,3,LOCK,0,1
1789531819729,31567.080,-47.6,1.3796,3,LOCK,0,1
1789531819739,31555.221,-35.7,1.3796,3,LOCK,0,1
1789531819749,31578.947,-23.8,1.3804,3,LOCK,0,1
1789531819759,31531.531,11.9,1.3804,3,LOCK,0,1
1789531819769,31531.531,-11.9,1.3804,3,LOCK,0,1
1789531819779,31567.080,-11.9,1.3812,3,LOCK,0,1
1789531819789,31543.373,35.7,1.3804,3,LOCK,0,1
1789531819799,31507.877,-47.6,1.3804,3,LOCK,0,1
1789531819809,31567.080,35.7,1.3804,3,LOCK,0,1
1789531819819,33031.852,8309.5,1.6504,1,WAIT ZCD,1,0
1789531819829,33018.867,8309.5,1.6504,1,WAIT ZCD,1,0
1789531819839,33044.848,8309.5,1.6504,1,WAIT ZCD,1,0
1789531819849,33018.867,8309.5,1.6504,1,WAIT ZCD,1,0
1789531819859,33044.848,8309.5,1.6504,1,WAIT ZCD,1,0
1789531819869,33031.852,8309.5,1.6504,1,WAIT ZCD,1,0
1789531819879,33031.852,8309.5,1.6504,1,WAIT ZCD,1,0
1789531819889,33057.852,8309.5,1.6504,1,WAIT ZCD,1,0
1789531819899,33005.895,8309.5,1.6504,1,WAIT ZCD,1,0
1789531819909,33031.852,8309.5,1.6504,1,WAIT ZCD,1,0
1789531819919,33031.852,8309.5,1.6504,1,WAIT ZCD,1,0
1789531819929,33031.852,8309.5,1.6504,1,WAIT ZCD,1,0
1789531819939,33018.867,8309.5,1.6504,1,WAIT ZCD,1,0
1789531819949,33031.852,8309.5,1.6504,1,WAIT ZCD,1,0
1789531819959,33031.852,8309.5,1.6504,1,WAIT ZCD,1,0
1789531819969,33044.848,8309.5,1.6504,1,WAIT ZCD,1,0
1789531819979,33044.848,8309.5,1.6504,1,WAIT ZCD,1,0
1789531819989,33018.867,8309.5,1.6504,1,WAIT ZCD,1,0
1789531819999,33031.852,8309.5,1.6504,1,WAIT ZCD,1,0
1789531820009,33031.852,8309.5,1.6504,1,WAIT ZCD,1,0
1789531820019,33031.852,8309.5,1.6504,1,WAIT ZCD,1,0
1789531820029,33044.848,8309.5,1.6504,1,WAIT ZCD,1,0
1789531820039,33044.848,8309.5,1.6504,1,WAIT ZCD,1,0
1789531820049,33031.852,8309.5,1.6504,1,WAIT ZCD,1,0
1789531820059,33031.852,8309.5,1.6504,1,WAIT ZCD,1,0
1789531820069,33031.852,8309.5,1.6504,1,WAIT ZCD,1,0
1789531820079,33031.852,8309.5,1.6504,1,WAIT ZCD,1,0
1789531820089,33044.848,8309.5,1.6504,1,WAIT ZCD,1,0
1789531820099,33018.867,8309.5,1.6504,1,WAIT ZCD,1,0
1789531820109,33031.852,8309.5,1.6504,1,WAIT ZCD,1,0
1789531820119,33018.867,8309.5,1.6504,1,WAIT ZCD,1,0
1789531820129,33031.852,8309.5,1.6504,1,WAIT ZCD,1,0
1789531820139,33031.852,8309.5,1.6504,1,WAIT ZCD,1,0
1789531820149,33018.867,8309.5,1.6504,1,WAIT ZCD,1,0
1789531820159,33018.867,8309.5,1.6504,1,WAIT ZCD,1,0
1789531820169,33031.852,8309.5,1.6504,1,WAIT ZCD,1,0
1789531820179,33031.852,8309.5,1.6504,1,WAIT ZCD,1,0
1789531820189,33031.852,8309.5,1.6504,1,WAIT ZCD,1,0
1789531820199,33044.848,8309.5,1.6504,1,WAIT ZCD,1,0
1789531820209,33031.852,8309.5,1.6504,1,WAIT ZCD,1,0
1789531820219,33031.852,8309.5,1.6504,1,WAIT ZCD,1,0
1789531820229,33044.848,8309.5,1.6504,1,WAIT ZCD,1,0
1789531820239,32979.977,8309.5,1.6504,1,WAIT ZCD,1,0
1789531820249,33018.867,8309.5,1.6504,1,WAIT ZCD,1,0
1789531820259,33005.895,8309.5,1.6504,1,WAIT ZCD,1,0
1789531820269,33044.848,8309.5,1.6504,1,WAIT ZCD,1,0
1789531820279,33005.895,8309.5,1.6504,1,WAIT ZCD,1,0
1789531820289,33044.848,8309.5,1.6504,1,WAIT ZCD,1,0
1789531820299,33044.848,8309.5,1.6504,1,WAIT ZCD,1,0
1789531820309,33031.852,8309.5,1.6504,1,WAIT ZCD,1,0
1789531820319,33044.848,8309.5,1.6504,1,WAIT ZCD,1,0
1789531820329,33018.867,8309.5,1.6504,1,WAIT ZCD,1,0
1789531820339,33044.848,8309.5,1.6504,1,WAIT ZCD,1,0
1789531820349,33031.852,8309.5,1.6504,1,WAIT ZCD,1,0
1789531820359,33044.848,8309.5,1.6504,1,WAIT ZCD,1,0
1789531820369,33031.852,8309.5,1.6504,1,WAIT ZCD,1,0
1789531820379,33031.852,8309.5,1.6504,1,WAIT ZCD,1,0
1789531820389,33018.867,8309.5,1.6504,1,WAIT ZCD,1,0
1789531820399,33018.867,8309.5,1.6504,1,WAIT ZCD,1,0
1789531820409,33044.848,8309.5,1.6504,1,WAIT ZCD,1,0
1789531820419,33018.867,8309.5,1.6504,1,WAIT ZCD,1,0
1789531820429,33031.852,8309.5,1.6504,1,WAIT ZCD,1,0
1789531820439,33018.867,8309.5,1.6504,1,WAIT ZCD,1,0
1789531820449,33044.848,8309.5,1.6504,1,WAIT ZCD,1,0
1789531820459,33044.848,8309.5,1.6504,1,WAIT ZCD,1,0
1789531820469,33031.852,8309.5,1.6504,1,WAIT ZCD,1,0
1789531820479,33044.848,8309.5,1.6504,1,WAIT ZCD,1,0
1789531820489,33018.867,8309.5,1.6504,1,WAIT ZCD,1,0
1789531820499,33044.848,8309.5,1.6504,1,WAIT ZCD,1,0
1789531820509,33044.848,8309.5,1.6504,1,WAIT ZCD,1,0
1789531820519,33031.852,8309.5,1.6504,1,WAIT ZCD,1,0
1789531820529,33031.852,8309.5,1.6504,1,WAIT ZCD,1,0
1789531820539,33018.867,8309.5,1.6504,1,WAIT ZCD,1,0
1789531820549,33018.867,8309.5,1.6504,1,WAIT ZCD,1,0
1789531820559,33031.852,8309.5,1.6504,1,WAIT ZCD,1,0
1789531820569,33005.895,8309.5,1.6504,1,WAIT ZCD,1,0
1789531820579,33057.852,8309.5,1.6504,1,WAIT ZCD,1,0
1789531820589,33031.852,8309.5,1.6504,1,WAIT ZCD,1,0
1789531820599,33031.852,8309.5,1.6504,1,WAIT ZCD,1,0
1789531820609,33031.852,8309.5,1.6504,1,WAIT ZCD,1,0
1789531820619,33031.852,8309.5,1.6504,1,WAIT ZCD,1,0
1789531820629,33044.848,8309.5,1.6504,1,WAIT ZCD,1,0
1789531820639,33044.848,8309.5,1.6504,1,WAIT ZCD,1,0
1789531820649,33031.852,8309.5,1.6504,1,WAIT ZCD,1,0
1789531820659,33044.848,8309.5,1.6504,1,WAIT ZCD,1,0
1789531820669,33031.852,8309.5,1.6504,1,WAIT ZCD,1,0
1789531820679,33031.852,8309.5,1.6504,1,WAIT ZCD,1,0
1789531820689,33018.867,8309.5,1.6504,1,WAIT ZCD,1,0
1789531820699,33057.852,8309.5,1.6504,1,WAIT ZCD,1,0
1789531820709,33018.867,8309.5,1.6504,1,WAIT ZCD,1,0
1789531820719,33044.848,8309.5,1.6504,1,WAIT ZCD,1,0
1789531820729,33031.852,8309.5,1.6504,1,WAIT ZCD,1,0
1789531820739,33044.848,8309.5,1.6504,1,WAIT ZCD,1,0
1789531820749,33044.848,8309.5,1.6504,1,WAIT ZCD,1,0
1789531820759,33031.852,8309.5,1.6504,1,WAIT ZCD,1,0
1789531820769,33031.852,8309.5,1.6504,1,WAIT ZCD,1,0
1789531820779,33057.852,8309.5,1.6504,1,WAIT ZCD,1,0
1789531820789,33044.848,8309.5,1.6504,1,WAIT ZCD,1,0
1789531820799,33031.852,8309.5,1.6504,1,WAIT ZCD,1,0
1789531820809,33031.852,8309.5,1.6504,1,WAIT ZCD,1,0
1789531820819,32570.764,8726.2,1.5456,2,TRACK,0,0
1789531820829,31626.506,2797.6,1.4062,2,TRACK,0,0
1789531820839,31578.947,511.9,1.3974,2,TRACK,0,0
1789531820849,31555.221,297.6,1.3909,2,TRACK,0,0
1789531820859,31519.699,119.0,1.3861,2,TRACK,0,0
1789531820869,31555.221,142.9,1.3845,2,TRACK,0,0
1789531820879,31531.531,47.6,1.3829,3,LOCK,0,1
1789531820889,31543.373,0.0,1.3821,3,LOCK,0,1
1789531820899,31507.877,23.8,1.3812,3,LOCK,0,1
1789531820909,31543.373,35.7,1.3804,3,LOCK,0,1
1789531820919,31531.531,47.6,1.3804,3,LOCK,0,1
1789531820933,31555.221,-23.8,1.3804,3,LOCK,0,1
1789531820943,31555.221,11.9,1.3804,3,LOCK,0,1
1789531820953,31555.221,-11.9,1.3796,3,LOCK,0,1
1789531820963,31543.373,-23.8,1.3804,3,LOCK,0,1
1789531820973,31531.531,11.9,1.3804,3,LOCK,0,1
1789531820983,31543.373,-11.9,1.3796,3,LOCK,0,1
1789531820993,31578.947,11.9,1.3804,3,LOCK,0,1
1789531821003,31543.373,-23.8,1.3804,3,LOCK,0,1
1789531821013,31555.221,-11.9,1.3804,3,LOCK,0,1
1789531821023,31567.080,23.8,1.3804,3,LOCK,0,1
1789531821033,31567.080,35.7,1.3804,3,LOCK,0,1
1789531821043,31543.373,-11.9,1.3804,3,LOCK,0,1
1789531821053,31543.373,-11.9,1.3796,3,LOCK,0,1
1789531821063,31567.080,-11.9,1.3796,3,LOCK,0,1
1789531821075,31531.531,-11.9,1.3804,3,LOCK,0,1
1789531821085,31531.531,0.0,1.3804,3,LOCK,0,1
1789531821095,31531.531,-11.9,1.3796,3,LOCK,0,1
1789531821105,31519.699,-47.6,1.3804,3,LOCK,0,1
1789531821115,31531.531,59.5,1.3796,3,LOCK,0,1
1789531821125,31531.531,-11.9,1.3796,3,LOCK,0,1
1789531821135,31543.373,23.8,1.3796,3,LOCK,0,1
1789531821148,31519.699,11.9,1.3804,3,LOCK,0,1
1789531821157,31531.531,11.9,1.3796,3,LOCK,0,1
1789531821167,31555.221,35.7,1.3788,3,LOCK,0,1
1789531821177,31531.531,0.0,1.3788,3,LOCK,0,1
1789531821190,31567.080,-23.8,1.3780,3,LOCK,0,1
1789531821199,31531.531,-59.5,1.3788,3,LOCK,0,1
1789531821209,31531.531,-35.7,1.3788,3,LOCK,0,1
1789531821219,31531.531,-11.9,1.3796,3,LOCK,0,1
1789531821229,31531.531,23.8,1.3796,3,LOCK,0,1
1789531821239,31578.947,23.8,1.3788,3,LOCK,0,1
1789531821249,31567.080,-23.8,1.3796,3,LOCK,0,1
1789531821259,31543.373,-23.8,1.3788,3,LOCK,0,1
1789531821269,33044.848,8726.2,1.6504,1,WAIT ZCD,1,0
1789531821279,33044.848,8726.2,1.6504,1,WAIT ZCD,1,0
1789531821289,33031.852,8726.2,1.6504,1,WAIT ZCD,1,0
1789531821299,33031.852,8726.2,1.6504,1,WAIT ZCD,1,0
1789531821309,33044.848,8726.2,1.6504,1,WAIT ZCD,1,0
1789531821319,33057.852,8726.2,1.6504,1,WAIT ZCD,1,0
1789531821329,33031.852,8726.2,1.6504,1,WAIT ZCD,1,0
1789531821339,33044.848,8726.2,1.6504,1,WAIT ZCD,1,0
1789531821349,33031.852,8726.2,1.6504,1,WAIT ZCD,1,0
1789531821359,33018.867,8726.2,1.6504,1,WAIT ZCD,1,0
1789531821369,33057.852,8726.2,1.6504,1,WAIT ZCD,1,0
1789531821379,33057.852,8726.2,1.6504,1,WAIT ZCD,1,0
1789531821389,33018.867,8726.2,1.6504,1,WAIT ZCD,1,0
1789531821399,33031.852,8726.2,1.6504,1,WAIT ZCD,1,0
1789531821409,33044.848,8726.2,1.6504,1,WAIT ZCD,1,0
1789531821419,33031.852,8726.2,1.6504,1,WAIT ZCD,1,0
1789531821429,33031.852,8726.2,1.6504,1,WAIT ZCD,1,0
1789531821439,33044.848,8726.2,1.6504,1,WAIT ZCD,1,0
1789531821449,33018.867,8726.2,1.6504,1,WAIT ZCD,1,0
1789531821459,33005.895,8726.2,1.6504,1,WAIT ZCD,1,0
1789531821469,33031.852,8726.2,1.6504,1,WAIT ZCD,1,0
1789531821479,33044.848,8726.2,1.6504,1,WAIT ZCD,1,0
1789531821489,33044.848,8726.2,1.6504,1,WAIT ZCD,1,0
1789531821499,33005.895,8726.2,1.6504,1,WAIT ZCD,1,0
1789531821509,33044.848,8726.2,1.6504,1,WAIT ZCD,1,0
1789531821519,33031.852,8726.2,1.6504,1,WAIT ZCD,1,0
1789531821529,33044.848,8726.2,1.6504,1,WAIT ZCD,1,0
1789531821539,33031.852,8726.2,1.6504,1,WAIT ZCD,1,0
1789531821549,33018.867,8726.2,1.6504,1,WAIT ZCD,1,0
1789531821559,33044.848,8726.2,1.6504,1,WAIT ZCD,1,0
1789531821569,33018.867,8726.2,1.6504,1,WAIT ZCD,1,0
1789531821579,33057.852,8726.2,1.6504,1,WAIT ZCD,1,0
1789531821589,33018.867,8726.2,1.6504,1,WAIT ZCD,1,0
1789531821599,33031.852,8726.2,1.6504,1,WAIT ZCD,1,0
1789531821609,33044.848,8726.2,1.6504,1,WAIT ZCD,1,0
1789531821619,33031.852,8726.2,1.6504,1,WAIT ZCD,1,0
1789531821629,33044.848,8726.2,1.6504,1,WAIT ZCD,1,0
1789531821639,33031.852,8726.2,1.6504,1,WAIT ZCD,1,0
1789531821649,33044.848,8726.2,1.6504,1,WAIT ZCD,1,0
1789531821659,33057.852,8726.2,1.6504,1,WAIT ZCD,1,0
1789531821669,33018.867,8726.2,1.6504,1,WAIT ZCD,1,0
1789531821679,33044.848,8726.2,1.6504,1,WAIT ZCD,1,0
1789531821689,33031.852,8726.2,1.6504,1,WAIT ZCD,1,0
1789531821699,33044.848,8726.2,1.6504,1,WAIT ZCD,1,0
1789531821709,33044.848,8726.2,1.6504,1,WAIT ZCD,1,0
1789531821719,33083.891,8726.2,1.6504,1,WAIT ZCD,1,0
1789531821729,33031.852,8726.2,1.6504,1,WAIT ZCD,1,0
1789531821739,33031.852,8726.2,1.6504,1,WAIT ZCD,1,0
1789531821749,33018.867,8726.2,1.6504,1,WAIT ZCD,1,0
1789531821759,33018.867,8726.2,1.6504,1,WAIT ZCD,1,0
1789531821769,33018.867,8726.2,1.6504,1,WAIT ZCD,1,0
1789531821779,33018.867,8726.2,1.6504,1,WAIT ZCD,1,0
1789531821789,33018.867,8726.2,1.6504,1,WAIT ZCD,1,0
1789531821799,33018.867,8726.2,1.6504,1,WAIT ZCD,1,0
1789531821809,33031.852,8726.2,1.6504,1,WAIT ZCD,1,0
1789531821819,33031.852,8726.2,1.6504,1,WAIT ZCD,1,0
1789531821829,33031.852,8726.2,1.6504,1,WAIT ZCD,1,0
1789531821839,33031.852,8726.2,1.6504,1,WAIT ZCD,1,0
1789531821849,33018.867,8726.2,1.6504,1,WAIT ZCD,1,0
1789531821859,33018.867,8726.2,1.6504,1,WAIT ZCD,1,0
1789531821869,33018.867,8726.2,1.6504,1,WAIT ZCD,1,0
1789531821879,33018.867,8726.2,1.6504,1,WAIT ZCD,1,0
1789531821889,33005.895,8726.2,1.6504,1,WAIT ZCD,1,0
1789531821899,33044.848,8726.2,1.6504,1,WAIT ZCD,1,0
1789531821909,33044.848,8726.2,1.6504,1,WAIT ZCD,1,0
1789531821919,33031.852,8726.2,1.6504,1,WAIT ZCD,1,0
1789531821929,33031.852,8726.2,1.6504,1,WAIT ZCD,1,0
1789531821939,33031.852,8726.2,1.6504,1,WAIT ZCD,1,0
1789531821949,33044.848,8726.2,1.6504,1,WAIT ZCD,1,0
1789531821959,33005.895,8726.2,1.6504,1,WAIT ZCD,1,0
1789531821969,33031.852,8726.2,1.6504,1,WAIT ZCD,1,0
1789531821979,33044.848,8726.2,1.6504,1,WAIT ZCD,1,0
1789531821989,33031.852,8726.2,1.6504,1,WAIT ZCD,1,0
1789531821999,33031.852,8726.2,1.6504,1,WAIT ZCD,1,0
1789531822009,33031.852,8726.2,1.6504,1,WAIT ZCD,1,0
1789531822019,33018.867,8726.2,1.6504,1,WAIT ZCD,1,0
1789531822029,33031.852,8726.2,1.6504,1,WAIT ZCD,1,0
1789531822039,33044.848,8726.2,1.6504,1,WAIT ZCD,1,0
1789531822049,33018.867,8726.2,1.6504,1,WAIT ZCD,1,0
1789531822059,33031.852,8726.2,1.6504,1,WAIT ZCD,1,0
1789531822069,33044.848,8726.2,1.6504,1,WAIT ZCD,1,0
1789531822079,33031.852,8726.2,1.6504,1,WAIT ZCD,1,0
1789531822089,33005.895,8726.2,1.6504,1,WAIT ZCD,1,0
1789531822099,33031.852,8726.2,1.6504,1,WAIT ZCD,1,0
1789531822109,33044.848,8726.2,1.6504,1,WAIT ZCD,1,0
1789531822119,33018.867,8726.2,1.6504,1,WAIT ZCD,1,0
1789531822129,33018.867,8726.2,1.6504,1,WAIT ZCD,1,0
1789531822139,33031.852,8726.2,1.6504,1,WAIT ZCD,1,0
1789531822149,33057.852,8726.2,1.6504,1,WAIT ZCD,1,0
1789531822159,33018.867,8726.2,1.6504,1,WAIT ZCD,1,0
1789531822169,33018.867,8726.2,1.6504,1,WAIT ZCD,1,0
1789531822179,33018.867,8726.2,1.6504,1,WAIT ZCD,1,0
1789531822189,33031.852,8726.2,1.6504,1,WAIT ZCD,1,0
1789531822199,33018.867,8726.2,1.6504,1,WAIT ZCD,1,0
1789531822209,33005.895,8726.2,1.6504,1,WAIT ZCD,1,0
1789531822219,33018.867,8726.2,1.6504,1,WAIT ZCD,1,0
1789531822229,33018.867,8726.2,1.6504,1,WAIT ZCD,1,0
1789531822239,33031.852,8726.2,1.6504,1,WAIT ZCD,1,0
1789531822249,33005.895,8726.2,1.6504,1,WAIT ZCD,1,0
1789531822259,33031.852,8726.2,1.6504,1,WAIT ZCD,1,0
1789531822269,32596.041,8988.1,1.5352,2,TRACK,0,0
1789531822279,31698.113,3785.7,1.4030,2,TRACK,0,0
1789531822289,31590.824,476.2,1.3958,2,TRACK,0,0
1789531822299,31555.221,250.0,1.3893,2,TRACK,0,0
1789531822309,31507.877,107.1,1.3853,2,TRACK,0,0
1789531822319,31531.531,71.4,1.3837,2,TRACK,0,0
1789531822329,31567.080,95.2,1.3821,2,TRACK,0,0
1789531822339,31578.947,83.3,1.3812,2,TRACK,0,0
1789531822349,31543.373,47.6,1.3804,3,LOCK,0,1
1789531822359,31531.531,47.6,1.3796,3,LOCK,0,1
1789531822369,31519.699,23.8,1.3796,3,LOCK,0,1
1789531822379,31531.531,-35.7,1.3796,3,LOCK,0,1
1789531822389,31531.531,-35.7,1.3804,3,LOCK,0,1
1789531822399,31555.221,35.7,1.3796,3,LOCK,0,1
1789531822409,31519.699,0.0,1.3804,3,LOCK,0,1
1789531822419,31519.699,-11.9,1.3796,3,LOCK,0,1
1789531822429,31519.699,11.9,1.3796,3,LOCK,0,1
1789531822441,31531.531,0.0,1.3796,3,LOCK,0,1
1789531822451,31507.877,-35.7,1.3796,3,LOCK,0,1
1789531822461,31519.699,23.8,1.3796,3,LOCK,0,1
1789531822471,31519.699,-59.5,1.3796,3,LOCK,0,1
1789531822481,31555.221,-11.9,1.3796,3,LOCK,0,1
1789531822491,31531.531,47.6,1.3796,3,LOCK,0,1
1789531822501,31531.531,-23.8,1.3796,3,LOCK,0,1
1789531822511,31567.080,23.8,1.3796,3,LOCK,0,1
1789531822521,31555.221,0.0,1.3796,3,LOCK,0,1
1789531822531,31507.877,-11.9,1.3796,3,LOCK,0,1
1789531822541,31519.699,-11.9,1.3796,3,LOCK,0,1
1789531822551,31519.699,35.7,1.3796,3,LOCK,0,1
1789531822561,31519.699,0.0,1.3796,3,LOCK,0,1
1789531822571,31531.531,0.0,1.3796,3,LOCK,0,1
1789531822581,31519.699,0.0,1.3796,3,LOCK,0,1
1789531822591,31531.531,0.0,1.3796,3,LOCK,0,1
1789531822601,31555.221,23.8,1.3796,3,LOCK,0,1
1789531822611,31531.531,11.9,1.3796,3,LOCK,0,1
1789531822621,31567.080,0.0,1.3796,3,LOCK,0,1
1789531822631,31519.699,-47.6,1.3796,3,LOCK,0,1
1789531822643,31507.877,23.8,1.3788,3,LOCK,0,1
1789531822653,31519.699,-35.7,1.3788,3,LOCK,0,1
1789531822663,31519.699,-35.7,1.3788,3,LOCK,0,1
1789531822673,31531.531,11.9,1.3788,3,LOCK,0,1
1789531822683,31543.373,11.9,1.3788,3,LOCK,0,1
1789531822693,31531.531,0.0,1.3788,3,LOCK,0,1
1789531822703,31531.531,23.8,1.3788,3,LOCK,0,1
1789531822713,31519.699,-47.6,1.3788,3,LOCK,0,1
1789531822726,33031.852,8988.1,1.6504,1,WAIT ZCD,1,0
1789531822733,33044.848,8988.1,1.6504,1,WAIT ZCD,1,0
1789531822743,33005.895,8988.1,1.6504,1,WAIT ZCD,1,0
1789531822753,33031.852,8988.1,1.6504,1,WAIT ZCD,1,0
1789531822763,33005.895,8988.1,1.6504,1,WAIT ZCD,1,0
1789531822773,33018.867,8988.1,1.6504,1,WAIT ZCD,1,0
1789531822783,33031.852,8988.1,1.6504,1,WAIT ZCD,1,0
1789531822793,33031.852,8988.1,1.6504,1,WAIT ZCD,1,0
1789531822803,33031.852,8988.1,1.6504,1,WAIT ZCD,1,0
1789531822813,33018.867,8988.1,1.6504,1,WAIT ZCD,1,0
1789531822823,33031.852,8988.1,1.6504,1,WAIT ZCD,1,0
1789531822833,33031.852,8988.1,1.6504,1,WAIT ZCD,1,0
1789531822843,33031.852,8988.1,1.6504,1,WAIT ZCD,1,0
1789531822853,33018.867,8988.1,1.6504,1,WAIT ZCD,1,0
1789531822863,33031.852,8988.1,1.6504,1,WAIT ZCD,1,0
1789531822873,33031.852,8988.1,1.6504,1,WAIT ZCD,1,0
1789531822883,33018.867,8988.1,1.6504,1,WAIT ZCD,1,0
1789531822893,33031.852,8988.1,1.6504,1,WAIT ZCD,1,0
1789531822903,33031.852,8988.1,1.6504,1,WAIT ZCD,1,0
1789531822913,33031.852,8988.1,1.6504,1,WAIT ZCD,1,0
1789531822923,33018.867,8988.1,1.6504,1,WAIT ZCD,1,0
1789531822933,33031.852,8988.1,1.6504,1,WAIT ZCD,1,0
1789531822943,33044.848,8988.1,1.6504,1,WAIT ZCD,1,0
1789531822953,33044.848,8988.1,1.6504,1,WAIT ZCD,1,0
1789531822963,33031.852,8988.1,1.6504,1,WAIT ZCD,1,0
1789531822973,33018.867,8988.1,1.6504,1,WAIT ZCD,1,0
1789531822983,33018.867,8988.1,1.6504,1,WAIT ZCD,1,0
1789531822993,33018.867,8988.1,1.6504,1,WAIT ZCD,1,0
1789531823003,33031.852,8988.1,1.6504,1,WAIT ZCD,1,0
1789531823013,33044.848,8988.1,1.6504,1,WAIT ZCD,1,0
1789531823023,33018.867,8988.1,1.6504,1,WAIT ZCD,1,0
1789531823033,33031.852,8988.1,1.6504,1,WAIT ZCD,1,0
1789531823043,33044.848,8988.1,1.6504,1,WAIT ZCD,1,0
1789531823053,33018.867,8988.1,1.6504,1,WAIT ZCD,1,0
1789531823063,33031.852,8988.1,1.6504,1,WAIT ZCD,1,0
1789531823073,33018.867,8988.1,1.6504,1,WAIT ZCD,1,0
1789531823083,33031.852,8988.1,1.6504,1,WAIT ZCD,1,0
1789531823093,33031.852,8988.1,1.6504,1,WAIT ZCD,1,0
1789531823103,33018.867,8988.1,1.6504,1,WAIT ZCD,1,0
1789531823113,33031.852,8988.1,1.6504,1,WAIT ZCD,1,0
1789531823123,33031.852,8988.1,1.6504,1,WAIT ZCD,1,0
1789531823133,33018.867,8988.1,1.6504,1,WAIT ZCD,1,0
1789531823143,33057.852,8988.1,1.6504,1,WAIT ZCD,1,0
1789531823153,33031.852,8988.1,1.6504,1,WAIT ZCD,1,0
1789531823163,33018.867,8988.1,1.6504,1,WAIT ZCD,1,0
1789531823173,33018.867,8988.1,1.6504,1,WAIT ZCD,1,0
1789531823183,33031.852,8988.1,1.6504,1,WAIT ZCD,1,0
1789531823193,33018.867,8988.1,1.6504,1,WAIT ZCD,1,0
1789531823203,33031.852,8988.1,1.6504,1,WAIT ZCD,1,0
1789531823213,33005.895,8988.1,1.6504,1,WAIT ZCD,1,0
1789531823223,33031.852,8988.1,1.6504,1,WAIT ZCD,1,0
1789531823233,33018.867,8988.1,1.6504,1,WAIT ZCD,1,0
1789531823243,33044.848,8988.1,1.6504,1,WAIT ZCD,1,0
1789531823253,33031.852,8988.1,1.6504,1,WAIT ZCD,1,0
1789531823263,33031.852,8988.1,1.6504,1,WAIT ZCD,1,0
1789531823273,33031.852,8988.1,1.6504,1,WAIT ZCD,1,0
1789531823283,33031.852,8988.1,1.6504,1,WAIT ZCD,1,0
1789531823293,33031.852,8988.1,1.6504,1,WAIT ZCD,1,0
1789531823303,33044.848,8988.1,1.6504,1,WAIT ZCD,1,0
1789531823313,33044.848,8988.1,1.6504,1,WAIT ZCD,1,0
1789531823323,33044.848,8988.1,1.6504,1,WAIT ZCD,1,0
1789531823333,33031.852,8988.1,1.6504,1,WAIT ZCD,1,0
1789531823343,33031.852,8988.1,1.6504,1,WAIT ZCD,1,0
1789531823353,33044.848,8988.1,1.6504,1,WAIT ZCD,1,0
1789531823363,33031.852,8988.1,1.6504,1,WAIT ZCD,1,0
1789531823373,33044.848,8988.1,1.6504,1,WAIT ZCD,1,0
1789531823383,33031.852,8988.1,1.6504,1,WAIT ZCD,1,0
1789531823393,33044.848,8988.1,1.6504,1,WAIT ZCD,1,0
1789531823403,33005.895,8988.1,1.6504,1,WAIT ZCD,1,0
1789531823413,33005.895,8988.1,1.6504,1,WAIT ZCD,1,0
1789531823423,33044.848,8988.1,1.6504,1,WAIT ZCD,1,0
1789531823433,33044.848,8988.1,1.6504,1,WAIT ZCD,1,0
1789531823443,33031.852,8988.1,1.6504,1,WAIT ZCD,1,0
1789531823453,33031.852,8988.1,1.6504,1,WAIT ZCD,1,0
1789531823463,33018.867,8988.1,1.6504,1,WAIT ZCD,1,0
1789531823473,33031.852,8988.1,1.6504,1,WAIT ZCD,1,0
1789531823483,33018.867,8988.1,1.6504,1,WAIT ZCD,1,0
1789531823493,33044.848,8988.1,1.6504,1,WAIT ZCD,1,0
1789531823503,33031.852,8988.1,1.6504,1,WAIT ZCD,1,0
1789531823513,33005.895,8988.1,1.6504,1,WAIT ZCD,1,0
1789531823523,33018.867,8988.1,1.6504,1,WAIT ZCD,1,0
1789531823533,33031.852,8988.1,1.6504,1,WAIT ZCD,1,0
1789531823543,33031.852,8988.1,1.6504,1,WAIT ZCD,1,0
1789531823553,33018.867,8988.1,1.6504,1,WAIT ZCD,1,0
1789531823563,33057.852,8988.1,1.6504,1,WAIT ZCD,1,0
1789531823573,33005.895,8988.1,1.6504,1,WAIT ZCD,1,0
1789531823583,33044.848,8988.1,1.6504,1,WAIT ZCD,1,0
1789531823593,33005.895,8988.1,1.6504,1,WAIT ZCD,1,0
1789531823603,33031.852,8988.1,1.6504,1,WAIT ZCD,1,0
1789531823613,33044.848,8988.1,1.6504,1,WAIT ZCD,1,0
1789531823623,33044.848,8988.1,1.6504,1,WAIT ZCD,1,0
1789531823633,33044.848,8988.1,1.6504,1,WAIT ZCD,1,0
1789531823643,33018.867,8988.1,1.6504,1,WAIT ZCD,1,0
1789531823653,33031.852,8988.1,1.6504,1,WAIT ZCD,1,0
1789531823663,33031.852,8988.1,1.6504,1,WAIT ZCD,1,0
1789531823673,33031.852,8988.1,1.6504,1,WAIT ZCD,1,0
1789531823683,33031.852,8988.1,1.6504,1,WAIT ZCD,1,0
1789531823693,33031.852,8988.1,1.6504,1,WAIT ZCD,1,0
1789531823703,33031.852,8988.1,1.6504,1,WAIT ZCD,1,0
1789531823713,33044.848,8988.1,1.6504,1,WAIT ZCD,1,0
1789531823723,32369.941,8119.0,1.4844,2,TRACK,0,0
1789531823733,31578.947,845.2,1.4038,2,TRACK,0,0
1789531823743,31543.373,464.3,1.3909,2,TRACK,0,0
1789531823753,31555.221,190.5,1.3845,2,TRACK,0,0
1789531823763,31567.080,131.0,1.3829,2,TRACK,0,0
1789531823773,31543.373,-11.9,1.3812,3,LOCK,0,1
1789531823783,31555.221,11.9,1.3804,3,LOCK,0,1
1789531823793,31543.373,59.5,1.3796,3,LOCK,0,1
1789531823803,31555.221,0.0,1.3796,3,LOCK,0,1
1789531823813,31519.699,-35.7,1.3796,3,LOCK,0,1
1789531823823,31543.373,35.7,1.3796,3,LOCK,0,1
1789531823833,31531.531,-23.8,1.3796,3,LOCK,0,1
1789531823843,31567.080,-11.9,1.3788,3,LOCK,0,1
1789531823853,31543.373,23.8,1.3788,3,LOCK,0,1
1789531823865,31519.699,23.8,1.3796,3,LOCK,0,1
1789531823876,31531.531,0.0,1.3788,3,LOCK,0,1
1789531823885,31531.531,11.9,1.3788,3,LOCK,0,1
1789531823895,31555.221,23.8,1.3788,3,LOCK,0,1
1789531823905,31543.373,35.7,1.3796,3,LOCK,0,1
1789531823915,31519.699,-35.7,1.3788,3,LOCK,0,1
1789531823925,31531.531,-23.8,1.3788,3,LOCK,0,1
1789531823935,31543.373,-11.9,1.3788,3,LOCK,0,1
1789531823945,31543.373,59.5,1.3780,3,LOCK,0,1
1789531823955,31567.080,0.0,1.3780,3,LOCK,0,1
1789531823965,31519.699,11.9,1.3780,3,LOCK,0,1
1789531823975,31519.699,23.8,1.3780,3,LOCK,0,1
1789531823985,31543.373,-35.7,1.3788,3,LOCK,0,1
1789531823995,31543.373,0.0,1.3780,3,LOCK,0,1
1789531824005,31519.699,-11.9,1.3780,3,LOCK,0,1
1789531824015,31519.699,-35.7,1.3780,3,LOCK,0,1
1789531824025,31496.062,0.0,1.3780,3,LOCK,0,1
1789531824036,31519.699,0.0,1.3788,3,LOCK,0,1
1789531824045,31531.531,0.0,1.3788,3,LOCK,0,1
1789531824055,31531.531,47.6,1.3780,3,LOCK,0,1
1789531824065,31543.373,23.8,1.3780,3,LOCK,0,1
1789531824075,31531.531,-23.8,1.3780,3,LOCK,0,1
1789531824085,31543.373,11.9,1.3780,3,LOCK,0,1
1789531824096,31531.531,23.8,1.3788,3,LOCK,0,1
1789531824107,31531.531,-35.7,1.3788,3,LOCK,0,1
1789531824117,31543.373,-11.9,1.3788,3,LOCK,0,1
1789531824130,31531.531,47.6,1.3780,3,LOCK,0,1
1789531824139,31567.080,-23.8,1.3780,3,LOCK,0,1
1789531824149,31519.699,35.7,1.3780,3,LOCK,0,1
1789531824159,31531.531,-35.7,1.3772,3,LOCK,0,1
1789531824169,33031.852,8119.0,1.6504,1,WAIT ZCD,1,0
1789531824179,33031.852,8119.0,1.6504,1,WAIT ZCD,1,0
1789531824189,33018.867,8119.0,1.6504,1,WAIT ZCD,1,0
1789531824199,33057.852,8119.0,1.6504,1,WAIT ZCD,1,0
1789531824209,33018.867,8119.0,1.6504,1,WAIT ZCD,1,0
1789531824219,33031.852,8119.0,1.6504,1,WAIT ZCD,1,0
1789531824229,33031.852,8119.0,1.6504,1,WAIT ZCD,1,0
1789531824239,33018.867,8119.0,1.6504,1,WAIT ZCD,1,0
1789531824249,33057.852,8119.0,1.6504,1,WAIT ZCD,1,0
1789531824259,33031.852,8119.0,1.6504,1,WAIT ZCD,1,0
1789531824269,33031.852,8119.0,1.6504,1,WAIT ZCD,1,0
1789531824279,33031.852,8119.0,1.6504,1,WAIT ZCD,1,0
1789531824289,33057.852,8119.0,1.6504,1,WAIT ZCD,1,0
1789531824299,33031.852,8119.0,1.6504,1,WAIT ZCD,1,0
1789531824309,33031.852,8119.0,1.6504,1,WAIT ZCD,1,0
1789531824319,33044.848,8119.0,1.6504,1,WAIT ZCD,1,0
1789531824329,33031.852,8119.0,1.6504,1,WAIT ZCD,1,0
1789531824339,33031.852,8119.0,1.6504,1,WAIT ZCD,1,0
1789531824349,33044.848,8119.0,1.6504,1,WAIT ZCD,1,0
1789531824359,33005.895,8119.0,1.6504,1,WAIT ZCD,1,0
1789531824369,33044.848,8119.0,1.6504,1,WAIT ZCD,1,0
1789531824381,33031.852,8119.0,1.6504,1,WAIT ZCD,1,0
1789531824389,33044.848,8119.0,1.6504,1,WAIT ZCD,1,0
1789531824399,33044.848,8119.0,1.6504,1,WAIT ZCD,1,0
1789531824409,33031.852,8119.0,1.6504,1,WAIT ZCD,1,0
1789531824419,33031.852,8119.0,1.6504,1,WAIT ZCD,1,0
1789531824429,33031.852,8119.0,1.6504,1,WAIT ZCD,1,0
1789531824439,33031.852,8119.0,1.6504,1,WAIT ZCD,1,0
1789531824449,33044.848,8119.0,1.6504,1,WAIT ZCD,1,0
1789531824459,33031.852,8119.0,1.6504,1,WAIT ZCD,1,0
1789531824469,33018.867,8119.0,1.6504,1,WAIT ZCD,1,0
1789531824479,33005.895,8119.0,1.6504,1,WAIT ZCD,1,0
1789531824489,33031.852,8119.0,1.6504,1,WAIT ZCD,1,0
1789531824499,33018.867,8119.0,1.6504,1,WAIT ZCD,1,0
1789531824509,33031.852,8119.0,1.6504,1,WAIT ZCD,1,0
1789531824519,33031.852,8119.0,1.6504,1,WAIT ZCD,1,0
1789531824529,33057.852,8119.0,1.6504,1,WAIT ZCD,1,0
1789531824539,33031.852,8119.0,1.6504,1,WAIT ZCD,1,0
1789531824549,33031.852,8119.0,1.6504,1,WAIT ZCD,1,0
1789531824559,33031.852,8119.0,1.6504,1,WAIT ZCD,1,0
1789531824569,33057.852,8119.0,1.6504,1,WAIT ZCD,1,0
1789531824579,33057.852,8119.0,1.6504,1,WAIT ZCD,1,0
1789531824589,33031.852,8119.0,1.6504,1,WAIT ZCD,1,0
1789531824599,33044.848,8119.0,1.6504,1,WAIT ZCD,1,0
1789531824609,33031.852,8119.0,1.6504,1,WAIT ZCD,1,0
1789531824619,33031.852,8119.0,1.6504,1,WAIT ZCD,1,0
1789531824629,33018.867,8119.0,1.6504,1,WAIT ZCD,1,0
1789531824639,33018.867,8119.0,1.6504,1,WAIT ZCD,1,0
1789531824649,33031.852,8119.0,1.6504,1,WAIT ZCD,1,0
1789531824659,33044.848,8119.0,1.6504,1,WAIT ZCD,1,0
1789531824669,33044.848,8119.0,1.6504,1,WAIT ZCD,1,0
1789531824679,33031.852,8119.0,1.6504,1,WAIT ZCD,1,0
1789531824689,33031.852,8119.0,1.6504,1,WAIT ZCD,1,0
1789531824699,33031.852,8119.0,1.6504,1,WAIT ZCD,1,0
1789531824709,33031.852,8119.0,1.6504,1,WAIT ZCD,1,0
1789531824719,33044.848,8119.0,1.6504,1,WAIT ZCD,1,0
1789531824729,33018.867,8119.0,1.6504,1,WAIT ZCD,1,0
1789531824739,33057.852,8119.0,1.6504,1,WAIT ZCD,1,0
1789531824749,33018.867,8119.0,1.6504,1,WAIT ZCD,1,0
1789531824759,33057.852,8119.0,1.6504,1,WAIT ZCD,1,0
1789531824769,33031.852,8119.0,1.6504,1,WAIT ZCD,1,0
1789531824779,33031.852,8119.0,1.6504,1,WAIT ZCD,1,0
1789531824789,33044.848,8119.0,1.6504,1,WAIT ZCD,1,0
1789531824799,33057.852,8119.0,1.6504,1,WAIT ZCD,1,0
1789531824809,33044.848,8119.0,1.6504,1,WAIT ZCD,1,0
1789531824819,33031.852,8119.0,1.6504,1,WAIT ZCD,1,0
1789531824829,33018.867,8119.0,1.6504,1,WAIT ZCD,1,0
1789531824839,33044.848,8119.0,1.6504,1,WAIT ZCD,1,0
1789531824849,33018.867,8119.0,1.6504,1,WAIT ZCD,1,0
1789531824859,33044.848,8119.0,1.6504,1,WAIT ZCD,1,0
1789531824869,33018.867,8119.0,1.6504,1,WAIT ZCD,1,0
1789531824879,33044.848,8119.0,1.6504,1,WAIT ZCD,1,0
1789531824889,33018.867,8119.0,1.6504,1,WAIT ZCD,1,0
1789531824899,33018.867,8119.0,1.6504,1,WAIT ZCD,1,0
1789531824909,33070.867,8119.0,1.6504,1,WAIT ZCD,1,0
1789531824919,33057.852,8119.0,1.6504,1,WAIT ZCD,1,0
1789531824929,33031.852,8119.0,1.6504,1,WAIT ZCD,1,0
1789531824939,33044.848,8119.0,1.6504,1,WAIT ZCD,1,0
1789531824949,33031.852,8119.0,1.6504,1,WAIT ZCD,1,0
1789531824959,33044.848,8119.0,1.6504,1,WAIT ZCD,1,0
1789531824969,33031.852,8119.0,1.6504,1,WAIT ZCD,1,0
1789531824979,33044.848,8119.0,1.6504,1,WAIT ZCD,1,0
1789531824989,33018.867,8119.0,1.6504,1,WAIT ZCD,1,0
1789531824999,33031.852,8119.0,1.6504,1,WAIT ZCD,1,0
1789531825009,33031.852,8119.0,1.6504,1,WAIT ZCD,1,0
1789531825019,33044.848,8119.0,1.6504,1,WAIT ZCD,1,0
1789531825029,33031.852,8119.0,1.6504,1,WAIT ZCD,1,0
1789531825039,33057.852,8119.0,1.6504,1,WAIT ZCD,1,0
1789531825049,33031.852,8119.0,1.6504,1,WAIT ZCD,1,0
1789531825059,33018.867,8119.0,1.6504,1,WAIT ZCD,1,0
1789531825069,33031.852,8119.0,1.6504,1,WAIT ZCD,1,0
1789531825079,33018.867,8119.0,1.6504,1,WAIT ZCD,1,0
1789531825089,33044.848,8119.0,1.6504,1,WAIT ZCD,1,0
1789531825099,33057.852,8119.0,1.6504,1,WAIT ZCD,1,0
1789531825109,33044.848,8119.0,1.6504,1,WAIT ZCD,1,0
1789531825119,33044.848,8119.0,1.6504,1,WAIT ZCD,1,0
1789531825129,33031.852,8119.0,1.6504,1,WAIT ZCD,1,0
1789531825139,33031.852,8119.0,1.6504,1,WAIT ZCD,1,0
1789531825149,33031.852,8119.0,1.6504,1,WAIT ZCD,1,0
1789531825159,33044.848,8119.0,1.6504,1,WAIT ZCD,1,0
1789531825169,32697.547,8738.1,1.5706,2,TRACK,0,0
1789531825179,31987.814,6416.7,1.4159,2,TRACK,0,0
1789531825189,31543.373,559.5,1.3998,2,TRACK,0,0
1789531825199,31555.221,321.4,1.3901,2,TRACK,0,0
1789531825209,31578.947,214.3,1.3853,2,TRACK,0,0
1789531825219,31543.373,83.3,1.3829,2,TRACK,0,0
1789531825229,31519.699,35.7,1.3812,3,LOCK,0,1
1789531825239,31578.947,71.4,1.3804,2,TRACK,0,0
1789531825249,31519.699,0.0,1.3796,3,LOCK,0,1
1789531825259,31543.373,11.9,1.3796,3,LOCK,0,1
1789531825269,31543.373,59.5,1.3796,3,LOCK,0,1
1789531825279,31531.531,35.7,1.3796,3,LOCK,0,1
1789531825289,31567.080,47.6,1.3788,3,LOCK,0,1
1789531825299,31555.221,35.7,1.3788,3,LOCK,0,1
1789531825309,31531.531,23.8,1.3788,3,LOCK,0,1
1789531825319,31531.531,-47.6,1.3780,3,LOCK,0,1
1789531825331,31543.373,11.9,1.3780,3,LOCK,0,1
1789531825341,31555.221,11.9,1.3780,3,LOCK,0,1
1789531825351,31531.531,-11.9,1.3780,3,LOCK,0,1
1789531825361,31519.699,0.0,1.3772,3,LOCK,0,1
1789531825371,31543.373,0.0,1.3780,3,LOCK,0,1
1789531825381,31555.221,-35.7,1.3780,3,LOCK,0,1
1789531825391,31543.373,0.0,1.3780,3,LOCK,0,1
1789531825401,31590.824,35.7,1.3788,3,LOCK,0,1
1789531825411,31531.531,-11.9,1.3788,3,LOCK,0,1
1789531825421,31555.221,23.8,1.3788,3,LOCK,0,1
1789531825431,31531.531,47.6,1.3780,3,LOCK,0,1
1789531825441,31531.531,-11.9,1.3780,3,LOCK,0,1
1789531825451,31543.373,23.8,1.3780,3,LOCK,0,1
1789531825461,31543.373,11.9,1.3772,3,LOCK,0,1
1789531825475,31507.877,-35.7,1.3780,3,LOCK,0,1
1789531825485,31519.699,11.9,1.3780,3,LOCK,0,1
1789531825495,31555.221,-23.8,1.3772,3,LOCK,0,1
1789531825505,31543.373,-23.8,1.3780,3,LOCK,0,1
1789531825515,31555.221,47.6,1.3772,3,LOCK,0,1
1789531825525,31496.062,-23.8,1.3772,3,LOCK,0,1
1789531825535,31555.221,71.4,1.3772,2,TRACK,0,0
1789531825545,31531.531,-35.7,1.3780,3,LOCK,0,1
1789531825555,31543.373,-35.7,1.3780,3,LOCK,0,1
1789531825565,31555.221,35.7,1.3772,3,LOCK,0,1
1789531825575,31543.373,35.7,1.3764,3,LOCK,0,1
1789531825585,31543.373,-23.8,1.3772,3,LOCK,0,1
1789531825595,31519.699,11.9,1.3772,3,LOCK,0,1
1789531825605,31519.699,-23.8,1.3772,3,LOCK,0,1
1789531825615,31555.221,23.8,1.3772,3,LOCK,0,1
1789531825625,33018.867,8738.1,1.6504,1,WAIT ZCD,1,0
1789531825635,33031.852,8738.1,1.6504,1,WAIT ZCD,1,0
1789531825645,33031.852,8738.1,1.6504,1,WAIT ZCD,1,0
1789531825655,33044.848,8738.1,1.6504,1,WAIT ZCD,1,0
1789531825665,33057.852,8738.1,1.6504,1,WAIT ZCD,1,0
1789531825675,33044.848,8738.1,1.6504,1,WAIT ZCD,1,0
1789531825685,33044.848,8738.1,1.6504,1,WAIT ZCD,1,0
1789531825695,33018.867,8738.1,1.6504,1,WAIT ZCD,1,0
1789531825705,33031.852,8738.1,1.6504,1,WAIT ZCD,1,0
1789531825715,33018.867,8738.1,1.6504,1,WAIT ZCD,1,0
1789531825725,33031.852,8738.1,1.6504,1,WAIT ZCD,1,0
1789531825735,33044.848,8738.1,1.6504,1,WAIT ZCD,1,0
1789531825745,33031.852,8738.1,1.6504,1,WAIT ZCD,1,0
1789531825755,33044.848,8738.1,1.6504,1,WAIT ZCD,1,0
1789531825765,33031.852,8738.1,1.6504,1,WAIT ZCD,1,0
1789531825775,33031.852,8738.1,1.6504,1,WAIT ZCD,1,0
1789531825785,33018.867,8738.1,1.6504,1,WAIT ZCD,1,0
1789531825795,33018.867,8738.1,1.6504,1,WAIT ZCD,1,0
1789531825805,33031.852,8738.1,1.6504,1,WAIT ZCD,1,0
1789531825815,33018.867,8738.1,1.6504,1,WAIT ZCD,1,0
1789531825825,33044.848,8738.1,1.6504,1,WAIT ZCD,1,0
1789531825835,33057.852,8738.1,1.6504,1,WAIT ZCD,1,0
1789531825845,33031.852,8738.1,1.6504,1,WAIT ZCD,1,0
1789531825855,33044.848,8738.1,1.6504,1,WAIT ZCD,1,0
1789531825865,33044.848,8738.1,1.6504,1,WAIT ZCD,1,0
1789531825875,33031.852,8738.1,1.6504,1,WAIT ZCD,1,0
1789531825884,33018.867,8738.1,1.6504,1,WAIT ZCD,1,0
1789531825895,33018.867,8738.1,1.6504,1,WAIT ZCD,1,0
1789531825909,33018.867,8738.1,1.6504,1,WAIT ZCD,1,0
1789531825915,33018.867,8738.1,1.6504,1,WAIT ZCD,1,0
1789531825925,33005.895,8738.1,1.6504,1,WAIT ZCD,1,0
1789531825935,33044.848,8738.1,1.6504,1,WAIT ZCD,1,0
1789531825945,33031.852,8738.1,1.6504,1,WAIT ZCD,1,0
1789531825955,33018.867,8738.1,1.6504,1,WAIT ZCD,1,0
1789531825965,33044.848,8738.1,1.6504,1,WAIT ZCD,1,0
1789531825975,33031.852,8738.1,1.6504,1,WAIT ZCD,1,0
1789531825985,33018.867,8738.1,1.6504,1,WAIT ZCD,1,0
1789531825995,33031.852,8738.1,1.6504,1,WAIT ZCD,1,0
1789531826005,33005.895,8738.1,1.6504,1,WAIT ZCD,1,0
1789531826015,33031.852,8738.1,1.6504,1,WAIT ZCD,1,0
1789531826025,33044.848,8738.1,1.6504,1,WAIT ZCD,1,0
1789531826035,33044.848,8738.1,1.6504,1,WAIT ZCD,1,0
1789531826045,33031.852,8738.1,1.6504,1,WAIT ZCD,1,0
1789531826055,33031.852,8738.1,1.6504,1,WAIT ZCD,1,0
1789531826065,33044.848,8738.1,1.6504,1,WAIT ZCD,1,0
1789531826075,33018.867,8738.1,1.6504,1,WAIT ZCD,1,0
1789531826084,33031.852,8738.1,1.6504,1,WAIT ZCD,1,0
1789531826095,33044.848,8738.1,1.6504,1,WAIT ZCD,1,0
1789531826105,33031.852,8738.1,1.6504,1,WAIT ZCD,1,0
1789531826115,33031.852,8738.1,1.6504,1,WAIT ZCD,1,0
1789531826125,33044.848,8738.1,1.6504,1,WAIT ZCD,1,0
1789531826135,33005.895,8738.1,1.6504,1,WAIT ZCD,1,0
1789531826145,33018.867,8738.1,1.6504,1,WAIT ZCD,1,0
1789531826155,33018.867,8738.1,1.6504,1,WAIT ZCD,1,0
1789531826165,33031.852,8738.1,1.6504,1,WAIT ZCD,1,0
1789531826175,33018.867,8738.1,1.6504,1,WAIT ZCD,1,0
1789531826184,33031.852,8738.1,1.6504,1,WAIT ZCD,1,0
1789531826195,33031.852,8738.1,1.6504,1,WAIT ZCD,1,0
1789531826205,33031.852,8738.1,1.6504,1,WAIT ZCD,1,0
1789531826214,33044.848,8738.1,1.6504,1,WAIT ZCD,1,0
1789531826225,33044.848,8738.1,1.6504,1,WAIT ZCD,1,0
1789531826235,32992.930,8738.1,1.6504,1,WAIT ZCD,1,0
1789531826245,33031.852,8738.1,1.6504,1,WAIT ZCD,1,0
1789531826255,32992.930,8738.1,1.6504,1,WAIT ZCD,1,0
1789531826265,33031.852,8738.1,1.6504,1,WAIT ZCD,1,0
1789531826275,33018.867,8738.1,1.6504,1,WAIT ZCD,1,0
1789531826285,33018.867,8738.1,1.6504,1,WAIT ZCD,1,0
1789531826295,33018.867,8738.1,1.6504,1,WAIT ZCD,1,0
1789531826305,33031.852,8738.1,1.6504,1,WAIT ZCD,1,0
1789531826315,33018.867,8738.1,1.6504,1,WAIT ZCD,1,0
1789531826325,33031.852,8738.1,1.6504,1,WAIT ZCD,1,0
1789531826335,33018.867,8738.1,1.6504,1,WAIT ZCD,1,0
1789531826345,33018.867,8738.1,1.6504,1,WAIT ZCD,1,0
1789531826355,33031.852,8738.1,1.6504,1,WAIT ZCD,1,0
1789531826365,33044.848,8738.1,1.6504,1,WAIT ZCD,1,0
1789531826375,33018.867,8738.1,1.6504,1,WAIT ZCD,1,0
1789531826385,33018.867,8738.1,1.6504,1,WAIT ZCD,1,0
1789531826395,33031.852,8738.1,1.6504,1,WAIT ZCD,1,0
1789531826405,33031.852,8738.1,1.6504,1,WAIT ZCD,1,0
1789531826415,33005.895,8738.1,1.6504,1,WAIT ZCD,1,0
1789531826425,33018.867,8738.1,1.6504,1,WAIT ZCD,1,0
1789531826435,33018.867,8738.1,1.6504,1,WAIT ZCD,1,0
1789531826445,33018.867,8738.1,1.6504,1,WAIT ZCD,1,0
1789531826455,33044.848,8738.1,1.6504,1,WAIT ZCD,1,0
1789531826464,33031.852,8738.1,1.6504,1,WAIT ZCD,1,0
1789531826475,33031.852,8738.1,1.6504,1,WAIT ZCD,1,0
1789531826485,33031.852,8738.1,1.6504,1,WAIT ZCD,1,0
1789531826495,33018.867,8738.1,1.6504,1,WAIT ZCD,1,0
1789531826505,33031.852,8738.1,1.6504,1,WAIT ZCD,1,0
1789531826515,33018.867,8738.1,1.6504,1,WAIT ZCD,1,0
1789531826525,33031.852,8738.1,1.6504,1,WAIT ZCD,1,0
1789531826535,33018.867,8738.1,1.6504,1,WAIT ZCD,1,0
1789531826545,33018.867,8738.1,1.6504,1,WAIT ZCD,1,0
1789531826555,33005.895,8738.1,1.6504,1,WAIT ZCD,1,0
1789531826565,33031.852,8738.1,1.6504,1,WAIT ZCD,1,0
1789531826575,33018.867,8738.1,1.6504,1,WAIT ZCD,1,0
1789531826584,33031.852,8738.1,1.6504,1,WAIT ZCD,1,0
1789531826595,33031.852,8738.1,1.6504,1,WAIT ZCD,1,0
1789531826605,33031.852,8738.1,1.6504,1,WAIT ZCD,1,0
1789531826614,33018.867,8738.1,1.6504,1,WAIT ZCD,1,0
1789531826625,32345.014,8142.9,1.4820,2,TRACK,0,0
1789531826635,31590.824,809.5,1.4038,2,TRACK,0,0
1789531826645,31543.373,440.5,1.3925,2,TRACK,0,0
1789531826654,31531.531,261.9,1.3861,2,TRACK,0,0
1789531826665,31531.531,107.1,1.3821,2,TRACK,0,0
1789531826675,31507.877,47.6,1.3804,3,LOCK,0,1
1789531826685,31531.531,59.5,1.3796,3,LOCK,0,1
1789531826695,31555.221,83.3,1.3796,2,TRACK,0,0
1789531826705,31519.699,11.9,1.3780,3,LOCK,0,1
1789531826716,31531.531,11.9,1.3788,3,LOCK,0,1
1789531826726,31567.080,23.8,1.3780,3,LOCK,0,1
1789531826736,31543.373,47.6,1.3780,3,LOCK,0,1
1789531826746,31519.699,-11.9,1.3780,3,LOCK,0,1
1789531826756,31496.062,0.0,1.3780,3,LOCK,0,1
1789531826766,31531.531,-35.7,1.3772,3,LOCK,0,1
1789531826776,31519.699,35.7,1.3772,3,LOCK,0,1
1789531826786,31531.531,11.9,1.3764,3,LOCK,0,1
1789531826796,31519.699,-23.8,1.3772,3,LOCK,0,1
1789531826806,31519.699,-59.5,1.3780,3,LOCK,0,1
1789531826816,31507.877,-11.9,1.3772,3,LOCK,0,1
1789531826826,31531.531,-35.7,1.3772,3,LOCK,0,1
1789531826838,31531.531,11.9,1.3780,3,LOCK,0,1
1789531826848,31543.373,0.0,1.3772,3,LOCK,0,1
1789531826859,31507.877,-47.6,1.3780,3,LOCK,0,1
1789531826869,31543.373,23.8,1.3772,3,LOCK,0,1
1789531826879,31519.699,-23.8,1.3772,3,LOCK,0,1
1789531826889,31519.699,11.9,1.3772,3,LOCK,0,1
1789531826899,31555.221,59.5,1.3764,3,LOCK,0,1
1789531826909,31519.699,47.6,1.3764,3,LOCK,0,1
1789531826919,31507.877,-47.6,1.3772,3,LOCK,0,1
1789531826929,31531.531,-11.9,1.3772,3,LOCK,0,1
1789531826939,31507.877,-11.9,1.3772,3,LOCK,0,1
1789531826948,31555.221,59.5,1.3772,3,LOCK,0,1
1789531826959,31519.699,-11.9,1.3772,3,LOCK,0,1
1789531826969,31519.699,-23.8,1.3772,3,LOCK,0,1
1789531826979,31484.258,-47.6,1.3772,3,LOCK,0,1
1789531826989,31507.877,11.9,1.3764,3,LOCK,0,1
1789531826999,31543.373,23.8,1.3764,3,LOCK,0,1
1789531827009,31555.221,-47.6,1.3772,3,LOCK,0,1
1789531827019,31519.699,-35.7,1.3764,3,LOCK,0,1
1789531827029,31531.531,-23.8,1.3764,3,LOCK,0,1
1789531827039,31519.699,-11.9,1.3764,3,LOCK,0,1
1789531827049,31543.373,11.9,1.3764,3,LOCK,0,1
1789531827059,31555.221,-35.7,1.3764,3,LOCK,0,1
1789531827069,31951.312,8142.9,1.6504,1,WAIT ZCD,1,0
1789531827079,33005.895,8142.9,1.6504,1,WAIT ZCD,1,0
1789531827089,33031.852,8142.9,1.6504,1,WAIT ZCD,1,0
1789531827098,33018.867,8142.9,1.6504,1,WAIT ZCD,1,0
1789531827109,33031.852,8142.9,1.6504,1,WAIT ZCD,1,0
1789531827118,33018.867,8142.9,1.6504,1,WAIT ZCD,1,0
1789531827129,33018.867,8142.9,1.6504,1,WAIT ZCD,1,0
1789531827139,33057.852,8142.9,1.6504,1,WAIT ZCD,1,0
1789531827148,33031.852,8142.9,1.6504,1,WAIT ZCD,1,0
1789531827159,33044.848,8142.9,1.6504,1,WAIT ZCD,1,0
1789531827169,33031.852,8142.9,1.6504,1,WAIT ZCD,1,0
1789531827179,33031.852,8142.9,1.6504,1,WAIT ZCD,1,0
1789531827189,33031.852,8142.9,1.6504,1,WAIT ZCD,1,0
1789531827198,33044.848,8142.9,1.6504,1,WAIT ZCD,1,0
1789531827209,33031.852,8142.9,1.6504,1,WAIT ZCD,1,0
1789531827218,33018.867,8142.9,1.6504,1,WAIT ZCD,1,0
1789531827229,33044.848,8142.9,1.6504,1,WAIT ZCD,1,0
1789531827239,33005.895,8142.9,1.6504,1,WAIT ZCD,1,0
1789531827248,33031.852,8142.9,1.6504,1,WAIT ZCD,1,0
1789531827259,33018.867,8142.9,1.6504,1,WAIT ZCD,1,0
1789531827269,33031.852,8142.9,1.6504,1,WAIT ZCD,1,0
1789531827279,33031.852,8142.9,1.6504,1,WAIT ZCD,1,0
1789531827289,33031.852,8142.9,1.6504,1,WAIT ZCD,1,0
1789531827298,33044.848,8142.9,1.6504,1,WAIT ZCD,1,0
1789531827309,33031.852,8142.9,1.6504,1,WAIT ZCD,1,0
1789531827319,33057.852,8142.9,1.6504,1,WAIT ZCD,1,0
1789531827329,33018.867,8142.9,1.6504,1,WAIT ZCD,1,0
1789531827339,33044.848,8142.9,1.6504,1,WAIT ZCD,1,0
1789531827348,33031.852,8142.9,1.6504,1,WAIT ZCD,1,0
1789531827359,33031.852,8142.9,1.6504,1,WAIT ZCD,1,0
1789531827369,33044.848,8142.9,1.6504,1,WAIT ZCD,1,0
1789531827379,33031.852,8142.9,1.6504,1,WAIT ZCD,1,0
1789531827389,33057.852,8142.9,1.6504,1,WAIT ZCD,1,0
1789531827399,33018.867,8142.9,1.6504,1,WAIT ZCD,1,0
1789531827409,33031.852,8142.9,1.6504,1,WAIT ZCD,1,0
1789531827419,33044.848,8142.9,1.6504,1,WAIT ZCD,1,0
1789531827429,33031.852,8142.9,1.6504,1,WAIT ZCD,1,0
1789531827439,33044.848,8142.9,1.6504,1,WAIT ZCD,1,0
1789531827448,33031.852,8142.9,1.6504,1,WAIT ZCD,1,0
1789531827459,33031.852,8142.9,1.6504,1,WAIT ZCD,1,0
1789531827469,33044.848,8142.9,1.6504,1,WAIT ZCD,1,0
1789531827479,33031.852,8142.9,1.6504,1,WAIT ZCD,1,0
1789531827489,33044.848,8142.9,1.6504,1,WAIT ZCD,1,0
1789531827498,33044.848,8142.9,1.6504,1,WAIT ZCD,1,0
1789531827509,33031.852,8142.9,1.6504,1,WAIT ZCD,1,0
1789531827518,32992.930,8142.9,1.6504,1,WAIT ZCD,1,0
1789531827529,33031.852,8142.9,1.6504,1,WAIT ZCD,1,0
1789531827539,33031.852,8142.9,1.6504,1,WAIT ZCD,1,0
1789531827548,33031.852,8142.9,1.6504,1,WAIT ZCD,1,0
1789531827561,33044.848,8142.9,1.6504,1,WAIT ZCD,1,0
1789531827569,33018.867,8142.9,1.6504,1,WAIT ZCD,1,0
1789531827578,33031.852,8142.9,1.6504,1,WAIT ZCD,1,0
1789531827589,33031.852,8142.9,1.6504,1,WAIT ZCD,1,0
1789531827599,33044.848,8142.9,1.6504,1,WAIT ZCD,1,0
1789531827609,33018.867,8142.9,1.6504,1,WAIT ZCD,1,0
1789531827619,33018.867,8142.9,1.6504,1,WAIT ZCD,1,0
1789531827629,33031.852,8142.9,1.6504,1,WAIT ZCD,1,0
1789531827639,33031.852,8142.9,1.6504,1,WAIT ZCD,1,0
1789531827648,33044.848,8142.9,1.6504,1,WAIT ZCD,1,0
1789531827659,33031.852,8142.9,1.6504,1,WAIT ZCD,1,0
1789531827669,32967.031,8142.9,1.6504,1,WAIT ZCD,1,0
1789531827679,33031.852,8142.9,1.6504,1,WAIT ZCD,1,0
1789531827688,33044.848,8142.9,1.6504,1,WAIT ZCD,1,0
1789531827698,33018.867,8142.9,1.6504,1,WAIT ZCD,1,0
1789531827708,33005.895,8142.9,1.6504,1,WAIT ZCD,1,0
1789531827719,33044.848,8142.9,1.6504,1,WAIT ZCD,1,0
1789531827729,33031.852,8142.9,1.6504,1,WAIT ZCD,1,0
1789531827739,33018.867,8142.9,1.6504,1,WAIT ZCD,1,0
1789531827748,33031.852,8142.9,1.6504,1,WAIT ZCD,1,0
1789531827759,33044.848,8142.9,1.6504,1,WAIT ZCD,1,0
1789531827768,33044.848,8142.9,1.6504,1,WAIT ZCD,1,0
1789531827779,33031.852,8142.9,1.6504,1,WAIT ZCD,1,0
1789531827788,33018.867,8142.9,1.6504,1,WAIT ZCD,1,0
1789531827798,33031.852,8142.9,1.6504,1,WAIT ZCD,1,0
1789531827809,33031.852,8142.9,1.6504,1,WAIT ZCD,1,0
1789531827818,33031.852,8142.9,1.6504,1,WAIT ZCD,1,0
1789531827829,33031.852,8142.9,1.6504,1,WAIT ZCD,1,0
1789531827839,33044.848,8142.9,1.6504,1,WAIT ZCD,1,0
1789531827848,33031.852,8142.9,1.6504,1,WAIT ZCD,1,0
1789531827859,33018.867,8142.9,1.6504,1,WAIT ZCD,1,0
1789531827868,33044.848,8142.9,1.6504,1,WAIT ZCD,1,0
1789531827879,33031.852,8142.9,1.6504,1,WAIT ZCD,1,0
1789531827889,33018.867,8142.9,1.6504,1,WAIT ZCD,1,0
1789531827898,33005.895,8142.9,1.6504,1,WAIT ZCD,1,0
1789531827909,33031.852,8142.9,1.6504,1,WAIT ZCD,1,0
1789531827918,33031.852,8142.9,1.6504,1,WAIT ZCD,1,0
1789531827929,33031.852,8142.9,1.6504,1,WAIT ZCD,1,0
1789531827938,33018.867,8142.9,1.6504,1,WAIT ZCD,1,0
1789531827948,33031.852,8142.9,1.6504,1,WAIT ZCD,1,0
1789531827959,33031.852,8142.9,1.6504,1,WAIT ZCD,1,0
1789531827969,33031.852,8142.9,1.6504,1,WAIT ZCD,1,0
1789531827979,33031.852,8142.9,1.6504,1,WAIT ZCD,1,0
1789531827988,33031.852,8142.9,1.6504,1,WAIT ZCD,1,0
1789531827999,33044.848,8142.9,1.6504,1,WAIT ZCD,1,0
1789531828008,33031.852,8142.9,1.6504,1,WAIT ZCD,1,0
1789531828019,33031.852,8142.9,1.6504,1,WAIT ZCD,1,0
1789531828029,33018.867,8142.9,1.6504,1,WAIT ZCD,1,0
1789531828039,33031.852,8142.9,1.6504,1,WAIT ZCD,1,0
1789531828048,33018.867,8142.9,1.6504,1,WAIT ZCD,1,0
1789531828059,33044.848,8142.9,1.6504,1,WAIT ZCD,1,0
1789531828069,32825.324,9190.5,1.6198,2,TRACK,0,0
1789531828079,32159.266,7452.4,1.4530,2,TRACK,0,0
1789531828089,31567.080,571.4,1.3974,2,TRACK,0,0
1789531828098,31555.221,357.1,1.3893,2,TRACK,0,0
1789531828109,31543.373,190.5,1.3837,2,TRACK,0,0
1789531828119,31519.699,142.9,1.3804,2,TRACK,0,0
1789531828129,31567.080,71.4,1.3788,2,TRACK,0,0
1789531828138,31519.699,35.7,1.3780,3,LOCK,0,1
1789531828148,31543.373,-35.7,1.3780,3,LOCK,0,1
1789531828158,31543.373,23.8,1.3772,3,LOCK,0,1
1789531828169,31496.062,0.0,1.3772,3,LOCK,0,1
1789531828179,31555.221,-11.9,1.3772,3,LOCK,0,1
1789531828188,31543.373,-35.7,1.3772,3,LOCK,0,1
1789531828198,31555.221,35.7,1.3772,3,LOCK,0,1
1789531828208,31531.531,-59.5,1.3764,3,LOCK,0,1
1789531828218,31519.699,-11.9,1.3764,3,LOCK,0,1
1789531828228,31543.373,23.8,1.3764,3,LOCK,0,1
1789531828238,31531.531,-23.8,1.3772,3,LOCK,0,1
1789531828249,31519.699,71.4,1.3772,2,TRACK,0,0
1789531828258,31555.221,95.2,1.3764,2,TRACK,0,0
1789531828268,31507.877,11.9,1.3756,3,LOCK,0,1
1789531828282,31543.373,-23.8,1.3764,3,LOCK,0,1
1789531828291,31543.373,35.7,1.3764,3,LOCK,0,1
1789531828304,31507.877,-35.7,1.3764,3,LOCK,0,1
1789531828313,31519.699,-35.7,1.3764,3,LOCK,0,1
1789531828323,31531.531,35.7,1.3756,3,LOCK,0,1
1789531828333,31507.877,-47.6,1.3764,3,LOCK,0,1
1789531828343,31543.373,35.7,1.3764,3,LOCK,0,1
1789531828354,31519.699,-11.9,1.3764,3,LOCK,0,1
1789531828363,31519.699,11.9,1.3764,3,LOCK,0,1
1789531828374,31531.531,35.7,1.3764,3,LOCK,0,1
1789531828384,31531.531,11.9,1.3764,3,LOCK,0,1
1789531828393,31519.699,0.0,1.3764,3,LOCK,0,1
1789531828403,31507.877,-83.3,1.3764,2,TRACK,0,0
1789531828413,31543.373,-11.9,1.3764,3,LOCK,0,1
1789531828424,31507.877,-11.9,1.3764,3,LOCK,0,1
1789531828434,31531.531,0.0,1.3764,3,LOCK,0,1
1789531828443,31543.373,-11.9,1.3764,3,LOCK,0,1
1789531828453,31519.699,-35.7,1.3764,3,LOCK,0,1
1789531828463,31531.531,0.0,1.3764,3,LOCK,0,1
1789531828474,31519.699,23.8,1.3764,3,LOCK,0,1
1789531828484,31519.699,35.7,1.3764,3,LOCK,0,1
1789531828494,31519.699,-83.3,1.3764,2,TRACK,0,0
1789531828504,31531.531,0.0,1.3764,3,LOCK,0,1
1789531828515,31555.221,-35.7,1.3764,3,LOCK,0,1
1789531828524,33018.867,9190.5,1.6504,1,WAIT ZCD,1,0
1789531828534,33031.852,9190.5,1.6504,1,WAIT ZCD,1,0
1789531828544,33031.852,9190.5,1.6504,1,WAIT ZCD,1,0
1789531828555,33005.895,9190.5,1.6504,1,WAIT ZCD,1,0
1789531828564,33044.848,9190.5,1.6504,1,WAIT ZCD,1,0
1789531828575,33044.848,9190.5,1.6504,1,WAIT ZCD,1,0
1789531828585,33005.895,9190.5,1.6504,1,WAIT ZCD,1,0
1789531828595,33044.848,9190.5,1.6504,1,WAIT ZCD,1,0
1789531828604,33031.852,9190.5,1.6504,1,WAIT ZCD,1,0
1789531828614,33031.852,9190.5,1.6504,1,WAIT ZCD,1,0
1789531828625,33018.867,9190.5,1.6504,1,WAIT ZCD,1,0
1789531828635,33031.852,9190.5,1.6504,1,WAIT ZCD,1,0
1789531828645,33005.895,9190.5,1.6504,1,WAIT ZCD,1,0
1789531828655,33018.867,9190.5,1.6504,1,WAIT ZCD,1,0
1789531828664,33044.848,9190.5,1.6504,1,WAIT ZCD,1,0
1789531828674,33005.895,9190.5,1.6504,1,WAIT ZCD,1,0
1789531828685,33031.852,9190.5,1.6504,1,WAIT ZCD,1,0
1789531828695,33057.852,9190.5,1.6504,1,WAIT ZCD,1,0
1789531828705,33018.867,9190.5,1.6504,1,WAIT ZCD,1,0
1789531828714,33031.852,9190.5,1.6504,1,WAIT ZCD,1,0
1789531828725,33031.852,9190.5,1.6504,1,WAIT ZCD,1,0
1789531828734,33031.852,9190.5,1.6504,1,WAIT ZCD,1,0
1789531828744,33044.848,9190.5,1.6504,1,WAIT ZCD,1,0
1789531828755,33057.852,9190.5,1.6504,1,WAIT ZCD,1,0
1789531828765,33031.852,9190.5,1.6504,1,WAIT ZCD,1,0
1789531828774,33031.852,9190.5,1.6504,1,WAIT ZCD,1,0
1789531828784,33031.852,9190.5,1.6504,1,WAIT ZCD,1,0
1789531828795,33031.852,9190.5,1.6504,1,WAIT ZCD,1,0
1789531828805,33044.848,9190.5,1.6504,1,WAIT ZCD,1,0
1789531828814,33044.848,9190.5,1.6504,1,WAIT ZCD,1,0
1789531828824,33018.867,9190.5,1.6504,1,WAIT ZCD,1,0
1789531828834,33044.848,9190.5,1.6504,1,WAIT ZCD,1,0
1789531828844,33057.852,9190.5,1.6504,1,WAIT ZCD,1,0
1789531828855,33031.852,9190.5,1.6504,1,WAIT ZCD,1,0
1789531828865,33031.852,9190.5,1.6504,1,WAIT ZCD,1,0
1789531828874,33044.848,9190.5,1.6504,1,WAIT ZCD,1,0
1789531828884,33018.867,9190.5,1.6504,1,WAIT ZCD,1,0
1789531828894,33031.852,9190.5,1.6504,1,WAIT ZCD,1,0
1789531828905,33031.852,9190.5,1.6504,1,WAIT ZCD,1,0
1789531828914,33031.852,9190.5,1.6504,1,WAIT ZCD,1,0
1789531828925,33018.867,9190.5,1.6504,1,WAIT ZCD,1,0
1789531828935,33057.852,9190.5,1.6504,1,WAIT ZCD,1,0
1789531828944,33044.848,9190.5,1.6504,1,WAIT ZCD,1,0
1789531828955,33044.848,9190.5,1.6504,1,WAIT ZCD,1,0
1789531828964,33018.867,9190.5,1.6504,1,WAIT ZCD,1,0
1789531828974,33044.848,9190.5,1.6504,1,WAIT ZCD,1,0
1789531828984,33031.852,9190.5,1.6504,1,WAIT ZCD,1,0
1789531828994,33031.852,9190.5,1.6504,1,WAIT ZCD,1,0
1789531829005,33018.867,9190.5,1.6504,1,WAIT ZCD,1,0
1789531829014,33018.867,9190.5,1.6504,1,WAIT ZCD,1,0
1789531829025,33018.867,9190.5,1.6504,1,WAIT ZCD,1,0
1789531829035,33031.852,9190.5,1.6504,1,WAIT ZCD,1,0
1789531829047,33031.852,9190.5,1.6504,1,WAIT ZCD,1,0
1789531829054,33005.895,9190.5,1.6504,1,WAIT ZCD,1,0
1789531829064,33044.848,9190.5,1.6504,1,WAIT ZCD,1,0
1789531829074,33031.852,9190.5,1.6504,1,WAIT ZCD,1,0
1789531829084,33044.848,9190.5,1.6504,1,WAIT ZCD,1,0
1789531829094,33031.852,9190.5,1.6504,1,WAIT ZCD,1,0
1789531829105,33044.848,9190.5,1.6504,1,WAIT ZCD,1,0
1789531829115,33031.852,9190.5,1.6504,1,WAIT ZCD,1,0
1789531829124,33044.848,9190.5,1.6504,1,WAIT ZCD,1,0
1789531829134,33031.852,9190.5,1.6504,1,WAIT ZCD,1,0
1789531829145,33057.852,9190.5,1.6504,1,WAIT ZCD,1,0
1789531829155,33031.852,9190.5,1.6504,1,WAIT ZCD,1,0
1789531829164,33044.848,9190.5,1.6504,1,WAIT ZCD,1,0
1789531829175,33031.852,9190.5,1.6504,1,WAIT ZCD,1,0
1789531829184,33057.852,9190.5,1.6504,1,WAIT ZCD,1,0
1789531829194,33044.848,9190.5,1.6504,1,WAIT ZCD,1,0
1789531829205,33018.867,9190.5,1.6504,1,WAIT ZCD,1,0
1789531829214,33031.852,9190.5,1.6504,1,WAIT ZCD,1,0
1789531829225,33044.848,9190.5,1.6504,1,WAIT ZCD,1,0
1789531829234,33018.867,9190.5,1.6504,1,WAIT ZCD,1,0
1789531829244,33044.848,9190.5,1.6504,1,WAIT ZCD,1,0
1789531829255,33044.848,9190.5,1.6504,1,WAIT ZCD,1,0
1789531829264,33031.852,9190.5,1.6504,1,WAIT ZCD,1,0
1789531829274,33031.852,9190.5,1.6504,1,WAIT ZCD,1,0
1789531829284,33018.867,9190.5,1.6504,1,WAIT ZCD,1,0
1789531829294,33018.867,9190.5,1.6504,1,WAIT ZCD,1,0
1789531829304,33031.852,9190.5,1.6504,1,WAIT ZCD,1,0
1789531829314,33057.852,9190.5,1.6504,1,WAIT ZCD,1,0
1789531829324,33044.848,9190.5,1.6504,1,WAIT ZCD,1,0
1789531829334,33018.867,9190.5,1.6504,1,WAIT ZCD,1,0
1789531829344,33057.852,9190.5,1.6504,1,WAIT ZCD,1,0
1789531829355,33018.867,9190.5,1.6504,1,WAIT ZCD,1,0
1789531829364,33044.848,9190.5,1.6504,1,WAIT ZCD,1,0
1789531829374,33018.867,9190.5,1.6504,1,WAIT ZCD,1,0
1789531829384,33044.848,9190.5,1.6504,1,WAIT ZCD,1,0
1789531829394,33031.852,9190.5,1.6504,1,WAIT ZCD,1,0
1789531829404,33031.852,9190.5,1.6504,1,WAIT ZCD,1,0
1789531829414,33018.867,9190.5,1.6504,1,WAIT ZCD,1,0
1789531829424,33018.867,9190.5,1.6504,1,WAIT ZCD,1,0
1789531829434,33044.848,9190.5,1.6504,1,WAIT ZCD,1,0
1789531829444,33018.867,9190.5,1.6504,1,WAIT ZCD,1,0
1789531829454,33018.867,9190.5,1.6504,1,WAIT ZCD,1,0
1789531829464,33018.867,9190.5,1.6504,1,WAIT ZCD,1,0
1789531829474,33044.848,9190.5,1.6504,1,WAIT ZCD,1,0
1789531829484,33031.852,9190.5,1.6504,1,WAIT ZCD,1,0
1789531829494,33031.852,9190.5,1.6504,1,WAIT ZCD,1,0
1789531829504,33031.852,9190.5,1.6504,1,WAIT ZCD,1,0
1789531829514,33018.867,9190.5,1.6504,1,WAIT ZCD,1,0
1789531829524,32659.408,9297.6,1.5473,2,TRACK,0,0
1789531829534,31878.559,5595.2,1.4127,2,TRACK,0,0
1789531829544,31543.373,428.6,1.3941,2,TRACK,0,0
1789531829554,31567.080,345.2,1.3861,2,TRACK,0,0
1789531829564,31555.221,178.6,1.3821,2,TRACK,0,0
1789531829574,31472.461,11.9,1.3796,3,LOCK,0,1
1789531829584,31519.699,47.6,1.3788,3,LOCK,0,1
1789531829594,31531.531,11.9,1.3780,3,LOCK,0,1
1789531829604,31555.221,71.4,1.3772,2,TRACK,0,0
1789531829614,31543.373,59.5,1.3772,3,LOCK,0,1
1789531829624,31507.877,-47.6,1.3772,3,LOCK,0,1
1789531829634,31519.699,11.9,1.3764,3,LOCK,0,1
1789531829644,31496.062,-107.1,1.3764,2,TRACK,0,0
1789531829657,31531.531,11.9,1.3772,3,LOCK,0,1
1789531829667,31507.877,-11.9,1.3764,3,LOCK,0,1
1789531829676,31543.373,-35.7,1.3772,3,LOCK,0,1
1789531829686,31543.373,23.8,1.3764,3,LOCK,0,1
1789531829696,31567.080,35.7,1.3772,3,LOCK,0,1
1789531829706,31543.373,23.8,1.3772,3,LOCK,0,1
1789531829716,31543.373,107.1,1.3764,2,TRACK,0,0
1789531829726,31519.699,0.0,1.3756,3,LOCK,0,1
1789531829736,31543.373,11.9,1.3756,3,LOCK,0,1
1789531829746,31543.373,-59.5,1.3756,3,LOCK,0,1
1789531829758,31555.221,23.8,1.3764,3,LOCK,0,1
1789531829767,31543.373,23.8,1.3764,3,LOCK,0,1
1789531829777,31543.373,11.9,1.3764,3,LOCK,0,1
1789531829787,31507.877,-11.9,1.3756,3,LOCK,0,1
1789531829797,31531.531,-59.5,1.3756,3,LOCK,0,1
1789531829810,31519.699,11.9,1.3756,3,LOCK,0,1
1789531829819,31531.531,-11.9,1.3756,3,LOCK,0,1
1789531829830,31519.699,35.7,1.3756,3,LOCK,0,1
1789531829839,31543.373,-23.8,1.3756,3,LOCK,0,1
1789531829849,31496.062,11.9,1.3764,3,LOCK,0,1
1789531829859,31531.531,0.0,1.3756,3,LOCK,0,1
1789531829869,31519.699,-47.6,1.3756,3,LOCK,0,1
1789531829879,31519.699,11.9,1.3764,3,LOCK,0,1
1789531829889,31519.699,11.9,1.3764,3,LOCK,0,1
1789531829901,31507.877,0.0,1.3756,3,LOCK,0,1
1789531829910,31484.258,-35.7,1.3756,3,LOCK,0,1
1789531829920,31531.531,23.8,1.3756,3,LOCK,0,1
1789531829930,31507.877,-35.7,1.3756,3,LOCK,0,1
1789531829940,31555.221,47.6,1.3756,3,LOCK,0,1
1789531829950,31472.461,-47.6,1.3756,3,LOCK,0,1
1789531829960,31543.373,11.9,1.3748,3,LOCK,0,1
1789531829970,31963.471,9297.6,1.6504,1,WAIT ZCD,1,0
1789531829980,33005.895,9297.6,1.6504,1,WAIT ZCD,1,0
1789531829990,33044.848,9297.6,1.6504,1,WAIT ZCD,1,0
1789531830000,33018.867,9297.6,1.6504,1,WAIT ZCD,1,0
1789531830010,33031.852,9297.6,1.6504,1,WAIT ZCD,1,0
1789531830020,33018.867,9297.6,1.6504,1,WAIT ZCD,1,0
1789531830030,33005.895,9297.6,1.6504,1,WAIT ZCD,1,0
1789531830041,33005.895,9297.6,1.6504,1,WAIT ZCD,1,0
1789531830050,33018.867,9297.6,1.6504,1,WAIT ZCD,1,0
1789531830060,33044.848,9297.6,1.6504,1,WAIT ZCD,1,0
1789531830071,32992.930,9297.6,1.6504,1,WAIT ZCD,1,0
1789531830080,33018.867,9297.6,1.6504,1,WAIT ZCD,1,0
1789531830090,33031.852,9297.6,1.6504,1,WAIT ZCD,1,0
1789531830100,33005.895,9297.6,1.6504,1,WAIT ZCD,1,0
1789531830110,33018.867,9297.6,1.6504,1,WAIT ZCD,1,0
1789531830120,33031.852,9297.6,1.6504,1,WAIT ZCD,1,0
1789531830130,33005.895,9297.6,1.6504,1,WAIT ZCD,1,0
1789531830140,33031.852,9297.6,1.6504,1,WAIT ZCD,1,0
1789531830150,33057.852,9297.6,1.6504,1,WAIT ZCD,1,0
1789531830160,33005.895,9297.6,1.6504,1,WAIT ZCD,1,0
1789531830170,33031.852,9297.6,1.6504,1,WAIT ZCD,1,0
1789531830180,33005.895,9297.6,1.6504,1,WAIT ZCD,1,0
1789531830190,33018.867,9297.6,1.6504,1,WAIT ZCD,1,0
1789531830200,33018.867,9297.6,1.6504,1,WAIT ZCD,1,0
1789531830210,33018.867,9297.6,1.6504,1,WAIT ZCD,1,0
1789531830220,33044.848,9297.6,1.6504,1,WAIT ZCD,1,0
1789531830230,33031.852,9297.6,1.6504,1,WAIT ZCD,1,0
1789531830240,33031.852,9297.6,1.6504,1,WAIT ZCD,1,0
1789531830250,33005.895,9297.6,1.6504,1,WAIT ZCD,1,0
1789531830260,33018.867,9297.6,1.6504,1,WAIT ZCD,1,0
1789531830271,33031.852,9297.6,1.6504,1,WAIT ZCD,1,0
1789531830280,33018.867,9297.6,1.6504,1,WAIT ZCD,1,0
1789531830290,32992.930,9297.6,1.6504,1,WAIT ZCD,1,0
1789531830300,33018.867,9297.6,1.6504,1,WAIT ZCD,1,0
1789531830310,33005.895,9297.6,1.6504,1,WAIT ZCD,1,0
1789531830321,33044.848,9297.6,1.6504,1,WAIT ZCD,1,0
1789531830330,33031.852,9297.6,1.6504,1,WAIT ZCD,1,0
1789531830340,33044.848,9297.6,1.6504,1,WAIT ZCD,1,0
1789531830350,33018.867,9297.6,1.6504,1,WAIT ZCD,1,0
1789531830360,33018.867,9297.6,1.6504,1,WAIT ZCD,1,0
1789531830370,33005.895,9297.6,1.6504,1,WAIT ZCD,1,0
1789531830380,33018.867,9297.6,1.6504,1,WAIT ZCD,1,0
1789531830390,33018.867,9297.6,1.6504,1,WAIT ZCD,1,0
1789531830400,33005.895,9297.6,1.6504,1,WAIT ZCD,1,0
1789531830410,33031.852,9297.6,1.6504,1,WAIT ZCD,1,0
1789531830420,33005.895,9297.6,1.6504,1,WAIT ZCD,1,0
1789531830430,33031.852,9297.6,1.6504,1,WAIT ZCD,1,0
1789531830440,33018.867,9297.6,1.6504,1,WAIT ZCD,1,0
1789531830450,33005.895,9297.6,1.6504,1,WAIT ZCD,1,0
1789531830460,33018.867,9297.6,1.6504,1,WAIT ZCD,1,0
1789531830470,33018.867,9297.6,1.6504,1,WAIT ZCD,1,0
1789531830480,33018.867,9297.6,1.6504,1,WAIT ZCD,1,0
1789531830490,33018.867,9297.6,1.6504,1,WAIT ZCD,1,0
1789531830500,33031.852,9297.6,1.6504,1,WAIT ZCD,1,0
1789531830510,33044.848,9297.6,1.6504,1,WAIT ZCD,1,0
1789531830520,33005.895,9297.6,1.6504,1,WAIT ZCD,1,0
1789531830530,33018.867,9297.6,1.6504,1,WAIT ZCD,1,0
1789531830540,33031.852,9297.6,1.6504,1,WAIT ZCD,1,0
1789531830550,33005.895,9297.6,1.6504,1,WAIT ZCD,1,0
1789531830560,32992.930,9297.6,1.6504,1,WAIT ZCD,1,0
1789531830570,33044.848,9297.6,1.6504,1,WAIT ZCD,1,0
1789531830580,33031.852,9297.6,1.6504,1,WAIT ZCD,1,0
1789531830590,33031.852,9297.6,1.6504,1,WAIT ZCD,1,0
1789531830600,33005.895,9297.6,1.6504,1,WAIT ZCD,1,0
1789531830610,33018.867,9297.6,1.6504,1,WAIT ZCD,1,0
1789531830620,33018.867,9297.6,1.6504,1,WAIT ZCD,1,0
1789531830630,33005.895,9297.6,1.6504,1,WAIT ZCD,1,0
1789531830640,33018.867,9297.6,1.6504,1,WAIT ZCD,1,0
1789531830650,33005.895,9297.6,1.6504,1,WAIT ZCD,1,0
1789531830660,33031.852,9297.6,1.6504,1,WAIT ZCD,1,0
1789531830670,33031.852,9297.6,1.6504,1,WAIT ZCD,1,0
1789531830680,33031.852,9297.6,1.6504,1,WAIT ZCD,1,0
1789531830690,33018.867,9297.6,1.6504,1,WAIT ZCD,1,0
1789531830700,33031.852,9297.6,1.6504,1,WAIT ZCD,1,0
1789531830710,33031.852,9297.6,1.6504,1,WAIT ZCD,1,0
1789531830720,33031.852,9297.6,1.6504,1,WAIT ZCD,1,0
1789531830730,33031.852,9297.6,1.6504,1,WAIT ZCD,1,0
1789531830740,33018.867,9297.6,1.6504,1,WAIT ZCD,1,0
1789531830750,33031.852,9297.6,1.6504,1,WAIT ZCD,1,0
1789531830760,33031.852,9297.6,1.6504,1,WAIT ZCD,1,0
1789531830770,33018.867,9297.6,1.6504,1,WAIT ZCD,1,0
1789531830780,33031.852,9297.6,1.6504,1,WAIT ZCD,1,0
1789531830790,33005.895,9297.6,1.6504,1,WAIT ZCD,1,0
1789531830800,33044.848,9297.6,1.6504,1,WAIT ZCD,1,0
1789531830810,33031.852,9297.6,1.6504,1,WAIT ZCD,1,0
1789531830820,33018.867,9297.6,1.6504,1,WAIT ZCD,1,0
1789531830830,33031.852,9297.6,1.6504,1,WAIT ZCD,1,0
1789531830840,33057.852,9297.6,1.6504,1,WAIT ZCD,1,0
1789531830850,33005.895,9297.6,1.6504,1,WAIT ZCD,1,0
1789531830860,33031.852,9297.6,1.6504,1,WAIT ZCD,1,0
1789531830870,33031.852,9297.6,1.6504,1,WAIT ZCD,1,0
1789531830880,33031.852,9297.6,1.6504,1,WAIT ZCD,1,0
1789531830890,33031.852,9297.6,1.6504,1,WAIT ZCD,1,0
1789531830900,33031.852,9297.6,1.6504,1,WAIT ZCD,1,0
1789531830910,33031.852,9297.6,1.6504,1,WAIT ZCD,1,0
1789531830920,33018.867,9297.6,1.6504,1,WAIT ZCD,1,0
1789531830930,33044.848,9297.6,1.6504,1,WAIT ZCD,1,0
1789531830940,33044.848,9297.6,1.6504,1,WAIT ZCD,1,0
1789531830950,33018.867,9297.6,1.6504,1,WAIT ZCD,1,0
1789531830960,33018.867,9297.6,1.6504,1,WAIT ZCD,1,0
1789531830970,32838.156,6250.0,1.6222,2,TRACK,0,0
1789531830980,32122.371,7535.7,1.4514,2,TRACK,0,0
1789531830990,31555.221,523.8,1.3966,2,TRACK,0,0
1789531831000,31531.531,345.2,1.3877,2,TRACK,0,0
1789531831010,31555.221,214.3,1.3829,2,TRACK,0,0
1789531831020,31543.373,95.2,1.3804,2,TRACK,0,0
1789531831030,31507.877,47.6,1.3788,3,LOCK,0,1
1789531831041,31555.221,119.0,1.3780,2,TRACK,0,0
1789531831050,31531.531,59.5,1.3764,3,LOCK,0,1
1789531831060,31519.699,11.9,1.3756,3,LOCK,0,1
1789531831070,31555.221,-11.9,1.3756,3,LOCK,0,1
1789531831080,31507.877,11.9,1.3756,3,LOCK,0,1
1789531831090,31543.373,-11.9,1.3756,3,LOCK,0,1
1789531831102,31519.699,23.8,1.3756,3,LOCK,0,1
1789531831111,31567.080,59.5,1.3756,3,LOCK,0,1
1789531831121,31531.531,83.3,1.3748,2,TRACK,0,0
1789531831131,31519.699,-35.7,1.3748,3,LOCK,0,1
1789531831141,31519.699,35.7,1.3756,3,LOCK,0,1
1789531831151,31555.221,35.7,1.3748,3,LOCK,0,1
1789531831161,31484.258,-23.8,1.3756,3,LOCK,0,1
1789531831172,31519.699,0.0,1.3756,3,LOCK,0,1
1789531831181,31496.062,11.9,1.3748,3,LOCK,0,1
1789531831191,31519.699,0.0,1.3740,3,LOCK,0,1
1789531831201,31507.877,-11.9,1.3748,3,LOCK,0,1
1789531831211,31507.877,11.9,1.3748,3,LOCK,0,1
1789531831221,31507.877,0.0,1.3748,3,LOCK,0,1
1789531831231,31519.699,-59.5,1.3748,3,LOCK,0,1
1789531831241,31567.080,35.7,1.3748,3,LOCK,0,1
1789531831251,31519.699,23.8,1.3748,3,LOCK,0,1
1789531831261,31484.258,-11.9,1.3748,3,LOCK,0,1
1789531831271,31531.531,23.8,1.3740,3,LOCK,0,1
1789531831281,31543.373,35.7,1.3740,3,LOCK,0,1
1789531831294,31519.699,-11.9,1.3748,3,LOCK,0,1
1789531831303,31507.877,-47.6,1.3740,3,LOCK,0,1
1789531831313,31519.699,-11.9,1.3748,3,LOCK,0,1
1789531831323,31519.699,-11.9,1.3748,3,LOCK,0,1
1789531831333,31519.699,23.8,1.3740,3,LOCK,0,1
1789531831343,31507.877,-11.9,1.3740,3,LOCK,0,1
1789531831353,31519.699,11.9,1.3748,3,LOCK,0,1
1789531831363,31519.699,0.0,1.3740,3,LOCK,0,1
1789531831376,31531.531,0.0,1.3748,3,LOCK,0,1
1789531831386,31531.531,0.0,1.3740,3,LOCK,0,1
1789531831395,31531.531,23.8,1.3740,3,LOCK,0,1
1789531831405,31496.062,-59.5,1.3740,3,LOCK,0,1
1789531831415,31519.699,-35.7,1.3740,3,LOCK,0,1
1789531831425,33031.852,6250.0,1.6504,1,WAIT ZCD,1,0
1789531831435,33018.867,6250.0,1.6504,1,WAIT ZCD,1,0
1789531831445,33031.852,6250.0,1.6504,1,WAIT ZCD,1,0
1789531831455,33044.848,6250.0,1.6504,1,WAIT ZCD,1,0
1789531831465,33005.895,6250.0,1.6504,1,WAIT ZCD,1,0
1789531831475,33031.852,6250.0,1.6504,1,WAIT ZCD,1,0
1789531831485,33031.852,6250.0,1.6504,1,WAIT ZCD,1,0
1789531831495,33044.848,6250.0,1.6504,1,WAIT ZCD,1,0
1789531831505,33031.852,6250.0,1.6504,1,WAIT ZCD,1,0
1789531831515,33018.867,6250.0,1.6504,1,WAIT ZCD,1,0
1789531831525,33005.895,6250.0,1.6504,1,WAIT ZCD,1,0
1789531831535,33018.867,6250.0,1.6504,1,WAIT ZCD,1,0
1789531831545,33005.895,6250.0,1.6504,1,WAIT ZCD,1,0
1789531831555,33031.852,6250.0,1.6504,1,WAIT ZCD,1,0
1789531831565,33044.848,6250.0,1.6504,1,WAIT ZCD,1,0
1789531831575,33031.852,6250.0,1.6504,1,WAIT ZCD,1,0
1789531831585,33031.852,6250.0,1.6504,1,WAIT ZCD,1,0
1789531831595,33044.848,6250.0,1.6504,1,WAIT ZCD,1,0
1789531831605,33031.852,6250.0,1.6504,1,WAIT ZCD,1,0
1789531831615,33018.867,6250.0,1.6504,1,WAIT ZCD,1,0
1789531831626,33018.867,6250.0,1.6504,1,WAIT ZCD,1,0
1789531831635,33018.867,6250.0,1.6504,1,WAIT ZCD,1,0
1789531831645,33031.852,6250.0,1.6504,1,WAIT ZCD,1,0
1789531831655,33018.867,6250.0,1.6504,1,WAIT ZCD,1,0
1789531831665,33031.852,6250.0,1.6504,1,WAIT ZCD,1,0
1789531831675,33018.867,6250.0,1.6504,1,WAIT ZCD,1,0
1789531831685,33057.852,6250.0,1.6504,1,WAIT ZCD,1,0
1789531831696,33018.867,6250.0,1.6504,1,WAIT ZCD,1,0
1789531831705,33018.867,6250.0,1.6504,1,WAIT ZCD,1,0
1789531831715,33018.867,6250.0,1.6504,1,WAIT ZCD,1,0
1789531831725,33018.867,6250.0,1.6504,1,WAIT ZCD,1,0
1789531831735,33044.848,6250.0,1.6504,1,WAIT ZCD,1,0
1789531831745,33031.852,6250.0,1.6504,1,WAIT ZCD,1,0
1789531831755,33005.895,6250.0,1.6504,1,WAIT ZCD,1,0
1789531831765,33031.852,6250.0,1.6504,1,WAIT ZCD,1,0
1789531831775,33031.852,6250.0,1.6504,1,WAIT ZCD,1,0
1789531831785,33031.852,6250.0,1.6504,1,WAIT ZCD,1,0
1789531831795,33044.848,6250.0,1.6504,1,WAIT ZCD,1,0
1789531831805,32992.930,6250.0,1.6504,1,WAIT ZCD,1,0
1789531831815,33031.852,6250.0,1.6504,1,WAIT ZCD,1,0
1789531831825,33031.852,6250.0,1.6504,1,WAIT ZCD,1,0
1789531831835,33031.852,6250.0,1.6504,1,WAIT ZCD,1,0
1789531831845,33044.848,6250.0,1.6504,1,WAIT ZCD,1,0
1789531831855,33031.852,6250.0,1.6504,1,WAIT ZCD,1,0
1789531831865,33005.895,6250.0,1.6504,1,WAIT ZCD,1,0
1789531831875,33044.848,6250.0,1.6504,1,WAIT ZCD,1,0
1789531831885,33031.852,6250.0,1.6504,1,WAIT ZCD,1,0
1789531831895,33031.852,6250.0,1.6504,1,WAIT ZCD,1,0
1789531831905,33018.867,6250.0,1.6504,1,WAIT ZCD,1,0
1789531831915,33005.895,6250.0,1.6504,1,WAIT ZCD,1,0
1789531831925,33018.867,6250.0,1.6504,1,WAIT ZCD,1,0
1789531831935,33044.848,6250.0,1.6504,1,WAIT ZCD,1,0
1789531831945,33044.848,6250.0,1.6504,1,WAIT ZCD,1,0
1789531831955,33031.852,6250.0,1.6504,1,WAIT ZCD,1,0
1789531831965,33044.848,6250.0,1.6504,1,WAIT ZCD,1,0
1789531831975,33031.852,6250.0,1.6504,1,WAIT ZCD,1,0
1789531831985,33018.867,6250.0,1.6504,1,WAIT ZCD,1,0
1789531831995,33031.852,6250.0,1.6504,1,WAIT ZCD,1,0
1789531832005,33031.852,6250.0,1.6504,1,WAIT ZCD,1,0
1789531832015,33018.867,6250.0,1.6504,1,WAIT ZCD,1,0
1789531832025,33031.852,6250.0,1.6504,1,WAIT ZCD,1,0
1789531832035,33018.867,6250.0,1.6504,1,WAIT ZCD,1,0
1789531832045,33031.852,6250.0,1.6504,1,WAIT ZCD,1,0
1789531832055,33018.867,6250.0,1.6504,1,WAIT ZCD,1,0
1789531832065,33031.852,6250.0,1.6504,1,WAIT ZCD,1,0
1789531832075,33018.867,6250.0,1.6504,1,WAIT ZCD,1,0
1789531832085,33031.852,6250.0,1.6504,1,WAIT ZCD,1,0
1789531832095,33031.852,6250.0,1.6504,1,WAIT ZCD,1,0
1789531832105,33044.848,6250.0,1.6504,1,WAIT ZCD,1,0
1789531832115,33031.852,6250.0,1.6504,1,WAIT ZCD,1,0
1789531832125,33031.852,6250.0,1.6504,1,WAIT ZCD,1,0
1789531832135,33044.848,6250.0,1.6504,1,WAIT ZCD,1,0
1789531832145,33044.848,6250.0,1.6504,1,WAIT ZCD,1,0
1789531832155,33031.852,6250.0,1.6504,1,WAIT ZCD,1,0
1789531832165,33031.852,6250.0,1.6504,1,WAIT ZCD,1,0
1789531832175,33044.848,6250.0,1.6504,1,WAIT ZCD,1,0
1789531832185,33044.848,6250.0,1.6504,1,WAIT ZCD,1,0
1789531832195,33057.852,6250.0,1.6504,1,WAIT ZCD,1,0
1789531832205,33005.895,6250.0,1.6504,1,WAIT ZCD,1,0
1789531832215,33031.852,6250.0,1.6504,1,WAIT ZCD,1,0
1789531832225,33018.867,6250.0,1.6504,1,WAIT ZCD,1,0
1789531832235,33057.852,6250.0,1.6504,1,WAIT ZCD,1,0
1789531832245,33031.852,6250.0,1.6504,1,WAIT ZCD,1,0
1789531832255,33031.852,6250.0,1.6504,1,WAIT ZCD,1,0
1789531832265,33031.852,6250.0,1.6504,1,WAIT ZCD,1,0
1789531832275,33018.867,6250.0,1.6504,1,WAIT ZCD,1,0
1789531832285,33044.848,6250.0,1.6504,1,WAIT ZCD,1,0
1789531832295,33044.848,6250.0,1.6504,1,WAIT ZCD,1,0
1789531832305,33044.848,6250.0,1.6504,1,WAIT ZCD,1,0
1789531832315,33044.848,6250.0,1.6504,1,WAIT ZCD,1,0
1789531832325,33005.895,6250.0,1.6504,1,WAIT ZCD,1,0
1789531832335,33018.867,6250.0,1.6504,1,WAIT ZCD,1,0
1789531832345,33044.848,6250.0,1.6504,1,WAIT ZCD,1,0
1789531832355,33031.852,6250.0,1.6504,1,WAIT ZCD,1,0
1789531832365,33018.867,6250.0,1.6504,1,WAIT ZCD,1,0
1789531832378,33031.852,6250.0,1.6504,1,WAIT ZCD,1,0
1789531832385,33031.852,6250.0,1.6504,1,WAIT ZCD,1,0
1789531832395,33018.867,6250.0,1.6504,1,WAIT ZCD,1,0
1789531832405,33018.867,6250.0,1.6504,1,WAIT ZCD,1,0
1789531832415,33044.848,6250.0,1.6504,1,WAIT ZCD,1,0
1789531832425,32545.525,8773.8,1.5231,2,TRACK,0,0
1789531832435,31555.221,1821.4,1.4022,2,TRACK,0,0
1789531832445,31543.373,464.3,1.3933,2,TRACK,0,0
1789531832455,31555.221,357.1,1.3861,2,TRACK,0,0
1789531832465,31567.080,226.2,1.3812,2,TRACK,0,0
1789531832475,31567.080,119.0,1.3780,2,TRACK,0,0
1789531832485,31531.531,59.5,1.3764,3,LOCK,0,1
1789531832495,31519.699,35.7,1.3756,3,LOCK,0,1
1789531832505,31543.373,-35.7,1.3756,3,LOCK,0,1
1789531832515,31507.877,0.0,1.3756,3,LOCK,0,1
1789531832525,31507.877,-35.7,1.3756,3,LOCK,0,1
1789531832535,31519.699,23.8,1.3756,3,LOCK,0,1
1789531832545,31531.531,83.3,1.3756,2,TRACK,0,0
1789531832555,31543.373,35.7,1.3756,3,LOCK,0,1
1789531832565,31543.373,95.2,1.3756,2,TRACK,0,0
1789531832575,31507.877,0.0,1.3756,3,LOCK,0,1
1789531832585,31555.221,23.8,1.3748,3,LOCK,0,1
1789531832595,31531.531,11.9,1.3748,3,LOCK,0,1
1789531832605,31519.699,23.8,1.3748,3,LOCK,0,1
1789531832615,31531.531,0.0,1.3748,3,LOCK,0,1
1789531832625,31555.221,0.0,1.3748,3,LOCK,0,1
1789531832635,31519.699,11.9,1.3748,3,LOCK,0,1
1789531832645,31543.373,47.6,1.3748,3,LOCK,0,1
1789531832655,31507.877,-23.8,1.3748,3,LOCK,0,1
1789531832665,31507.877,0.0,1.3740,3,LOCK,0,1
1789531832675,31543.373,35.7,1.3740,3,LOCK,0,1
1789531832686,31543.373,47.6,1.3740,3,LOCK,0,1
1789531832695,31519.699,23.8,1.3740,3,LOCK,0,1
1789531832705,31531.531,-47.6,1.3740,3,LOCK,0,1
1789531832715,31519.699,11.9,1.3740,3,LOCK,0,1
1789531832725,31496.062,-35.7,1.3740,3,LOCK,0,1
1789531832735,31543.373,35.7,1.3740,3,LOCK,0,1
1789531832745,31507.877,0.0,1.3732,3,LOCK,0,1
1789531832755,31531.531,59.5,1.3732,3,LOCK,0,1
1789531832765,31496.062,-35.7,1.3732,3,LOCK,0,1
1789531832775,31507.877,11.9,1.3740,3,LOCK,0,1
1789531832785,31519.699,-11.9,1.3740,3,LOCK,0,1
1789531832796,31507.877,-11.9,1.3740,3,LOCK,0,1
1789531832806,31531.531,11.9,1.3740,3,LOCK,0,1
1789531832816,31543.373,23.8,1.3732,3,LOCK,0,1
1789531832826,31507.877,-35.7,1.3740,3,LOCK,0,1
1789531832836,31531.531,35.7,1.3732,3,LOCK,0,1
1789531832846,31531.531,-23.8,1.3732,3,LOCK,0,1
1789531832856,31507.877,-35.7,1.3740,3,LOCK,0,1
1789531832868,31519.699,35.7,1.3732,3,LOCK,0,1
1789531832878,33044.848,8773.8,1.6504,1,WAIT ZCD,1,0
1789531832888,33044.848,8773.8,1.6504,1,WAIT ZCD,1,0
1789531832898,33031.852,8773.8,1.6504,1,WAIT ZCD,1,0
1789531832908,33044.848,8773.8,1.6504,1,WAIT ZCD,1,0
1789531832918,33057.852,8773.8,1.6504,1,WAIT ZCD,1,0
1789531832928,33018.867,8773.8,1.6504,1,WAIT ZCD,1,0
1789531832938,33044.848,8773.8,1.6504,1,WAIT ZCD,1,0
1789531832948,33031.852,8773.8,1.6504,1,WAIT ZCD,1,0
1789531832958,33031.852,8773.8,1.6504,1,WAIT ZCD,1,0
1789531832968,33031.852,8773.8,1.6504,1,WAIT ZCD,1,0
1789531832978,33031.852,8773.8,1.6504,1,WAIT ZCD,1,0
1789531832988,33031.852,8773.8,1.6504,1,WAIT ZCD,1,0
1789531832998,33031.852,8773.8,1.6504,1,WAIT ZCD,1,0
1789531833008,33031.852,8773.8,1.6504,1,WAIT ZCD,1,0
1789531833018,33057.852,8773.8,1.6504,1,WAIT ZCD,1,0
1789531833028,33031.852,8773.8,1.6504,1,WAIT ZCD,1,0
1789531833038,33031.852,8773.8,1.6504,1,WAIT ZCD,1,0
1789531833048,33005.895,8773.8,1.6504,1,WAIT ZCD,1,0
1789531833059,33031.852,8773.8,1.6504,1,WAIT ZCD,1,0
1789531833068,33031.852,8773.8,1.6504,1,WAIT ZCD,1,0
1789531833078,33057.852,8773.8,1.6504,1,WAIT ZCD,1,0
1789531833088,33018.867,8773.8,1.6504,1,WAIT ZCD,1,0
1789531833098,33044.848,8773.8,1.6504,1,WAIT ZCD,1,0
1789531833108,33031.852,8773.8,1.6504,1,WAIT ZCD,1,0
1789531833118,33005.895,8773.8,1.6504,1,WAIT ZCD,1,0
1789531833128,33044.848,8773.8,1.6504,1,WAIT ZCD,1,0
1789531833138,33031.852,8773.8,1.6504,1,WAIT ZCD,1,0
1789531833148,33044.848,8773.8,1.6504,1,WAIT ZCD,1,0
1789531833158,33031.852,8773.8,1.6504,1,WAIT ZCD,1,0
1789531833168,33031.852,8773.8,1.6504,1,WAIT ZCD,1,0
1789531833178,33018.867,8773.8,1.6504,1,WAIT ZCD,1,0
1789531833188,33031.852,8773.8,1.6504,1,WAIT ZCD,1,0
1789531833198,33057.852,8773.8,1.6504,1,WAIT ZCD,1,0
1789531833208,33044.848,8773.8,1.6504,1,WAIT ZCD,1,0
1789531833218,33031.852,8773.8,1.6504,1,WAIT ZCD,1,0
1789531833228,33018.867,8773.8,1.6504,1,WAIT ZCD,1,0
1789531833238,33031.852,8773.8,1.6504,1,WAIT ZCD,1,0
1789531833248,33044.848,8773.8,1.6504,1,WAIT ZCD,1,0
1789531833258,33044.848,8773.8,1.6504,1,WAIT ZCD,1,0
1789531833268,33031.852,8773.8,1.6504,1,WAIT ZCD,1,0
1789531833278,33031.852,8773.8,1.6504,1,WAIT ZCD,1,0
1789531833288,33044.848,8773.8,1.6504,1,WAIT ZCD,1,0
1789531833298,33031.852,8773.8,1.6504,1,WAIT ZCD,1,0
1789531833308,33031.852,8773.8,1.6504,1,WAIT ZCD,1,0
1789531833318,33031.852,8773.8,1.6504,1,WAIT ZCD,1,0
1789531833328,33057.852,8773.8,1.6504,1,WAIT ZCD,1,0
1789531833338,33031.852,8773.8,1.6504,1,WAIT ZCD,1,0
1789531833348,33044.848,8773.8,1.6504,1,WAIT ZCD,1,0
1789531833358,33031.852,8773.8,1.6504,1,WAIT ZCD,1,0
1789531833368,33031.852,8773.8,1.6504,1,WAIT ZCD,1,0
1789531833378,33031.852,8773.8,1.6504,1,WAIT ZCD,1,0
1789531833388,33044.848,8773.8,1.6504,1,WAIT ZCD,1,0
1789531833398,33018.867,8773.8,1.6504,1,WAIT ZCD,1,0
1789531833408,33031.852,8773.8,1.6504,1,WAIT ZCD,1,0
1789531833418,33031.852,8773.8,1.6504,1,WAIT ZCD,1,0
1789531833428,33044.848,8773.8,1.6504,1,WAIT ZCD,1,0
1789531833438,33031.852,8773.8,1.6504,1,WAIT ZCD,1,0
1789531833448,33031.852,8773.8,1.6504,1,WAIT ZCD,1,0
1789531833458,33031.852,8773.8,1.6504,1,WAIT ZCD,1,0
1789531833468,33044.848,8773.8,1.6504,1,WAIT ZCD,1,0
1789531833478,33018.867,8773.8,1.6504,1,WAIT ZCD,1,0
1789531833488,33044.848,8773.8,1.6504,1,WAIT ZCD,1,0
1789531833498,33057.852,8773.8,1.6504,1,WAIT ZCD,1,0
1789531833508,33031.852,8773.8,1.6504,1,WAIT ZCD,1,0
1789531833518,33018.867,8773.8,1.6504,1,WAIT ZCD,1,0
1789531833528,33044.848,8773.8,1.6504,1,WAIT ZCD,1,0
1789531833538,33031.852,8773.8,1.6504,1,WAIT ZCD,1,0
1789531833548,33044.848,8773.8,1.6504,1,WAIT ZCD,1,0
1789531833558,33018.867,8773.8,1.6504,1,WAIT ZCD,1,0
1789531833568,33044.848,8773.8,1.6504,1,WAIT ZCD,1,0
1789531833578,33057.852,8773.8,1.6504,1,WAIT ZCD,1,0
1789531833588,33031.852,8773.8,1.6504,1,WAIT ZCD,1,0
1789531833598,33044.848,8773.8,1.6504,1,WAIT ZCD,1,0
1789531833608,33031.852,8773.8,1.6504,1,WAIT ZCD,1,0
1789531833618,33044.848,8773.8,1.6504,1,WAIT ZCD,1,0
1789531833628,33031.852,8773.8,1.6504,1,WAIT ZCD,1,0
1789531833638,33031.852,8773.8,1.6504,1,WAIT ZCD,1,0
1789531833648,33044.848,8773.8,1.6504,1,WAIT ZCD,1,0
1789531833658,33031.852,8773.8,1.6504,1,WAIT ZCD,1,0
1789531833668,33044.848,8773.8,1.6504,1,WAIT ZCD,1,0
1789531833678,33031.852,8773.8,1.6504,1,WAIT ZCD,1,0
1789531833688,33031.852,8773.8,1.6504,1,WAIT ZCD,1,0
1789531833698,33031.852,8773.8,1.6504,1,WAIT ZCD,1,0
1789531833708,33018.867,8773.8,1.6504,1,WAIT ZCD,1,0
1789531833718,33031.852,8773.8,1.6504,1,WAIT ZCD,1,0
1789531833728,33044.848,8773.8,1.6504,1,WAIT ZCD,1,0
1789531833738,33031.852,8773.8,1.6504,1,WAIT ZCD,1,0
1789531833748,33031.852,8773.8,1.6504,1,WAIT ZCD,1,0
1789531833758,33044.848,8773.8,1.6504,1,WAIT ZCD,1,0
1789531833768,33018.867,8773.8,1.6504,1,WAIT ZCD,1,0
1789531833778,33057.852,8773.8,1.6504,1,WAIT ZCD,1,0
1789531833788,33031.852,8773.8,1.6504,1,WAIT ZCD,1,0
1789531833798,33018.867,8773.8,1.6504,1,WAIT ZCD,1,0
1789531833808,33018.867,8773.8,1.6504,1,WAIT ZCD,1,0
1789531833818,33044.848,8773.8,1.6504,1,WAIT ZCD,1,0
1789531833828,33031.852,8773.8,1.6504,1,WAIT ZCD,1,0
1789531833838,33031.852,8773.8,1.6504,1,WAIT ZCD,1,0
1789531833848,33018.867,8773.8,1.6504,1,WAIT ZCD,1,0
1789531833858,33031.852,8773.8,1.6504,1,WAIT ZCD,1,0
1789531833868,33031.852,8773.8,1.6504,1,WAIT ZCD,1,0
1789531833878,32332.564,8071.4,1.4836,2,TRACK,0,0
1789531833888,31543.373,714.3,1.3998,2,TRACK,0,0
1789531833898,31543.373,440.5,1.3901,2,TRACK,0,0
1789531833908,31543.373,214.3,1.3829,2,TRACK,0,0
1789531833918,31519.699,83.3,1.3804,2,TRACK,0,0
1789531833928,31519.699,59.5,1.3780,3,LOCK,0,1
1789531833938,31531.531,35.7,1.3772,3,LOCK,0,1
1789531833948,31555.221,83.3,1.3756,2,TRACK,0,0
1789531833958,31507.877,-23.8,1.3756,3,LOCK,0,1
1789531833968,31507.877,11.9,1.3756,3,LOCK,0,1
1789531833978,31519.699,0.0,1.3756,3,LOCK,0,1
1789531833988,31543.373,47.6,1.3748,3,LOCK,0,1
1789531833998,31543.373,35.7,1.3748,3,LOCK,0,1
1789531834008,31567.080,0.0,1.3748,3,LOCK,0,1
1789531834018,31496.062,0.0,1.3740,3,LOCK,0,1
1789531834029,31531.531,0.0,1.3748,3,LOCK,0,1
1789531834038,31507.877,35.7,1.3748,3,LOCK,0,1
1789531834048,31531.531,23.8,1.3748,3,LOCK,0,1
1789531834059,31543.373,11.9,1.3748,3,LOCK,0,1
1789531834068,31543.373,0.0,1.3740,3,LOCK,0,1
1789531834078,31531.531,-23.8,1.3740,3,LOCK,0,1
1789531834088,31519.699,23.8,1.3740,3,LOCK,0,1
1789531834098,31507.877,35.7,1.3732,3,LOCK,0,1
1789531834109,31519.699,-23.8,1.3740,3,LOCK,0,1
1789531834119,31519.699,-11.9,1.3740,3,LOCK,0,1
1789531834129,31519.699,11.9,1.3732,3,LOCK,0,1
1789531834139,31543.373,23.8,1.3732,3,LOCK,0,1
1789531834149,31519.699,-11.9,1.3732,3,LOCK,0,1
1789531834159,31507.877,-11.9,1.3732,3,LOCK,0,1
1789531834169,31507.877,-23.8,1.3732,3,LOCK,0,1
1789531834179,31531.531,11.9,1.3732,3,LOCK,0,1
1789531834189,31555.221,59.5,1.3732,3,LOCK,0,1
1789531834199,31496.062,23.8,1.3732,3,LOCK,0,1
1789531834209,31531.531,11.9,1.3732,3,LOCK,0,1
1789531834219,31519.699,0.0,1.3732,3,LOCK,0,1
1789531834229,31555.221,-35.7,1.3732,3,LOCK,0,1
1789531834239,31519.699,11.9,1.3732,3,LOCK,0,1
1789531834249,31543.373,11.9,1.3732,3,LOCK,0,1
1789531834259,31507.877,11.9,1.3732,3,LOCK,0,1
1789531834269,31507.877,47.6,1.3732,3,LOCK,0,1
1789531834279,31531.531,11.9,1.3724,3,LOCK,0,1
1789531834289,31519.699,-11.9,1.3724,3,LOCK,0,1
1789531834299,31519.699,0.0,1.3724,3,LOCK,0,1
1789531834309,31496.062,-47.6,1.3724,3,LOCK,0,1
1789531834319,31519.699,11.9,1.3724,3,LOCK,0,1
1789531834329,33031.852,8071.4,1.6504,1,WAIT ZCD,1,0
1789531834339,33044.848,8071.4,1.6504,1,WAIT ZCD,1,0
1789531834349,33005.895,8071.4,1.6504,1,WAIT ZCD,1,0
1789531834359,33031.852,8071.4,1.6504,1,WAIT ZCD,1,0
1789531834369,33005.895,8071.4,1.6504,1,WAIT ZCD,1,0
1789531834380,33005.895,8071.4,1.6504,1,WAIT ZCD,1,0
1789531834389,33031.852,8071.4,1.6504,1,WAIT ZCD,1,0
1789531834399,33044.848,8071.4,1.6504,1,WAIT ZCD,1,0
1789531834409,33031.852,8071.4,1.6504,1,WAIT ZCD,1,0
1789531834419,33018.867,8071.4,1.6504,1,WAIT ZCD,1,0
1789531834429,33031.852,8071.4,1.6504,1,WAIT ZCD,1,0
1789531834439,33031.852,8071.4,1.6504,1,WAIT ZCD,1,0
1789531834449,33031.852,8071.4,1.6504,1,WAIT ZCD,1,0
1789531834459,33031.852,8071.4,1.6504,1,WAIT ZCD,1,0
1789531834469,33018.867,8071.4,1.6504,1,WAIT ZCD,1,0
1789531834479,33005.895,8071.4,1.6504,1,WAIT ZCD,1,0
1789531834489,33031.852,8071.4,1.6504,1,WAIT ZCD,1,0
1789531834499,33031.852,8071.4,1.6504,1,WAIT ZCD,1,0
1789531834509,33018.867,8071.4,1.6504,1,WAIT ZCD,1,0
1789531834519,33044.848,8071.4,1.6504,1,WAIT ZCD,1,0
1789531834529,33031.852,8071.4,1.6504,1,WAIT ZCD,1,0
1789531834539,33044.848,8071.4,1.6504,1,WAIT ZCD,1,0
1789531834549,33018.867,8071.4,1.6504,1,WAIT ZCD,1,0
1789531834559,33031.852,8071.4,1.6504,1,WAIT ZCD,1,0
1789531834569,33018.867,8071.4,1.6504,1,WAIT ZCD,1,0
1789531834579,33031.852,8071.4,1.6504,1,WAIT ZCD,1,0
1789531834589,33005.895,8071.4,1.6504,1,WAIT ZCD,1,0
1789531834599,33018.867,8071.4,1.6504,1,WAIT ZCD,1,0
1789531834609,33031.852,8071.4,1.6504,1,WAIT ZCD,1,0
1789531834619,33018.867,8071.4,1.6504,1,WAIT ZCD,1,0
1789531834629,33031.852,8071.4,1.6504,1,WAIT ZCD,1,0
1789531834639,33031.852,8071.4,1.6504,1,WAIT ZCD,1,0
1789531834649,33031.852,8071.4,1.6504,1,WAIT ZCD,1,0
1789531834659,33018.867,8071.4,1.6504,1,WAIT ZCD,1,0
1789531834669,33044.848,8071.4,1.6504,1,WAIT ZCD,1,0
1789531834679,33018.867,8071.4,1.6504,1,WAIT ZCD,1,0
1789531834689,33044.848,8071.4,1.6504,1,WAIT ZCD,1,0
1789531834699,33031.852,8071.4,1.6504,1,WAIT ZCD,1,0
1789531834709,33044.848,8071.4,1.6504,1,WAIT ZCD,1,0
1789531834719,33031.852,8071.4,1.6504,1,WAIT ZCD,1,0
1789531834729,33031.852,8071.4,1.6504,1,WAIT ZCD,1,0
1789531834739,33005.895,8071.4,1.6504,1,WAIT ZCD,1,0
1789531834749,33018.867,8071.4,1.6504,1,WAIT ZCD,1,0
1789531834759,33057.852,8071.4,1.6504,1,WAIT ZCD,1,0
1789531834769,33018.867,8071.4,1.6504,1,WAIT ZCD,1,0
1789531834779,33031.852,8071.4,1.6504,1,WAIT ZCD,1,0
1789531834789,33031.852,8071.4,1.6504,1,WAIT ZCD,1,0
1789531834799,33031.852,8071.4,1.6504,1,WAIT ZCD,1,0
1789531834809,33031.852,8071.4,1.6504,1,WAIT ZCD,1,0
1789531834819,33018.867,8071.4,1.6504,1,WAIT ZCD,1,0
1789531834829,33031.852,8071.4,1.6504,1,WAIT ZCD,1,0
1789531834839,33005.895,8071.4,1.6504,1,WAIT ZCD,1,0
1789531834849,33044.848,8071.4,1.6504,1,WAIT ZCD,1,0
1789531834859,33031.852,8071.4,1.6504,1,WAIT ZCD,1,0
1789531834869,33031.852,8071.4,1.6504,1,WAIT ZCD,1,0
1789531834879,33031.852,8071.4,1.6504,1,WAIT ZCD,1,0
1789531834889,33005.895,8071.4,1.6504,1,WAIT ZCD,1,0
1789531834899,33031.852,8071.4,1.6504,1,WAIT ZCD,1,0
1789531834909,33031.852,8071.4,1.6504,1,WAIT ZCD,1,0
1789531834919,33044.848,8071.4,1.6504,1,WAIT ZCD,1,0
1789531834929,33031.852,8071.4,1.6504,1,WAIT ZCD,1,0
1789531834939,33005.895,8071.4,1.6504,1,WAIT ZCD,1,0
1789531834949,33031.852,8071.4,1.6504,1,WAIT ZCD,1,0
1789531834959,33031.852,8071.4,1.6504,1,WAIT ZCD,1,0
1789531834969,33044.848,8071.4,1.6504,1,WAIT ZCD,1,0
1789531834979,33044.848,8071.4,1.6504,1,WAIT ZCD,1,0
1789531834989,33031.852,8071.4,1.6504,1,WAIT ZCD,1,0
1789531834999,33044.848,8071.4,1.6504,1,WAIT ZCD,1,0
1789531835009,33018.867,8071.4,1.6504,1,WAIT ZCD,1,0
1789531835019,33005.895,8071.4,1.6504,1,WAIT ZCD,1,0
1789531835029,33031.852,8071.4,1.6504,1,WAIT ZCD,1,0
1789531835039,33018.867,8071.4,1.6504,1,WAIT ZCD,1,0
1789531835049,33018.867,8071.4,1.6504,1,WAIT ZCD,1,0
1789531835059,33031.852,8071.4,1.6504,1,WAIT ZCD,1,0
1789531835069,33031.852,8071.4,1.6504,1,WAIT ZCD,1,0
1789531835079,33031.852,8071.4,1.6504,1,WAIT ZCD,1,0
1789531835089,33018.867,8071.4,1.6504,1,WAIT ZCD,1,0
1789531835099,33044.848,8071.4,1.6504,1,WAIT ZCD,1,0
1789531835109,33031.852,8071.4,1.6504,1,WAIT ZCD,1,0
1789531835119,33044.848,8071.4,1.6504,1,WAIT ZCD,1,0
1789531835129,33044.848,8071.4,1.6504,1,WAIT ZCD,1,0
1789531835139,33031.852,8071.4,1.6504,1,WAIT ZCD,1,0
1789531835149,33031.852,8071.4,1.6504,1,WAIT ZCD,1,0
1789531835159,33005.895,8071.4,1.6504,1,WAIT ZCD,1,0
1789531835169,33031.852,8071.4,1.6504,1,WAIT ZCD,1,0
1789531835179,33018.867,8071.4,1.6504,1,WAIT ZCD,1,0
1789531835189,33018.867,8071.4,1.6504,1,WAIT ZCD,1,0
1789531835199,33031.852,8071.4,1.6504,1,WAIT ZCD,1,0
1789531835209,33031.852,8071.4,1.6504,1,WAIT ZCD,1,0
1789531835219,33005.895,8071.4,1.6504,1,WAIT ZCD,1,0
1789531835229,33031.852,8071.4,1.6504,1,WAIT ZCD,1,0
1789531835239,33031.852,8071.4,1.6504,1,WAIT ZCD,1,0
1789531835249,33031.852,8071.4,1.6504,1,WAIT ZCD,1,0
1789531835259,33031.852,8071.4,1.6504,1,WAIT ZCD,1,0
1789531835269,33031.852,8071.4,1.6504,1,WAIT ZCD,1,0
1789531835279,33044.848,8071.4,1.6504,1,WAIT ZCD,1,0
1789531835289,33018.867,8071.4,1.6504,1,WAIT ZCD,1,0
1789531835299,33044.848,8071.4,1.6504,1,WAIT ZCD,1,0
1789531835309,33070.867,8071.4,1.6504,1,WAIT ZCD,1,0
1789531835319,33031.852,8071.4,1.6504,1,WAIT ZCD,1,0
1789531835329,32394.910,8226.2,1.5045,2,TRACK,0,0
1789531835339,31531.531,619.0,1.3974,2,TRACK,0,0
1789531835349,31555.221,428.6,1.3877,2,TRACK,0,0
1789531835359,31519.699,178.6,1.3821,2,TRACK,0,0
1789531835369,31531.531,119.0,1.3788,2,TRACK,0,0
1789531835379,31543.373,83.3,1.3772,2,TRACK,0,0
1789531835389,31531.531,35.7,1.3764,3,LOCK,0,1
1789531835399,31519.699,59.5,1.3756,3,LOCK,0,1
1789531835409,31519.699,59.5,1.3748,3,LOCK,0,1
1789531835419,31507.877,11.9,1.3740,3,LOCK,0,1
1789531835429,31543.373,11.9,1.3740,3,LOCK,0,1
1789531835439,31543.373,47.6,1.3740,3,LOCK,0,1
1789531835450,31496.062,0.0,1.3740,3,LOCK,0,1
1789531835463,31519.699,11.9,1.3732,3,LOCK,0,1
1789531835472,31543.373,-11.9,1.3732,3,LOCK,0,1
1789531835482,31496.062,0.0,1.3732,3,LOCK,0,1
1789531835492,31519.699,-11.9,1.3732,3,LOCK,0,1
1789531835502,31519.699,11.9,1.3732,3,LOCK,0,1
1789531835512,31507.877,0.0,1.3740,3,LOCK,0,1
1789531835522,31531.531,23.8,1.3740,3,LOCK,0,1
1789531835532,31519.699,-35.7,1.3740,3,LOCK,0,1
1789531835542,31519.699,11.9,1.3740,3,LOCK,0,1
1789531835552,31531.531,23.8,1.3732,3,LOCK,0,1
1789531835562,31543.373,35.7,1.3732,3,LOCK,0,1
1789531835572,31531.531,-47.6,1.3732,3,LOCK,0,1
1789531835582,31507.877,-47.6,1.3732,3,LOCK,0,1
1789531835592,31507.877,-47.6,1.3732,3,LOCK,0,1
1789531835605,31531.531,71.4,1.3732,2,TRACK,0,0
1789531835614,31507.877,0.0,1.3732,3,LOCK,0,1
1789531835624,31507.877,-35.7,1.3732,3,LOCK,0,1
1789531835634,31543.373,47.6,1.3732,3,LOCK,0,1
1789531835644,31519.699,0.0,1.3732,3,LOCK,0,1
1789531835654,31519.699,11.9,1.3732,3,LOCK,0,1
1789531835664,31507.877,-47.6,1.3732,3,LOCK,0,1
1789531835674,31519.699,11.9,1.3732,3,LOCK,0,1
1789531835686,31543.373,-11.9,1.3724,3,LOCK,0,1
1789531835696,31519.699,-35.7,1.3724,3,LOCK,0,1
1789531835706,31531.531,35.7,1.3724,3,LOCK,0,1
1789531835716,31531.531,-23.8,1.3724,3,LOCK,0,1
1789531835728,31507.877,11.9,1.3732,3,LOCK,0,1
1789531835737,31484.258,11.9,1.3724,3,LOCK,0,1
1789531835747,31507.877,-35.7,1.3724,3,LOCK,0,1
1789531835758,31496.062,-35.7,1.3724,3,LOCK,0,1
1789531835767,31531.531,83.3,1.3724,2,TRACK,0,0
1789531835777,33005.895,8226.2,1.6504,1,WAIT ZCD,1,0
1789531835787,33031.852,8226.2,1.6504,1,WAIT ZCD,1,0
1789531835797,33018.867,8226.2,1.6504,1,WAIT ZCD,1,0
1789531835807,33031.852,8226.2,1.6504,1,WAIT ZCD,1,0
1789531835817,33018.867,8226.2,1.6504,1,WAIT ZCD,1,0
1789531835827,33031.852,8226.2,1.6504,1,WAIT ZCD,1,0
1789531835837,33044.848,8226.2,1.6504,1,WAIT ZCD,1,0
1789531835847,33018.867,8226.2,1.6504,1,WAIT ZCD,1,0
1789531835857,33018.867,8226.2,1.6504,1,WAIT ZCD,1,0
1789531835867,33031.852,8226.2,1.6504,1,WAIT ZCD,1,0
1789531835877,33044.848,8226.2,1.6504,1,WAIT ZCD,1,0
1789531835887,33018.867,8226.2,1.6504,1,WAIT ZCD,1,0
1789531835897,33031.852,8226.2,1.6504,1,WAIT ZCD,1,0
1789531835907,33031.852,8226.2,1.6504,1,WAIT ZCD,1,0
1789531835917,33018.867,8226.2,1.6504,1,WAIT ZCD,1,0
1789531835927,33031.852,8226.2,1.6504,1,WAIT ZCD,1,0
1789531835937,33005.895,8226.2,1.6504,1,WAIT ZCD,1,0
1789531835947,33031.852,8226.2,1.6504,1,WAIT ZCD,1,0
1789531835957,33018.867,8226.2,1.6504,1,WAIT ZCD,1,0
1789531835967,33044.848,8226.2,1.6504,1,WAIT ZCD,1,0
1789531835977,33044.848,8226.2,1.6504,1,WAIT ZCD,1,0
1789531835987,33031.852,8226.2,1.6504,1,WAIT ZCD,1,0
1789531835997,33018.867,8226.2,1.6504,1,WAIT ZCD,1,0
1789531836007,33031.852,8226.2,1.6504,1,WAIT ZCD,1,0
1789531836017,33005.895,8226.2,1.6504,1,WAIT ZCD,1,0
1789531836027,33031.852,8226.2,1.6504,1,WAIT ZCD,1,0
1789531836037,33031.852,8226.2,1.6504,1,WAIT ZCD,1,0
1789531836047,33044.848,8226.2,1.6504,1,WAIT ZCD,1,0
1789531836057,33005.895,8226.2,1.6504,1,WAIT ZCD,1,0
1789531836067,33018.867,8226.2,1.6504,1,WAIT ZCD,1,0
1789531836077,33044.848,8226.2,1.6504,1,WAIT ZCD,1,0
1789531836087,33031.852,8226.2,1.6504,1,WAIT ZCD,1,0
1789531836097,33031.852,8226.2,1.6504,1,WAIT ZCD,1,0
1789531836107,33018.867,8226.2,1.6504,1,WAIT ZCD,1,0
1789531836117,33044.848,8226.2,1.6504,1,WAIT ZCD,1,0
1789531836127,33018.867,8226.2,1.6504,1,WAIT ZCD,1,0
1789531836137,33031.852,8226.2,1.6504,1,WAIT ZCD,1,0
1789531836147,33044.848,8226.2,1.6504,1,WAIT ZCD,1,0
1789531836157,33018.867,8226.2,1.6504,1,WAIT ZCD,1,0
1789531836167,33031.852,8226.2,1.6504,1,WAIT ZCD,1,0
1789531836177,33031.852,8226.2,1.6504,1,WAIT ZCD,1,0
1789531836187,32979.977,8226.2,1.6504,1,WAIT ZCD,1,0
1789531836197,33044.848,8226.2,1.6504,1,WAIT ZCD,1,0
1789531836207,33018.867,8226.2,1.6504,1,WAIT ZCD,1,0
1789531836217,33031.852,8226.2,1.6504,1,WAIT ZCD,1,0
1789531836227,33005.895,8226.2,1.6504,1,WAIT ZCD,1,0
1789531836237,33057.852,8226.2,1.6504,1,WAIT ZCD,1,0
1789531836247,33031.852,8226.2,1.6504,1,WAIT ZCD,1,0
1789531836257,33031.852,8226.2,1.6504,1,WAIT ZCD,1,0
1789531836267,33031.852,8226.2,1.6504,1,WAIT ZCD,1,0
1789531836277,33031.852,8226.2,1.6504,1,WAIT ZCD,1,0
1789531836287,33044.848,8226.2,1.6504,1,WAIT ZCD,1,0
1789531836297,33031.852,8226.2,1.6504,1,WAIT ZCD,1,0
1789531836307,33018.867,8226.2,1.6504,1,WAIT ZCD,1,0
1789531836317,33044.848,8226.2,1.6504,1,WAIT ZCD,1,0
1789531836327,33018.867,8226.2,1.6504,1,WAIT ZCD,1,0
1789531836337,33031.852,8226.2,1.6504,1,WAIT ZCD,1,0
1789531836347,33018.867,8226.2,1.6504,1,WAIT ZCD,1,0
1789531836357,33018.867,8226.2,1.6504,1,WAIT ZCD,1,0
1789531836367,33057.852,8226.2,1.6504,1,WAIT ZCD,1,0
1789531836377,33031.852,8226.2,1.6504,1,WAIT ZCD,1,0
1789531836387,33044.848,8226.2,1.6504,1,WAIT ZCD,1,0
1789531836397,33018.867,8226.2,1.6504,1,WAIT ZCD,1,0
1789531836407,33031.852,8226.2,1.6504,1,WAIT ZCD,1,0
1789531836417,33031.852,8226.2,1.6504,1,WAIT ZCD,1,0
1789531836427,33018.867,8226.2,1.6504,1,WAIT ZCD,1,0
1789531836437,33044.848,8226.2,1.6504,1,WAIT ZCD,1,0
1789531836447,33031.852,8226.2,1.6504,1,WAIT ZCD,1,0
1789531836457,33044.848,8226.2,1.6504,1,WAIT ZCD,1,0
1789531836467,33070.867,8226.2,1.6504,1,WAIT ZCD,1,0
1789531836477,33018.867,8226.2,1.6504,1,WAIT ZCD,1,0
1789531836487,33031.852,8226.2,1.6504,1,WAIT ZCD,1,0
1789531836497,33044.848,8226.2,1.6504,1,WAIT ZCD,1,0
1789531836507,33018.867,8226.2,1.6504,1,WAIT ZCD,1,0
1789531836517,33031.852,8226.2,1.6504,1,WAIT ZCD,1,0
1789531836527,33031.852,8226.2,1.6504,1,WAIT ZCD,1,0
1789531836537,33031.852,8226.2,1.6504,1,WAIT ZCD,1,0
1789531836547,33018.867,8226.2,1.6504,1,WAIT ZCD,1,0
1789531836557,33070.867,8226.2,1.6504,1,WAIT ZCD,1,0
1789531836567,33031.852,8226.2,1.6504,1,WAIT ZCD,1,0
1789531836577,33044.848,8226.2,1.6504,1,WAIT ZCD,1,0
1789531836587,33044.848,8226.2,1.6504,1,WAIT ZCD,1,0
1789531836597,33031.852,8226.2,1.6504,1,WAIT ZCD,1,0
1789531836607,33018.867,8226.2,1.6504,1,WAIT ZCD,1,0
1789531836617,33031.852,8226.2,1.6504,1,WAIT ZCD,1,0
1789531836627,33044.848,8226.2,1.6504,1,WAIT ZCD,1,0
1789531836637,33018.867,8226.2,1.6504,1,WAIT ZCD,1,0
1789531836647,33044.848,8226.2,1.6504,1,WAIT ZCD,1,0
1789531836657,33018.867,8226.2,1.6504,1,WAIT ZCD,1,0
1789531836667,33057.852,8226.2,1.6504,1,WAIT ZCD,1,0
1789531836677,33031.852,8226.2,1.6504,1,WAIT ZCD,1,0
1789531836687,33031.852,8226.2,1.6504,1,WAIT ZCD,1,0
1789531836697,33018.867,8226.2,1.6504,1,WAIT ZCD,1,0
1789531836707,33057.852,8226.2,1.6504,1,WAIT ZCD,1,0
1789531836717,33031.852,8226.2,1.6504,1,WAIT ZCD,1,0
1789531836727,33044.848,8226.2,1.6504,1,WAIT ZCD,1,0
1789531836737,33031.852,8226.2,1.6504,1,WAIT ZCD,1,0
1789531836747,33044.848,8226.2,1.6504,1,WAIT ZCD,1,0
1789531836757,33031.852,8226.2,1.6504,1,WAIT ZCD,1,0
1789531836767,33031.852,8226.2,1.6504,1,WAIT ZCD,1,0
1789531836777,32608.695,8988.1,1.5537,2,TRACK,0,0
1789531836787,31746.031,4547.6,1.4046,2,TRACK,0,0
1789531836797,31567.080,523.8,1.3917,2,TRACK,0,0
1789531836807,31567.080,297.6,1.3853,2,TRACK,0,0
1789531836817,31555.221,178.6,1.3804,2,TRACK,0,0
1789531836827,31519.699,11.9,1.3780,3,LOCK,0,1
1789531836837,31543.373,35.7,1.3772,3,LOCK,0,1
1789531836847,31543.373,35.7,1.3756,3,LOCK,0,1
1789531836857,31519.699,83.3,1.3748,2,TRACK,0,0
1789531836867,31519.699,11.9,1.3740,3,LOCK,0,1
1789531836877,31496.062,-11.9,1.3740,3,LOCK,0,1
1789531836887,31507.877,0.0,1.3740,3,LOCK,0,1
1789531836899,31531.531,35.7,1.3732,3,LOCK,0,1
1789531836908,31531.531,35.7,1.3740,3,LOCK,0,1
1789531836919,31519.699,0.0,1.3740,3,LOCK,0,1
1789531836928,31507.877,-23.8,1.3732,3,LOCK,0,1
1789531836938,31507.877,-47.6,1.3732,3,LOCK,0,1
1789531836948,31543.373,47.6,1.3732,3,LOCK,0,1
1789531836958,31531.531,-11.9,1.3732,3,LOCK,0,1
1789531836968,31519.699,23.8,1.3732,3,LOCK,0,1
1789531836978,31531.531,23.8,1.3724,3,LOCK,0,1
1789531836988,31519.699,-11.9,1.3732,3,LOCK,0,1
1789531836998,31519.699,11.9,1.3732,3,LOCK,0,1
1789531837008,31507.877,11.9,1.3732,3,LOCK,0,1
1789531837018,31519.699,-11.9,1.3732,3,LOCK,0,1
1789531837028,31531.531,59.5,1.3732,3,LOCK,0,1
1789531837038,31519.699,23.8,1.3732,3,LOCK,0,1
1789531837048,31496.062,-35.7,1.3732,3,LOCK,0,1
1789531837058,31531.531,0.0,1.3724,3,LOCK,0,1
1789531837068,31519.699,-23.8,1.3724,3,LOCK,0,1
1789531837078,31507.877,-11.9,1.3724,3,LOCK,0,1
1789531837088,31519.699,95.2,1.3724,2,TRACK,0,0
1789531837098,31531.531,11.9,1.3724,3,LOCK,0,1
1789531837108,31543.373,23.8,1.3724,3,LOCK,0,1
1789531837118,31531.531,0.0,1.3724,3,LOCK,0,1
1789531837128,31531.531,35.7,1.3724,3,LOCK,0,1
1789531837138,31484.258,0.0,1.3724,3,LOCK,0,1
1789531837148,31531.531,47.6,1.3724,3,LOCK,0,1
1789531837158,31543.373,23.8,1.3724,3,LOCK,0,1
1789531837168,31507.877,-23.8,1.3724,3,LOCK,0,1
1789531837178,31531.531,0.0,1.3716,3,LOCK,0,1
1789531837188,31531.531,-11.9,1.3724,3,LOCK,0,1
1789531837201,31484.258,11.9,1.3724,3,LOCK,0,1
1789531837210,31507.877,35.7,1.3724,3,LOCK,0,1
1789531837224,31963.471,1154.8,1.3716,2,TRACK,0,0
1789531837233,33044.848,8988.1,1.6504,1,WAIT ZCD,1,0
1789531837243,33005.895,8988.1,1.6504,1,WAIT ZCD,1,0
1789531837253,33044.848,8988.1,1.6504,1,WAIT ZCD,1,0
1789531837263,33018.867,8988.1,1.6504,1,WAIT ZCD,1,0
1789531837273,33031.852,8988.1,1.6504,1,WAIT ZCD,1,0
1789531837283,33031.852,8988.1,1.6504,1,WAIT ZCD,1,0
1789531837293,33031.852,8988.1,1.6504,1,WAIT ZCD,1,0
1789531837303,33005.895,8988.1,1.6504,1,WAIT ZCD,1,0
1789531837313,33044.848,8988.1,1.6504,1,WAIT ZCD,1,0
1789531837323,33044.848,8988.1,1.6504,1,WAIT ZCD,1,0
1789531837333,33044.848,8988.1,1.6504,1,WAIT ZCD,1,0
1789531837343,33031.852,8988.1,1.6504,1,WAIT ZCD,1,0
1789531837353,33031.852,8988.1,1.6504,1,WAIT ZCD,1,0
1789531837363,33031.852,8988.1,1.6504,1,WAIT ZCD,1,0
1789531837373,33018.867,8988.1,1.6504,1,WAIT ZCD,1,0
1789531837383,33031.852,8988.1,1.6504,1,WAIT ZCD,1,0
1789531837393,33044.848,8988.1,1.6504,1,WAIT ZCD,1,0
1789531837403,33031.852,8988.1,1.6504,1,WAIT ZCD,1,0
1789531837413,33031.852,8988.1,1.6504,1,WAIT ZCD,1,0
1789531837423,33018.867,8988.1,1.6504,1,WAIT ZCD,1,0
1789531837433,33070.867,8988.1,1.6504,1,WAIT ZCD,1,0
1789531837445,33018.867,8988.1,1.6504,1,WAIT ZCD,1,0
1789531837453,33044.848,8988.1,1.6504,1,WAIT ZCD,1,0
1789531837463,33031.852,8988.1,1.6504,1,WAIT ZCD,1,0
1789531837473,33031.852,8988.1,1.6504,1,WAIT ZCD,1,0
1789531837483,33005.895,8988.1,1.6504,1,WAIT ZCD,1,0
1789531837493,33018.867,8988.1,1.6504,1,WAIT ZCD,1,0
1789531837503,33044.848,8988.1,1.6504,1,WAIT ZCD,1,0
1789531837513,33031.852,8988.1,1.6504,1,WAIT ZCD,1,0
1789531837523,33005.895,8988.1,1.6504,1,WAIT ZCD,1,0
1789531837533,33044.848,8988.1,1.6504,1,WAIT ZCD,1,0
1789531837543,33031.852,8988.1,1.6504,1,WAIT ZCD,1,0
1789531837553,33031.852,8988.1,1.6504,1,WAIT ZCD,1,0
1789531837563,33044.848,8988.1,1.6504,1,WAIT ZCD,1,0
1789531837573,33018.867,8988.1,1.6504,1,WAIT ZCD,1,0
1789531837583,33057.852,8988.1,1.6504,1,WAIT ZCD,1,0
1789531837593,33018.867,8988.1,1.6504,1,WAIT ZCD,1,0
1789531837603,33005.895,8988.1,1.6504,1,WAIT ZCD,1,0
1789531837613,33044.848,8988.1,1.6504,1,WAIT ZCD,1,0
1789531837623,33018.867,8988.1,1.6504,1,WAIT ZCD,1,0
1789531837633,33031.852,8988.1,1.6504,1,WAIT ZCD,1,0
1789531837643,33044.848,8988.1,1.6504,1,WAIT ZCD,1,0
1789531837653,33018.867,8988.1,1.6504,1,WAIT ZCD,1,0
1789531837663,33031.852,8988.1,1.6504,1,WAIT ZCD,1,0
1789531837673,33031.852,8988.1,1.6504,1,WAIT ZCD,1,0
1789531837683,33018.867,8988.1,1.6504,1,WAIT ZCD,1,0
1789531837693,33018.867,8988.1,1.6504,1,WAIT ZCD,1,0
1789531837703,33044.848,8988.1,1.6504,1,WAIT ZCD,1,0
1789531837713,33018.867,8988.1,1.6504,1,WAIT ZCD,1,0
1789531837723,33031.852,8988.1,1.6504,1,WAIT ZCD,1,0
1789531837733,33057.852,8988.1,1.6504,1,WAIT ZCD,1,0
1789531837743,33018.867,8988.1,1.6504,1,WAIT ZCD,1,0
1789531837753,33031.852,8988.1,1.6504,1,WAIT ZCD,1,0
1789531837763,33057.852,8988.1,1.6504,1,WAIT ZCD,1,0
1789531837773,33018.867,8988.1,1.6504,1,WAIT ZCD,1,0
1789531837783,33031.852,8988.1,1.6504,1,WAIT ZCD,1,0
1789531837793,33031.852,8988.1,1.6504,1,WAIT ZCD,1,0
1789531837803,33018.867,8988.1,1.6504,1,WAIT ZCD,1,0
1789531837813,33018.867,8988.1,1.6504,1,WAIT ZCD,1,0
1789531837823,33031.852,8988.1,1.6504,1,WAIT ZCD,1,0
1789531837833,33057.852,8988.1,1.6504,1,WAIT ZCD,1,0
1789531837843,33031.852,8988.1,1.6504,1,WAIT ZCD,1,0
1789531837853,33018.867,8988.1,1.6504,1,WAIT ZCD,1,0
1789531837863,33031.852,8988.1,1.6504,1,WAIT ZCD,1,0
1789531837873,33031.852,8988.1,1.6504,1,WAIT ZCD,1,0
1789531837883,33018.867,8988.1,1.6504,1,WAIT ZCD,1,0
1789531837893,33044.848,8988.1,1.6504,1,WAIT ZCD,1,0
1789531837903,33018.867,8988.1,1.6504,1,WAIT ZCD,1,0
1789531837913,33018.867,8988.1,1.6504,1,WAIT ZCD,1,0
1789531837923,33018.867,8988.1,1.6504,1,WAIT ZCD,1,0
1789531837933,33044.848,8988.1,1.6504,1,WAIT ZCD,1,0
1789531837943,33044.848,8988.1,1.6504,1,WAIT ZCD,1,0
1789531837953,33005.895,8988.1,1.6504,1,WAIT ZCD,1,0
1789531837963,33031.852,8988.1,1.6504,1,WAIT ZCD,1,0
1789531837973,33031.852,8988.1,1.6504,1,WAIT ZCD,1,0
1789531837983,33018.867,8988.1,1.6504,1,WAIT ZCD,1,0
1789531837993,33005.895,8988.1,1.6504,1,WAIT ZCD,1,0
1789531838003,33005.895,8988.1,1.6504,1,WAIT ZCD,1,0
1789531838013,33031.852,8988.1,1.6504,1,WAIT ZCD,1,0
1789531838023,32992.930,8988.1,1.6504,1,WAIT ZCD,1,0
1789531838033,33057.852,8988.1,1.6504,1,WAIT ZCD,1,0
1789531838043,33031.852,8988.1,1.6504,1,WAIT ZCD,1,0
1789531838053,33018.867,8988.1,1.6504,1,WAIT ZCD,1,0
1789531838063,33044.848,8988.1,1.6504,1,WAIT ZCD,1,0
1789531838073,33109.973,8988.1,1.6504,1,WAIT ZCD,1,0
1789531838083,33005.895,8988.1,1.6504,1,WAIT ZCD,1,0
1789531838093,33018.867,8988.1,1.6504,1,WAIT ZCD,1,0
1789531838103,33057.852,8988.1,1.6504,1,WAIT ZCD,1,0
1789531838113,33005.895,8988.1,1.6504,1,WAIT ZCD,1,0
1789531838123,33031.852,8988.1,1.6504,1,WAIT ZCD,1,0
1789531838133,33005.895,8988.1,1.6504,1,WAIT ZCD,1,0
1789531838143,33044.848,8988.1,1.6504,1,WAIT ZCD,1,0
1789531838153,33031.852,8988.1,1.6504,1,WAIT ZCD,1,0
1789531838163,33044.848,8988.1,1.6504,1,WAIT ZCD,1,0
1789531838173,33044.848,8988.1,1.6504,1,WAIT ZCD,1,0
1789531838183,33018.867,8988.1,1.6504,1,WAIT ZCD,1,0
1789531838193,33018.867,8988.1,1.6504,1,WAIT ZCD,1,0
1789531838203,33031.852,8988.1,1.6504,1,WAIT ZCD,1,0
1789531838213,33018.867,8988.1,1.6504,1,WAIT ZCD,1,0
1789531838224,32812.500,5381.0,1.6303,2,TRACK,0,0
1789531838233,32258.064,7904.8,1.4755,2,TRACK,0,0
1789531838243,31567.080,761.9,1.3974,2,TRACK,0,0
1789531838253,31543.373,416.7,1.3861,2,TRACK,0,0
1789531838263,31496.062,119.0,1.3788,2,TRACK,0,0
1789531838273,31496.062,59.5,1.3764,3,LOCK,0,1
1789531838283,31519.699,35.7,1.3756,3,LOCK,0,1
1789531838293,31519.699,-11.9,1.3748,3,LOCK,0,1
1789531838303,31507.877,-35.7,1.3748,3,LOCK,0,1
1789531838313,31496.062,71.4,1.3740,2,TRACK,0,0
1789531838323,31496.062,35.7,1.3740,3,LOCK,0,1
1789531838333,31531.531,-23.8,1.3732,3,LOCK,0,1
1789531838343,31519.699,23.8,1.3732,3,LOCK,0,1
1789531838353,31496.062,-35.7,1.3732,3,LOCK,0,1
1789531838363,31507.877,35.7,1.3732,3,LOCK,0,1
1789531838373,31507.877,-23.8,1.3740,3,LOCK,0,1
1789531838383,31531.531,0.0,1.3732,3,LOCK,0,1
1789531838393,31531.531,35.7,1.3732,3,LOCK,0,1
1789531838403,31496.062,-11.9,1.3732,3,LOCK,0,1
1789531838415,31543.373,59.5,1.3732,3,LOCK,0,1
1789531838425,31507.877,35.7,1.3732,3,LOCK,0,1
1789531838435,31519.699,71.4,1.3724,2,TRACK,0,0
1789531838445,31519.699,11.9,1.3732,3,LOCK,0,1
1789531838458,31531.531,-35.7,1.3732,3,LOCK,0,1
1789531838471,31507.877,11.9,1.3732,3,LOCK,0,1
1789531838480,31531.531,-23.8,1.3732,3,LOCK,0,1
1789531838490,31484.258,-35.7,1.3732,3,LOCK,0,1
1789531838500,31496.062,-35.7,1.3732,3,LOCK,0,1
1789531838510,31519.699,0.0,1.3732,3,LOCK,0,1
1789531838520,31484.258,-23.8,1.3724,3,LOCK,0,1
1789531838530,31531.531,23.8,1.3724,3,LOCK,0,1
1789531838540,31507.877,11.9,1.3724,3,LOCK,0,1
1789531838550,31507.877,11.9,1.3724,3,LOCK,0,1
1789531838560,31496.062,0.0,1.3724,3,LOCK,0,1
1789531838570,31507.877,0.0,1.3724,3,LOCK,0,1
1789531838580,31507.877,35.7,1.3724,3,LOCK,0,1
1789531838590,31519.699,-11.9,1.3724,3,LOCK,0,1
1789531838600,31519.699,11.9,1.3724,3,LOCK,0,1
1789531838610,31496.062,11.9,1.3724,3,LOCK,0,1
1789531838620,31484.258,-47.6,1.3724,3,LOCK,0,1
1789531838630,31507.877,35.7,1.3724,3,LOCK,0,1
1789531838640,31519.699,-35.7,1.3716,3,LOCK,0,1
1789531838651,31519.699,-11.9,1.3724,3,LOCK,0,1
1789531838663,31496.062,-23.8,1.3716,3,LOCK,0,1
1789531838673,31975.637,2952.4,1.3595,2,TRACK,0,0
1789531838683,33031.852,5381.0,1.6504,1,WAIT ZCD,1,0
1789531838693,33018.867,5381.0,1.6504,1,WAIT ZCD,1,0
1789531838703,33005.895,5381.0,1.6504,1,WAIT ZCD,1,0
1789531838713,33031.852,5381.0,1.6504,1,WAIT ZCD,1,0
1789531838723,33031.852,5381.0,1.6504,1,WAIT ZCD,1,0
1789531838733,33031.852,5381.0,1.6504,1,WAIT ZCD,1,0
1789531838743,33005.895,5381.0,1.6504,1,WAIT ZCD,1,0
1789531838753,33018.867,5381.0,1.6504,1,WAIT ZCD,1,0
1789531838763,33018.867,5381.0,1.6504,1,WAIT ZCD,1,0
1789531838773,33018.867,5381.0,1.6504,1,WAIT ZCD,1,0
1789531838783,33018.867,5381.0,1.6504,1,WAIT ZCD,1,0
1789531838793,33018.867,5381.0,1.6504,1,WAIT ZCD,1,0
1789531838803,33031.852,5381.0,1.6504,1,WAIT ZCD,1,0
1789531838813,33018.867,5381.0,1.6504,1,WAIT ZCD,1,0
1789531838823,33031.852,5381.0,1.6504,1,WAIT ZCD,1,0
1789531838833,33031.852,5381.0,1.6504,1,WAIT ZCD,1,0
1789531838843,33005.895,5381.0,1.6504,1,WAIT ZCD,1,0
1789531838853,32992.930,5381.0,1.6504,1,WAIT ZCD,1,0
1789531838863,33031.852,5381.0,1.6504,1,WAIT ZCD,1,0
1789531838873,33018.867,5381.0,1.6504,1,WAIT ZCD,1,0
1789531838883,33031.852,5381.0,1.6504,1,WAIT ZCD,1,0
1789531838893,33044.848,5381.0,1.6504,1,WAIT ZCD,1,0
1789531838903,33018.867,5381.0,1.6504,1,WAIT ZCD,1,0
1789531838913,33031.852,5381.0,1.6504,1,WAIT ZCD,1,0
1789531838923,33031.852,5381.0,1.6504,1,WAIT ZCD,1,0
1789531838933,33005.895,5381.0,1.6504,1,WAIT ZCD,1,0
1789531838943,33044.848,5381.0,1.6504,1,WAIT ZCD,1,0
1789531838953,33031.852,5381.0,1.6504,1,WAIT ZCD,1,0
1789531838963,33031.852,5381.0,1.6504,1,WAIT ZCD,1,0
1789531838973,32992.930,5381.0,1.6504,1,WAIT ZCD,1,0
1789531838983,33018.867,5381.0,1.6504,1,WAIT ZCD,1,0
1789531838993,33005.895,5381.0,1.6504,1,WAIT ZCD,1,0
1789531839003,33031.852,5381.0,1.6504,1,WAIT ZCD,1,0
1789531839013,33005.895,5381.0,1.6504,1,WAIT ZCD,1,0
1789531839023,33005.895,5381.0,1.6504,1,WAIT ZCD,1,0
1789531839033,33031.852,5381.0,1.6504,1,WAIT ZCD,1,0
1789531839043,33018.867,5381.0,1.6504,1,WAIT ZCD,1,0
1789531839053,32992.930,5381.0,1.6504,1,WAIT ZCD,1,0
1789531839063,33031.852,5381.0,1.6504,1,WAIT ZCD,1,0
1789531839073,32992.930,5381.0,1.6504,1,WAIT ZCD,1,0
1789531839083,33031.852,5381.0,1.6504,1,WAIT ZCD,1,0
1789531839093,33031.852,5381.0,1.6504,1,WAIT ZCD,1,0
1789531839103,33005.895,5381.0,1.6504,1,WAIT ZCD,1,0
1789531839113,33044.848,5381.0,1.6504,1,WAIT ZCD,1,0
1789531839123,33018.867,5381.0,1.6504,1,WAIT ZCD,1,0
1789531839133,33018.867,5381.0,1.6504,1,WAIT ZCD,1,0
1789531839143,33018.867,5381.0,1.6504,1,WAIT ZCD,1,0
1789531839153,33031.852,5381.0,1.6504,1,WAIT ZCD,1,0
1789531839163,33018.867,5381.0,1.6504,1,WAIT ZCD,1,0
1789531839173,33044.848,5381.0,1.6504,1,WAIT ZCD,1,0
1789531839183,33005.895,5381.0,1.6504,1,WAIT ZCD,1,0
1789531839193,33031.852,5381.0,1.6504,1,WAIT ZCD,1,0
1789531839203,33031.852,5381.0,1.6504,1,WAIT ZCD,1,0
1789531839213,33044.848,5381.0,1.6504,1,WAIT ZCD,1,0
1789531839223,33031.852,5381.0,1.6504,1,WAIT ZCD,1,0
1789531839233,32992.930,5381.0,1.6504,1,WAIT ZCD,1,0
1789531839243,33044.848,5381.0,1.6504,1,WAIT ZCD,1,0
1789531839253,33018.867,5381.0,1.6504,1,WAIT ZCD,1,0
1789531839263,33031.852,5381.0,1.6504,1,WAIT ZCD,1,0
1789531839273,33005.895,5381.0,1.6504,1,WAIT ZCD,1,0
1789531839283,33044.848,5381.0,1.6504,1,WAIT ZCD,1,0
1789531839293,33005.895,5381.0,1.6504,1,WAIT ZCD,1,0
1789531839303,33018.867,5381.0,1.6504,1,WAIT ZCD,1,0
1789531839313,33005.895,5381.0,1.6504,1,WAIT ZCD,1,0
1789531839323,33005.895,5381.0,1.6504,1,WAIT ZCD,1,0
1789531839333,33031.852,5381.0,1.6504,1,WAIT ZCD,1,0
1789531839343,33031.852,5381.0,1.6504,1,WAIT ZCD,1,0
1789531839353,33031.852,5381.0,1.6504,1,WAIT ZCD,1,0
1789531839365,33031.852,5381.0,1.6504,1,WAIT ZCD,1,0
1789531839373,33031.852,5381.0,1.6504,1,WAIT ZCD,1,0
1789531839383,33018.867,5381.0,1.6504,1,WAIT ZCD,1,0
1789531839393,33031.852,5381.0,1.6504,1,WAIT ZCD,1,0
1789531839403,33044.848,5381.0,1.6504,1,WAIT ZCD,1,0
1789531839413,33005.895,5381.0,1.6504,1,WAIT ZCD,1,0
1789531839423,33057.852,5381.0,1.6504,1,WAIT ZCD,1,0
1789531839433,33005.895,5381.0,1.6504,1,WAIT ZCD,1,0
1789531839443,33031.852,5381.0,1.6504,1,WAIT ZCD,1,0
1789531839453,33031.852,5381.0,1.6504,1,WAIT ZCD,1,0
1789531839463,33031.852,5381.0,1.6504,1,WAIT ZCD,1,0
1789531839473,33044.848,5381.0,1.6504,1,WAIT ZCD,1,0
1789531839483,33031.852,5381.0,1.6504,1,WAIT ZCD,1,0
1789531839493,33031.852,5381.0,1.6504,1,WAIT ZCD,1,0
1789531839503,33018.867,5381.0,1.6504,1,WAIT ZCD,1,0
1789531839513,33005.895,5381.0,1.6504,1,WAIT ZCD,1,0
1789531839523,33031.852,5381.0,1.6504,1,WAIT ZCD,1,0
1789531839533,33005.895,5381.0,1.6504,1,WAIT ZCD,1,0
1789531839543,33018.867,5381.0,1.6504,1,WAIT ZCD,1,0
1789531839553,33018.867,5381.0,1.6504,1,WAIT ZCD,1,0
1789531839563,33057.852,5381.0,1.6504,1,WAIT ZCD,1,0
1789531839573,33005.895,5381.0,1.6504,1,WAIT ZCD,1,0
1789531839583,33031.852,5381.0,1.6504,1,WAIT ZCD,1,0
1789531839593,33044.848,5381.0,1.6504,1,WAIT ZCD,1,0
1789531839603,33044.848,5381.0,1.6504,1,WAIT ZCD,1,0
1789531839613,33018.867,5381.0,1.6504,1,WAIT ZCD,1,0
1789531839623,33044.848,5381.0,1.6504,1,WAIT ZCD,1,0
1789531839633,33044.848,5381.0,1.6504,1,WAIT ZCD,1,0
1789531839643,33031.852,5381.0,1.6504,1,WAIT ZCD,1,0
1789531839653,33031.852,5381.0,1.6504,1,WAIT ZCD,1,0
1789531839663,33031.852,5381.0,1.6504,1,WAIT ZCD,1,0
1789531839673,33031.852,5381.0,1.6504,1,WAIT ZCD,1,0
1789531839683,32295.271,7976.2,1.4828,2,TRACK,0,0
1789531839693,31543.373,571.4,1.3949,2,TRACK,0,0
1789531839703,31507.877,416.7,1.3845,2,TRACK,0,0
1789531839713,31519.699,273.8,1.3788,2,TRACK,0,0
1789531839723,31543.373,166.7,1.3748,2,TRACK,0,0
1789531839733,31496.062,83.3,1.3732,2,TRACK,0,0
1789531839743,31507.877,59.5,1.3716,3,LOCK,0,1
1789531839753,31531.531,-11.9,1.3716,3,LOCK,0,1
1789531839763,31543.373,-23.8,1.3716,3,LOCK,0,1
1789531839773,31519.699,-35.7,1.3724,3,LOCK,0,1
1789531839783,31496.062,0.0,1.3724,3,LOCK,0,1
1789531839793,31507.877,-23.8,1.3724,3,LOCK,0,1
1789531839804,31555.221,47.6,1.3724,3,LOCK,0,1
1789531839814,31531.531,-23.8,1.3716,3,LOCK,0,1
1789531839824,31496.062,0.0,1.3716,3,LOCK,0,1
1789531839834,31496.062,0.0,1.3716,3,LOCK,0,1
1789531839844,31531.531,47.6,1.3716,3,LOCK,0,1
1789531839854,31531.531,0.0,1.3716,3,LOCK,0,1
1789531839864,31507.877,-23.8,1.3716,3,LOCK,0,1
1789531839874,31507.877,-35.7,1.3716,3,LOCK,0,1
1789531839884,31507.877,11.9,1.3716,3,LOCK,0,1
1789531839894,31496.062,-11.9,1.3716,3,LOCK,0,1
1789531839904,31484.258,-59.5,1.3716,3,LOCK,0,1
1789531839914,31519.699,-11.9,1.3716,3,LOCK,0,1
1789531839924,31496.062,0.0,1.3716,3,LOCK,0,1
1789531839934,31496.062,35.7,1.3716,3,LOCK,0,1
1789531839944,31531.531,11.9,1.3716,3,LOCK,0,1
1789531839954,31531.531,11.9,1.3708,3,LOCK,0,1
1789531839964,31507.877,0.0,1.3708,3,LOCK,0,1
1789531839975,31531.531,47.6,1.3716,3,LOCK,0,1
1789531839984,31519.699,47.6,1.3716,3,LOCK,0,1
1789531839994,31484.258,0.0,1.3716,3,LOCK,0,1
1789531840004,31507.877,23.8,1.3716,3,LOCK,0,1
1789531840014,31531.531,0.0,1.3708,3,LOCK,0,1
1789531840024,31507.877,35.7,1.3708,3,LOCK,0,1
1789531840034,31496.062,-23.8,1.3708,3,LOCK,0,1
1789531840044,31519.699,11.9,1.3700,3,LOCK,0,1
1789531840054,31519.699,-35.7,1.3708,3,LOCK,0,1
1789531840064,31507.877,23.8,1.3708,3,LOCK,0,1
1789531840074,31496.062,-71.4,1.3708,2,TRACK,0,0
1789531840084,31531.531,47.6,1.3708,3,LOCK,0,1
1789531840095,31543.373,0.0,1.3708,3,LOCK,0,1
1789531840105,31507.877,11.9,1.3708,3,LOCK,0,1
1789531840115,31507.877,-23.8,1.3700,3,LOCK,0,1
1789531840125,31939.164,952.4,1.3571,2,TRACK,0,0
1789531840135,33005.895,7976.2,1.6504,1,WAIT ZCD,1,0
1789531840145,33018.867,7976.2,1.6504,1,WAIT ZCD,1,0
1789531840155,33018.867,7976.2,1.6504,1,WAIT ZCD,1,0
1789531840165,33031.852,7976.2,1.6504,1,WAIT ZCD,1,0
1789531840175,33044.848,7976.2,1.6504,1,WAIT ZCD,1,0
1789531840185,33031.852,7976.2,1.6504,1,WAIT ZCD,1,0
1789531840195,33031.852,7976.2,1.6504,1,WAIT ZCD,1,0
1789531840205,33031.852,7976.2,1.6504,1,WAIT ZCD,1,0
1789531840215,33031.852,7976.2,1.6504,1,WAIT ZCD,1,0
1789531840225,33031.852,7976.2,1.6504,1,WAIT ZCD,1,0
1789531840235,33031.852,7976.2,1.6504,1,WAIT ZCD,1,0
1789531840245,33044.848,7976.2,1.6504,1,WAIT ZCD,1,0
1789531840255,33018.867,7976.2,1.6504,1,WAIT ZCD,1,0
1789531840265,33044.848,7976.2,1.6504,1,WAIT ZCD,1,0
1789531840275,33031.852,7976.2,1.6504,1,WAIT ZCD,1,0
1789531840285,33044.848,7976.2,1.6504,1,WAIT ZCD,1,0
1789531840295,33018.867,7976.2,1.6504,1,WAIT ZCD,1,0
1789531840305,33031.852,7976.2,1.6504,1,WAIT ZCD,1,0
1789531840315,33031.852,7976.2,1.6504,1,WAIT ZCD,1,0
1789531840325,33031.852,7976.2,1.6504,1,WAIT ZCD,1,0
1789531840335,33044.848,7976.2,1.6504,1,WAIT ZCD,1,0
1789531840345,33057.852,7976.2,1.6504,1,WAIT ZCD,1,0
1789531840355,33031.852,7976.2,1.6504,1,WAIT ZCD,1,0
1789531840365,33044.848,7976.2,1.6504,1,WAIT ZCD,1,0
1789531840375,33031.852,7976.2,1.6504,1,WAIT ZCD,1,0
1789531840385,33044.848,7976.2,1.6504,1,WAIT ZCD,1,0
1789531840395,33044.848,7976.2,1.6504,1,WAIT ZCD,1,0
1789531840405,33018.867,7976.2,1.6504,1,WAIT ZCD,1,0
1789531840415,33005.895,7976.2,1.6504,1,WAIT ZCD,1,0
1789531840425,33018.867,7976.2,1.6504,1,WAIT ZCD,1,0
1789531840435,33018.867,7976.2,1.6504,1,WAIT ZCD,1,0
1789531840445,33044.848,7976.2,1.6504,1,WAIT ZCD,1,0
1789531840455,33031.852,7976.2,1.6504,1,WAIT ZCD,1,0
1789531840465,33031.852,7976.2,1.6504,1,WAIT ZCD,1,0
1789531840475,33031.852,7976.2,1.6504,1,WAIT ZCD,1,0
1789531840485,33031.852,7976.2,1.6504,1,WAIT ZCD,1,0
1789531840495,33005.895,7976.2,1.6504,1,WAIT ZCD,1,0
1789531840505,33031.852,7976.2,1.6504,1,WAIT ZCD,1,0
1789531840515,33044.848,7976.2,1.6504,1,WAIT ZCD,1,0
1789531840525,33031.852,7976.2,1.6504,1,WAIT ZCD,1,0
1789531840535,33018.867,7976.2,1.6504,1,WAIT ZCD,1,0
1789531840545,33044.848,7976.2,1.6504,1,WAIT ZCD,1,0
1789531840555,33005.895,7976.2,1.6504,1,WAIT ZCD,1,0
1789531840565,33044.848,7976.2,1.6504,1,WAIT ZCD,1,0
1789531840575,33031.852,7976.2,1.6504,1,WAIT ZCD,1,0
1789531840585,33005.895,7976.2,1.6504,1,WAIT ZCD,1,0
1789531840595,33031.852,7976.2,1.6504,1,WAIT ZCD,1,0
1789531840605,33018.867,7976.2,1.6504,1,WAIT ZCD,1,0
1789531840615,33031.852,7976.2,1.6504,1,WAIT ZCD,1,0
1789531840625,33031.852,7976.2,1.6504,1,WAIT ZCD,1,0
1789531840635,33044.848,7976.2,1.6504,1,WAIT ZCD,1,0
1789531840645,33018.867,7976.2,1.6504,1,WAIT ZCD,1,0
1789531840655,33031.852,7976.2,1.6504,1,WAIT ZCD,1,0
1789531840665,33031.852,7976.2,1.6504,1,WAIT ZCD,1,0
1789531840675,33018.867,7976.2,1.6504,1,WAIT ZCD,1,0
1789531840685,33031.852,7976.2,1.6504,1,WAIT ZCD,1,0
1789531840695,33044.848,7976.2,1.6504,1,WAIT ZCD,1,0
1789531840705,33018.867,7976.2,1.6504,1,WAIT ZCD,1,0
1789531840715,33031.852,7976.2,1.6504,1,WAIT ZCD,1,0
1789531840725,33031.852,7976.2,1.6504,1,WAIT ZCD,1,0
1789531840735,33044.848,7976.2,1.6504,1,WAIT ZCD,1,0
1789531840745,33031.852,7976.2,1.6504,1,WAIT ZCD,1,0
1789531840755,33044.848,7976.2,1.6504,1,WAIT ZCD,1,0
1789531840765,33031.852,7976.2,1.6504,1,WAIT ZCD,1,0
1789531840775,33057.852,7976.2,1.6504,1,WAIT ZCD,1,0
1789531840785,33018.867,7976.2,1.6504,1,WAIT ZCD,1,0
1789531840795,33044.848,7976.2,1.6504,1,WAIT ZCD,1,0
1789531840805,33018.867,7976.2,1.6504,1,WAIT ZCD,1,0
1789531840815,33031.852,7976.2,1.6504,1,WAIT ZCD,1,0
1789531840825,33018.867,7976.2,1.6504,1,WAIT ZCD,1,0
1789531840835,33044.848,7976.2,1.6504,1,WAIT ZCD,1,0
1789531840845,33018.867,7976.2,1.6504,1,WAIT ZCD,1,0
1789531840859,33031.852,7976.2,1.6504,1,WAIT ZCD,1,0
1789531840865,33031.852,7976.2,1.6504,1,WAIT ZCD,1,0
1789531840875,33031.852,7976.2,1.6504,1,WAIT ZCD,1,0
1789531840885,33018.867,7976.2,1.6504,1,WAIT ZCD,1,0
1789531840895,33057.852,7976.2,1.6504,1,WAIT ZCD,1,0
1789531840905,33018.867,7976.2,1.6504,1,WAIT ZCD,1,0
1789531840915,33044.848,7976.2,1.6504,1,WAIT ZCD,1,0
1789531840925,33044.848,7976.2,1.6504,1,WAIT ZCD,1,0
1789531840935,33044.848,7976.2,1.6504,1,WAIT ZCD,1,0
1789531840945,33018.867,7976.2,1.6504,1,WAIT ZCD,1,0
1789531840955,33031.852,7976.2,1.6504,1,WAIT ZCD,1,0
1789531840965,33018.867,7976.2,1.6504,1,WAIT ZCD,1,0
1789531840975,33044.848,7976.2,1.6504,1,WAIT ZCD,1,0
1789531840985,33044.848,7976.2,1.6504,1,WAIT ZCD,1,0
1789531840995,33018.867,7976.2,1.6504,1,WAIT ZCD,1,0
1789531841005,33018.867,7976.2,1.6504,1,WAIT ZCD,1,0
1789531841015,33018.867,7976.2,1.6504,1,WAIT ZCD,1,0
1789531841025,33031.852,7976.2,1.6504,1,WAIT ZCD,1,0
1789531841035,33018.867,7976.2,1.6504,1,WAIT ZCD,1,0
1789531841045,33031.852,7976.2,1.6504,1,WAIT ZCD,1,0
1789531841055,33031.852,7976.2,1.6504,1,WAIT ZCD,1,0
1789531841065,33031.852,7976.2,1.6504,1,WAIT ZCD,1,0
1789531841075,33031.852,7976.2,1.6504,1,WAIT ZCD,1,0
1789531841085,33018.867,7976.2,1.6504,1,WAIT ZCD,1,0
1789531841095,33031.852,7976.2,1.6504,1,WAIT ZCD,1,0
1789531841105,33018.867,7976.2,1.6504,1,WAIT ZCD,1,0
1789531841115,33031.852,7976.2,1.6504,1,WAIT ZCD,1,0
1789531841125,32876.711,9476.2,1.6504,2,TRACK,0,0
1789531841135,32233.309,7821.4,1.4642,2,TRACK,0,0
1789531841145,31531.531,666.7,1.3941,2,TRACK,0,0
1789531841155,31567.080,452.4,1.3837,2,TRACK,0,0
1789531841165,31555.221,190.5,1.3780,2,TRACK,0,0
1789531841175,31531.531,83.3,1.3764,2,TRACK,0,0
1789531841185,31543.373,71.4,1.3748,2,TRACK,0,0
1789531841195,31531.531,23.8,1.3740,3,LOCK,0,1
1789531841205,31531.531,47.6,1.3740,3,LOCK,0,1
1789531841215,31531.531,23.8,1.3724,3,LOCK,0,1
1789531841225,31507.877,23.8,1.3732,3,LOCK,0,1
1789531841235,31531.531,47.6,1.3724,3,LOCK,0,1
1789531841245,31507.877,0.0,1.3724,3,LOCK,0,1
1789531841255,31519.699,0.0,1.3724,3,LOCK,0,1
1789531841265,31531.531,0.0,1.3716,3,LOCK,0,1
1789531841276,31507.877,-35.7,1.3724,3,LOCK,0,1
1789531841288,31531.531,59.5,1.3716,3,LOCK,0,1
1789531841298,31531.531,35.7,1.3716,3,LOCK,0,1
1789531841308,31507.877,-23.8,1.3716,3,LOCK,0,1
1789531841318,31519.699,59.5,1.3716,3,LOCK,0,1
1789531841328,31496.062,-35.7,1.3716,3,LOCK,0,1
1789531841338,31531.531,35.7,1.3716,3,LOCK,0,1
1789531841349,31531.531,23.8,1.3716,3,LOCK,0,1
1789531841362,31531.531,11.9,1.3708,3,LOCK,0,1
1789531841371,31519.699,11.9,1.3708,3,LOCK,0,1
1789531841381,31531.531,47.6,1.3716,3,LOCK,0,1
1789531841391,31519.699,11.9,1.3708,3,LOCK,0,1
1789531841401,31519.699,-11.9,1.3708,3,LOCK,0,1
1789531841411,31496.062,-11.9,1.3700,3,LOCK,0,1
1789531841421,31531.531,11.9,1.3708,3,LOCK,0,1
1789531841433,31484.258,0.0,1.3708,3,LOCK,0,1
1789531841443,31543.373,11.9,1.3700,3,LOCK,0,1
1789531841453,31484.258,-23.8,1.3700,3,LOCK,0,1
1789531841463,31519.699,11.9,1.3700,3,LOCK,0,1
1789531841473,31531.531,23.8,1.3700,3,LOCK,0,1
1789531841483,31507.877,-35.7,1.3708,3,LOCK,0,1
1789531841493,31531.531,11.9,1.3700,3,LOCK,0,1
1789531841503,31496.062,-35.7,1.3708,3,LOCK,0,1
1789531841513,31519.699,-23.8,1.3708,3,LOCK,0,1
1789531841523,31507.877,0.0,1.3708,3,LOCK,0,1
1789531841534,31519.699,23.8,1.3708,3,LOCK,0,1
1789531841544,31496.062,-11.9,1.3708,3,LOCK,0,1
1789531841554,31496.062,11.9,1.3708,3,LOCK,0,1
1789531841564,31519.699,11.9,1.3708,3,LOCK,0,1
1789531841574,31519.699,59.5,1.3700,3,LOCK,0,1
1789531841584,33057.852,9476.2,1.6504,1,WAIT ZCD,1,0
1789531841594,33044.848,9476.2,1.6504,1,WAIT ZCD,1,0
1789531841604,33031.852,9476.2,1.6504,1,WAIT ZCD,1,0
1789531841614,33057.852,9476.2,1.6504,1,WAIT ZCD,1,0
1789531841624,33031.852,9476.2,1.6504,1,WAIT ZCD,1,0
1789531841634,33005.895,9476.2,1.6504,1,WAIT ZCD,1,0
1789531841644,33018.867,9476.2,1.6504,1,WAIT ZCD,1,0
1789531841654,33018.867,9476.2,1.6504,1,WAIT ZCD,1,0
1789531841664,33057.852,9476.2,1.6504,1,WAIT ZCD,1,0
1789531841674,33018.867,9476.2,1.6504,1,WAIT ZCD,1,0
1789531841684,33031.852,9476.2,1.6504,1,WAIT ZCD,1,0
1789531841694,33044.848,9476.2,1.6504,1,WAIT ZCD,1,0
1789531841704,33031.852,9476.2,1.6504,1,WAIT ZCD,1,0
1789531841714,33018.867,9476.2,1.6504,1,WAIT ZCD,1,0
1789531841724,33031.852,9476.2,1.6504,1,WAIT ZCD,1,0
1789531841734,33018.867,9476.2,1.6504,1,WAIT ZCD,1,0
1789531841744,33018.867,9476.2,1.6504,1,WAIT ZCD,1,0
1789531841754,33005.895,9476.2,1.6504,1,WAIT ZCD,1,0
1789531841764,33005.895,9476.2,1.6504,1,WAIT ZCD,1,0
1789531841774,33031.852,9476.2,1.6504,1,WAIT ZCD,1,0
1789531841784,33031.852,9476.2,1.6504,1,WAIT ZCD,1,0
1789531841794,33031.852,9476.2,1.6504,1,WAIT ZCD,1,0
1789531841804,33044.848,9476.2,1.6504,1,WAIT ZCD,1,0
1789531841814,33005.895,9476.2,1.6504,1,WAIT ZCD,1,0
1789531841824,33044.848,9476.2,1.6504,1,WAIT ZCD,1,0
1789531841834,32992.930,9476.2,1.6504,1,WAIT ZCD,1,0
1789531841844,33018.867,9476.2,1.6504,1,WAIT ZCD,1,0
1789531841854,33018.867,9476.2,1.6504,1,WAIT ZCD,1,0
1789531841864,33018.867,9476.2,1.6504,1,WAIT ZCD,1,0
1789531841874,33057.852,9476.2,1.6504,1,WAIT ZCD,1,0
1789531841884,32992.930,9476.2,1.6504,1,WAIT ZCD,1,0
1789531841894,33031.852,9476.2,1.6504,1,WAIT ZCD,1,0
1789531841904,33005.895,9476.2,1.6504,1,WAIT ZCD,1,0
1789531841914,33031.852,9476.2,1.6504,1,WAIT ZCD,1,0
1789531841924,33005.895,9476.2,1.6504,1,WAIT ZCD,1,0
1789531841934,33031.852,9476.2,1.6504,1,WAIT ZCD,1,0
1789531841944,33018.867,9476.2,1.6504,1,WAIT ZCD,1,0
1789531841954,33031.852,9476.2,1.6504,1,WAIT ZCD,1,0
1789531841964,33005.895,9476.2,1.6504,1,WAIT ZCD,1,0
1789531841974,33018.867,9476.2,1.6504,1,WAIT ZCD,1,0
1789531841984,33057.852,9476.2,1.6504,1,WAIT ZCD,1,0
1789531841994,33044.848,9476.2,1.6504,1,WAIT ZCD,1,0
1789531842004,33018.867,9476.2,1.6504,1,WAIT ZCD,1,0
1789531842014,33018.867,9476.2,1.6504,1,WAIT ZCD,1,0
1789531842024,33044.848,9476.2,1.6504,1,WAIT ZCD,1,0
1789531842034,33005.895,9476.2,1.6504,1,WAIT ZCD,1,0
1789531842044,33005.895,9476.2,1.6504,1,WAIT ZCD,1,0
1789531842054,33005.895,9476.2,1.6504,1,WAIT ZCD,1,0
1789531842064,33018.867,9476.2,1.6504,1,WAIT ZCD,1,0
1789531842074,33018.867,9476.2,1.6504,1,WAIT ZCD,1,0
1789531842084,33044.848,9476.2,1.6504,1,WAIT ZCD,1,0
1789531842094,33031.852,9476.2,1.6504,1,WAIT ZCD,1,0
1789531842104,33018.867,9476.2,1.6504,1,WAIT ZCD,1,0
1789531842114,33005.895,9476.2,1.6504,1,WAIT ZCD,1,0
1789531842124,33044.848,9476.2,1.6504,1,WAIT ZCD,1,0
1789531842134,33031.852,9476.2,1.6504,1,WAIT ZCD,1,0
1789531842144,33018.867,9476.2,1.6504,1,WAIT ZCD,1,0
1789531842154,33044.848,9476.2,1.6504,1,WAIT ZCD,1,0
1789531842164,32992.930,9476.2,1.6504,1,WAIT ZCD,1,0
1789531842174,33031.852,9476.2,1.6504,1,WAIT ZCD,1,0
1789531842184,33005.895,9476.2,1.6504,1,WAIT ZCD,1,0
1789531842194,33031.852,9476.2,1.6504,1,WAIT ZCD,1,0
1789531842204,33031.852,9476.2,1.6504,1,WAIT ZCD,1,0
1789531842214,32992.930,9476.2,1.6504,1,WAIT ZCD,1,0
1789531842224,33031.852,9476.2,1.6504,1,WAIT ZCD,1,0
1789531842234,33031.852,9476.2,1.6504,1,WAIT ZCD,1,0
1789531842244,33031.852,9476.2,1.6504,1,WAIT ZCD,1,0
1789531842254,32992.930,9476.2,1.6504,1,WAIT ZCD,1,0
1789531842264,33044.848,9476.2,1.6504,1,WAIT ZCD,1,0
1789531842274,33018.867,9476.2,1.6504,1,WAIT ZCD,1,0
1789531842284,33018.867,9476.2,1.6504,1,WAIT ZCD,1,0
1789531842294,33031.852,9476.2,1.6504,1,WAIT ZCD,1,0
1789531842304,33018.867,9476.2,1.6504,1,WAIT ZCD,1,0
1789531842314,33031.852,9476.2,1.6504,1,WAIT ZCD,1,0
1789531842324,33031.852,9476.2,1.6504,1,WAIT ZCD,1,0
1789531842334,33044.848,9476.2,1.6504,1,WAIT ZCD,1,0
1789531842344,33005.895,9476.2,1.6504,1,WAIT ZCD,1,0
1789531842355,33018.867,9476.2,1.6504,1,WAIT ZCD,1,0
1789531842364,33005.895,9476.2,1.6504,1,WAIT ZCD,1,0
1789531842374,33018.867,9476.2,1.6504,1,WAIT ZCD,1,0
1789531842384,33044.848,9476.2,1.6504,1,WAIT ZCD,1,0
1789531842394,33018.867,9476.2,1.6504,1,WAIT ZCD,1,0
1789531842404,33018.867,9476.2,1.6504,1,WAIT ZCD,1,0
1789531842414,33005.895,9476.2,1.6504,1,WAIT ZCD,1,0
1789531842424,33044.848,9476.2,1.6504,1,WAIT ZCD,1,0
1789531842434,33044.848,9476.2,1.6504,1,WAIT ZCD,1,0
1789531842444,33018.867,9476.2,1.6504,1,WAIT ZCD,1,0
1789531842454,33057.852,9476.2,1.6504,1,WAIT ZCD,1,0
1789531842464,33044.848,9476.2,1.6504,1,WAIT ZCD,1,0
1789531842474,33018.867,9476.2,1.6504,1,WAIT ZCD,1,0
1789531842484,33018.867,9476.2,1.6504,1,WAIT ZCD,1,0
1789531842494,33018.867,9476.2,1.6504,1,WAIT ZCD,1,0
1789531842504,33018.867,9476.2,1.6504,1,WAIT ZCD,1,0
1789531842514,33031.852,9476.2,1.6504,1,WAIT ZCD,1,0
1789531842524,33018.867,9476.2,1.6504,1,WAIT ZCD,1,0
1789531842534,33018.867,9476.2,1.6504,1,WAIT ZCD,1,0
1789531842544,33005.895,9476.2,1.6504,1,WAIT ZCD,1,0
1789531842554,33031.852,9476.2,1.6504,1,WAIT ZCD,1,0
1789531842564,33018.867,9476.2,1.6504,1,WAIT ZCD,1,0
1789531842574,33031.852,9476.2,1.6504,1,WAIT ZCD,1,0
1789531842584,33018.867,9476.2,1.6504,1,WAIT ZCD,1,0
1789531842594,33005.895,9476.2,1.6504,1,WAIT ZCD,1,0
1789531842604,33031.852,9476.2,1.6504,1,WAIT ZCD,1,0
1789531842614,33005.895,9476.2,1.6504,1,WAIT ZCD,1,0
1789531842624,33018.867,9476.2,1.6504,1,WAIT ZCD,1,0
1789531842634,33031.852,9476.2,1.6504,1,WAIT ZCD,1,0
1789531842644,32992.930,9476.2,1.6504,1,WAIT ZCD,1,0
1789531842654,33031.852,9476.2,1.6504,1,WAIT ZCD,1,0
1789531842664,33044.848,9476.2,1.6504,1,WAIT ZCD,1,0
1789531842674,33005.895,9476.2,1.6504,1,WAIT ZCD,1,0
1789531842684,33018.867,9476.2,1.6504,1,WAIT ZCD,1,0
1789531842694,33031.852,9476.2,1.6504,1,WAIT ZCD,1,0
1789531842704,33018.867,9476.2,1.6504,1,WAIT ZCD,1,0
1789531842714,33044.848,9476.2,1.6504,1,WAIT ZCD,1,0
1789531842724,33005.895,9476.2,1.6504,1,WAIT ZCD,1,0
1789531842734,33031.852,9476.2,1.6504,1,WAIT ZCD,1,0
1789531842744,33005.895,9476.2,1.6504,1,WAIT ZCD,1,0
1789531842754,32992.930,9476.2,1.6504,1,WAIT ZCD,1,0
1789531842764,33031.852,9476.2,1.6504,1,WAIT ZCD,1,0
1789531842774,33031.852,9476.2,1.6504,1,WAIT ZCD,1,0
1789531842784,33005.895,9476.2,1.6504,1,WAIT ZCD,1,0
1789531842794,33005.895,9476.2,1.6504,1,WAIT ZCD,1,0
1789531842804,33044.848,9476.2,1.6504,1,WAIT ZCD,1,0
1789531842814,33044.848,9476.2,1.6504,1,WAIT ZCD,1,0
1789531842824,33044.848,9476.2,1.6504,1,WAIT ZCD,1,0
1789531842834,33031.852,9476.2,1.6504,1,WAIT ZCD,1,0
1789531842844,33005.895,9476.2,1.6504,1,WAIT ZCD,1,0
1789531842854,33018.867,9476.2,1.6504,1,WAIT ZCD,1,0
1789531842864,33044.848,9476.2,1.6504,1,WAIT ZCD,1,0
1789531842874,33031.852,9476.2,1.6504,1,WAIT ZCD,1,0
1789531842884,33031.852,9476.2,1.6504,1,WAIT ZCD,1,0
1789531842894,33057.852,9476.2,1.6504,1,WAIT ZCD,1,0
1789531842904,33031.852,9476.2,1.6504,1,WAIT ZCD,1,0
1789531842914,33044.848,9476.2,1.6504,1,WAIT ZCD,1,0
1789531842924,33044.848,9476.2,1.6504,1,WAIT ZCD,1,0
1789531842934,33044.848,9476.2,1.6504,1,WAIT ZCD,1,0
1789531842944,32992.930,9476.2,1.6504,1,WAIT ZCD,1,0
1789531842954,33018.867,9476.2,1.6504,1,WAIT ZCD,1,0
1789531842964,33031.852,9476.2,1.6504,1,WAIT ZCD,1,0
1789531842974,33044.848,9476.2,1.6504,1,WAIT ZCD,1,0
1789531842984,33031.852,9476.2,1.6504,1,WAIT ZCD,1,0
1789531842994,33057.852,9476.2,1.6504,1,WAIT ZCD,1,0
1789531843004,33031.852,9476.2,1.6504,1,WAIT ZCD,1,0
1789531843014,33018.867,9476.2,1.6504,1,WAIT ZCD,1,0
1789531843024,33005.895,9476.2,1.6504,1,WAIT ZCD,1,0
1789531843034,33044.848,9476.2,1.6504,1,WAIT ZCD,1,0
1789531843044,33018.867,9476.2,1.6504,1,WAIT ZCD,1,0
1789531843054,33031.852,9476.2,1.6504,1,WAIT ZCD,1,0
1789531843064,33044.848,9476.2,1.6504,1,WAIT ZCD,1,0
1789531843074,33057.852,9476.2,1.6504,1,WAIT ZCD,1,0
1789531843084,33031.852,9476.2,1.6504,1,WAIT ZCD,1,0
1789531843094,33031.852,9476.2,1.6504,1,WAIT ZCD,1,0
1789531843104,33031.852,9476.2,1.6504,1,WAIT ZCD,1,0
1789531843114,33031.852,9476.2,1.6504,1,WAIT ZCD,1,0
1789531843124,33018.867,9476.2,1.6504,1,WAIT ZCD,1,0
1789531843134,33031.852,9476.2,1.6504,1,WAIT ZCD,1,0
1789531843144,33057.852,9476.2,1.6504,1,WAIT ZCD,1,0
1789531843154,33044.848,9476.2,1.6504,1,WAIT ZCD,1,0
1789531843164,33031.852,9476.2,1.6504,1,WAIT ZCD,1,0
1789531843174,33031.852,9476.2,1.6504,1,WAIT ZCD,1,0
1789531843184,33018.867,9476.2,1.6504,1,WAIT ZCD,1,0
1789531843194,33044.848,9476.2,1.6504,1,WAIT ZCD,1,0
1789531843204,33018.867,9476.2,1.6504,1,WAIT ZCD,1,0
1789531843214,33031.852,9476.2,1.6504,1,WAIT ZCD,1,0
1789531843224,33057.852,9476.2,1.6504,1,WAIT ZCD,1,0
1789531843234,33005.895,9476.2,1.6504,1,WAIT ZCD,1,0
1789531843244,33031.852,9476.2,1.6504,1,WAIT ZCD,1,0
1789531843254,33044.848,9476.2,1.6504,1,WAIT ZCD,1,0
1789531843264,33005.895,9476.2,1.6504,1,WAIT ZCD,1,0
1789531843274,33057.852,9476.2,1.6504,1,WAIT ZCD,1,0
1789531843284,33018.867,9476.2,1.6504,1,WAIT ZCD,1,0
1789531843294,33005.895,9476.2,1.6504,1,WAIT ZCD,1,0
1789531843304,33044.848,9476.2,1.6504,1,WAIT ZCD,1,0
1789531843314,33031.852,9476.2,1.6504,1,WAIT ZCD,1,0
1789531843324,33031.852,9476.2,1.6504,1,WAIT ZCD,1,0
1789531843334,33005.895,9476.2,1.6504,1,WAIT ZCD,1,0
1789531843344,33005.895,9476.2,1.6504,1,WAIT ZCD,1,0
