Timestamp_ms,ReferenceFrequencyHz,PhaseErrorNs,DACVoltage_V,LockStatus,LockState,PhaseStale,IsLocked
1789530531431,33994.336,-47.6,1.6504,1,WAIT ZCD,1,0
1789530531441,33966.844,-47.6,1.6504,1,WAIT ZCD,1,0
1789530531451,33966.844,-47.6,1.6504,1,WAIT ZCD,1,0
1789530531461,33994.336,-47.6,1.6504,1,WAIT ZCD,1,0
1789530531471,33994.336,-47.6,1.6504,1,WAIT ZCD,1,0
1789530531481,33966.844,-47.6,1.6504,1,WAIT ZCD,1,0
1789530531491,33980.582,-47.6,1.6504,1,WAIT ZCD,1,0
1789530531501,33980.582,-47.6,1.6504,1,WAIT ZCD,1,0
1789530531511,33994.336,-47.6,1.6504,1,WAIT ZCD,1,0
1789530531521,33994.336,-47.6,1.6504,1,WAIT ZCD,1,0
1789530531531,33980.582,-47.6,1.6504,1,WAIT ZCD,1,0
1789530531541,33966.844,-47.6,1.6504,1,WAIT ZCD,1,0
1789530531551,33980.582,-47.6,1.6504,1,WAIT ZCD,1,0
1789530531561,33980.582,-47.6,1.6504,1,WAIT ZCD,1,0
1789530531571,33994.336,-47.6,1.6504,1,WAIT ZCD,1,0
1789530531581,33966.844,-47.6,1.6504,1,WAIT ZCD,1,0
1789530531591,33994.336,-47.6,1.6504,1,WAIT ZCD,1,0
1789530531601,33980.582,-47.6,1.6504,1,WAIT ZCD,1,0
1789530531611,33980.582,-47.6,1.6504,1,WAIT ZCD,1,0
1789530531621,33966.844,-47.6,1.6504,1,WAIT ZCD,1,0
1789530531631,33966.844,-47.6,1.6504,1,WAIT ZCD,1,0
1789530531641,33994.336,-47.6,1.6504,1,WAIT ZCD,1,0
1789530531651,33994.336,-47.6,1.6504,1,WAIT ZCD,1,0
1789530531661,33966.844,-47.6,1.6504,1,WAIT ZCD,1,0
1789530531671,33980.582,-47.6,1.6504,1,WAIT ZCD,1,0
1789530531681,33980.582,-47.6,1.6504,1,WAIT ZCD,1,0
1789530531691,33966.844,-47.6,1.6504,1,WAIT ZCD,1,0
1789530531701,33980.582,-47.6,1.6504,1,WAIT ZCD,1,0
1789530531711,34008.098,-47.6,1.6504,1,WAIT ZCD,1,0
1789530531721,33966.844,-47.6,1.6504,1,WAIT ZCD,1,0
1789530531731,33966.844,-47.6,1.6504,1,WAIT ZCD,1,0
1789530531741,33953.113,-47.6,1.6504,1,WAIT ZCD,1,0
1789530531751,33980.582,-47.6,1.6504,1,WAIT ZCD,1,0
1789530531762,33966.844,-47.6,1.6504,1,WAIT ZCD,1,0
1789530531771,33980.582,-47.6,1.6504,1,WAIT ZCD,1,0
1789530531781,33980.582,-47.6,1.6504,1,WAIT ZCD,1,0
1789530531791,33966.844,-47.6,1.6504,1,WAIT ZCD,1,0
1789530531801,34008.098,-47.6,1.6504,1,WAIT ZCD,1,0
1789530531811,33994.336,-47.6,1.6504,1,WAIT ZCD,1,0
1789530531821,33980.582,-47.6,1.6504,1,WAIT ZCD,1,0
1789530531831,33966.844,-47.6,1.6504,1,WAIT ZCD,1,0
1789530531841,33966.844,-47.6,1.6504,1,WAIT ZCD,1,0
1789530531851,33994.336,-47.6,1.6504,1,WAIT ZCD,1,0
1789530531861,33980.582,-47.6,1.6504,1,WAIT ZCD,1,0
1789530531871,33980.582,-47.6,1.6504,1,WAIT ZCD,1,0
1789530531881,33994.336,-47.6,1.6504,1,WAIT ZCD,1,0
1789530531891,33980.582,-47.6,1.6504,1,WAIT ZCD,1,0
1789530531901,33980.582,-47.6,1.6504,1,WAIT ZCD,1,0
1789530531911,33994.336,-47.6,1.6504,1,WAIT ZCD,1,0
1789530531921,33994.336,-47.6,1.6504,1,WAIT ZCD,1,0
1789530531931,33994.336,-47.6,1.6504,1,WAIT ZCD,1,0
1789530531941,33980.582,-47.6,1.6504,1,WAIT ZCD,1,0
1789530531951,33980.582,-47.6,1.6504,1,WAIT ZCD,1,0
1789530531961,33980.582,-47.6,1.6504,1,WAIT ZCD,1,0
1789530531971,33980.582,-47.6,1.6504,1,WAIT ZCD,1,0
1789530531981,33980.582,-47.6,1.6504,1,WAIT ZCD,1,0
1789530531991,33966.844,-47.6,1.6504,1,WAIT ZCD,1,0
1789530532001,33980.582,-47.6,1.6504,1,WAIT ZCD,1,0
1789530532012,33953.113,-47.6,1.6504,1,WAIT ZCD,1,0
1789530532021,33966.844,-47.6,1.6504,1,WAIT ZCD,1,0
1789530532031,33994.336,-47.6,1.6504,1,WAIT ZCD,1,0
1789530532041,33994.336,-47.6,1.6504,1,WAIT ZCD,1,0
1789530532051,33980.582,-47.6,1.6504,1,WAIT ZCD,1,0
1789530532061,33994.336,-47.6,1.6504,1,WAIT ZCD,1,0
1789530532071,33980.582,-47.6,1.6504,1,WAIT ZCD,1,0
1789530532081,33994.336,-47.6,1.6504,1,WAIT ZCD,1,0
1789530532091,33994.336,-47.6,1.6504,1,WAIT ZCD,1,0
1789530532101,33966.844,-47.6,1.6504,1,WAIT ZCD,1,0
1789530532112,33980.582,-47.6,1.6504,1,WAIT ZCD,1,0
1789530532121,34008.098,-47.6,1.6504,1,WAIT ZCD,1,0
1789530532131,33994.336,-47.6,1.6504,1,WAIT ZCD,1,0
1789530532141,33980.582,-47.6,1.6504,1,WAIT ZCD,1,0
1789530532151,33980.582,-47.6,1.6504,1,WAIT ZCD,1,0
1789530532161,33966.844,-47.6,1.6504,1,WAIT ZCD,1,0
1789530532171,33980.582,-47.6,1.6504,1,WAIT ZCD,1,0
1789530532181,33980.582,-47.6,1.6504,1,WAIT ZCD,1,0
1789530532191,33980.582,-47.6,1.6504,1,WAIT ZCD,1,0
1789530532201,33980.582,-47.6,1.6504,1,WAIT ZCD,1,0
1789530532211,33994.336,-47.6,1.6504,1,WAIT ZCD,1,0
1789530532221,33994.336,-47.6,1.6504,1,WAIT ZCD,1,0
1789530532231,34008.098,-47.6,1.6504,1,WAIT ZCD,1,0
1789530532241,33980.582,-47.6,1.6504,1,WAIT ZCD,1,0
1789530532251,33980.582,-47.6,1.6504,1,WAIT ZCD,1,0
1789530532261,33966.844,-47.6,1.6504,1,WAIT ZCD,1,0
1789530532271,34008.098,-47.6,1.6504,1,WAIT ZCD,1,0
1789530532281,33980.582,-47.6,1.6504,1,WAIT ZCD,1,0
1789530532291,33980.582,-47.6,1.6504,1,WAIT ZCD,1,0
1789530532301,33980.582,-47.6,1.6504,1,WAIT ZCD,1,0
1789530532311,33966.844,-47.6,1.6504,1,WAIT ZCD,1,0
1789530532321,33966.844,-47.6,1.6504,1,WAIT ZCD,1,0
1789530532331,33980.582,-47.6,1.6504,1,WAIT ZCD,1,0
1789530532341,33966.844,-47.6,1.6504,1,WAIT ZCD,1,0
1789530532351,33980.582,-47.6,1.6504,1,WAIT ZCD,1,0
1789530532362,33994.336,-47.6,1.6504,1,WAIT ZCD,1,0
1789530532371,33980.582,-47.6,1.6504,1,WAIT ZCD,1,0
1789530532381,33980.582,-47.6,1.6504,1,WAIT ZCD,1,0
1789530532391,33911.992,-47.6,1.6504,1,WAIT ZCD,1,0
1789530532401,33994.336,-47.6,1.6504,1,WAIT ZCD,1,0
1789530532411,33994.336,-47.6,1.6504,1,WAIT ZCD,1,0
1789530532421,33994.336,-47.6,1.6504,1,WAIT ZCD,1,0
1789530532431,33994.336,-47.6,1.6504,1,WAIT ZCD,1,0
1789530532441,33980.582,-47.6,1.6504,1,WAIT ZCD,1,0
1789530532451,33994.336,-47.6,1.6504,1,WAIT ZCD,1,0
1789530532461,33980.582,-47.6,1.6504,1,WAIT ZCD,1,0
1789530532471,33966.844,-47.6,1.6504,1,WAIT ZCD,1,0
1789530532481,33994.336,-47.6,1.6504,1,WAIT ZCD,1,0
1789530532491,33994.336,-47.6,1.6504,1,WAIT ZCD,1,0
1789530532501,33994.336,-47.6,1.6504,1,WAIT ZCD,1,0
1789530532511,33980.582,-47.6,1.6504,1,WAIT ZCD,1,0
1789530532521,33994.336,-47.6,1.6504,1,WAIT ZCD,1,0
1789530532531,33980.582,-47.6,1.6504,1,WAIT ZCD,1,0
1789530532541,33994.336,-47.6,1.6504,1,WAIT ZCD,1,0
1789530532551,33966.844,-47.6,1.6504,1,WAIT ZCD,1,0
1789530532562,33994.336,-47.6,1.6504,1,WAIT ZCD,1,0
1789530532571,33966.844,-47.6,1.6504,1,WAIT ZCD,1,0
1789530532581,33980.582,-47.6,1.6504,1,WAIT ZCD,1,0
1789530532591,33980.582,-47.6,1.6504,1,WAIT ZCD,1,0
1789530532601,33980.582,-47.6,1.6504,1,WAIT ZCD,1,0
1789530532611,34008.098,-47.6,1.6504,1,WAIT ZCD,1,0
1789530532621,34008.098,-47.6,1.6504,1,WAIT ZCD,1,0
1789530532631,33994.336,-47.6,1.6504,1,WAIT ZCD,1,0
1789530532641,33994.336,-47.6,1.6504,1,WAIT ZCD,1,0
1789530532651,33980.582,-47.6,1.6504,1,WAIT ZCD,1,0
1789530532661,33966.844,-47.6,1.6504,1,WAIT ZCD,1,0
1789530532671,34008.098,-47.6,1.6504,1,WAIT ZCD,1,0
1789530532681,33966.844,-47.6,1.6504,1,WAIT ZCD,1,0
1789530532691,33994.336,-47.6,1.6504,1,WAIT ZCD,1,0
1789530532701,33980.582,-47.6,1.6504,1,WAIT ZCD,1,0
1789530532711,34008.098,-47.6,1.6504,1,WAIT ZCD,1,0
1789530532721,33980.582,-47.6,1.6504,1,WAIT ZCD,1,0
1789530532731,33980.582,-47.6,1.6504,1,WAIT ZCD,1,0
1789530532741,33994.336,-47.6,1.6504,1,WAIT ZCD,1,0
1789530532751,33994.336,-47.6,1.6504,1,WAIT ZCD,1,0
1789530532761,33994.336,-47.6,1.6504,1,WAIT ZCD,1,0
1789530532771,34008.098,-47.6,1.6504,1,WAIT ZCD,1,0
1789530532781,33980.582,-47.6,1.6504,1,WAIT ZCD,1,0
1789530532791,33980.582,-47.6,1.6504,1,WAIT ZCD,1,0
1789530532801,33994.336,-47.6,1.6504,1,WAIT ZCD,1,0
1789530532812,33966.844,-47.6,1.6504,1,WAIT ZCD,1,0
1789530532821,33994.336,-47.6,1.6504,1,WAIT ZCD,1,0
1789530532831,33966.844,-47.6,1.6504,1,WAIT ZCD,1,0
1789530532841,33994.336,-47.6,1.6504,1,WAIT ZCD,1,0
1789530532851,33994.336,-47.6,1.6504,1,WAIT ZCD,1,0
1789530532861,33994.336,-47.6,1.6504,1,WAIT ZCD,1,0
1789530532871,33994.336,-47.6,1.6504,1,WAIT ZCD,1,0
1789530532881,33994.336,-47.6,1.6504,1,WAIT ZCD,1,0
1789530532891,33980.582,-47.6,1.6504,1,WAIT ZCD,1,0
1789530532901,33994.336,-47.6,1.6504,1,WAIT ZCD,1,0
1789530532911,33980.582,-47.6,1.6504,1,WAIT ZCD,1,0
1789530532921,33994.336,-47.6,1.6504,1,WAIT ZCD,1,0
1789530532931,33966.844,-47.6,1.6504,1,WAIT ZCD,1,0
1789530532941,33980.582,-47.6,1.6504,1,WAIT ZCD,1,0
1789530532951,33994.336,-47.6,1.6504,1,WAIT ZCD,1,0
1789530532961,33994.336,-47.6,1.6504,1,WAIT ZCD,1,0
1789530532971,34008.098,-47.6,1.6504,1,WAIT ZCD,1,0
1789530532981,33980.582,-47.6,1.6504,1,WAIT ZCD,1,0
1789530532991,33994.336,-47.6,1.6504,1,WAIT ZCD,1,0
1789530533001,33994.336,-47.6,1.6504,1,WAIT ZCD,1,0
1789530533012,33980.582,-47.6,1.6504,1,WAIT ZCD,1,0
1789530533021,33994.336,-47.6,1.6504,1,WAIT ZCD,1,0
1789530533031,33994.336,-47.6,1.6504,1,WAIT ZCD,1,0
1789530533041,33994.336,-47.6,1.6504,1,WAIT ZCD,1,0
1789530533051,33980.582,-47.6,1.6504,1,WAIT ZCD,1,0
1789530533062,34008.098,-47.6,1.6504,1,WAIT ZCD,1,0
1789530533071,33966.844,-47.6,1.6504,1,WAIT ZCD,1,0
1789530533081,33980.582,-47.6,1.6504,1,WAIT ZCD,1,0
1789530533091,33994.336,-47.6,1.6504,1,WAIT ZCD,1,0
1789530533101,33994.336,-47.6,1.6504,1,WAIT ZCD,1,0
1789530533111,33994.336,-47.6,1.6504,1,WAIT ZCD,1,0
1789530533121,33994.336,-47.6,1.6504,1,WAIT ZCD,1,0
1789530533131,33980.582,-47.6,1.6504,1,WAIT ZCD,1,0
1789530533141,33994.336,-47.6,1.6504,1,WAIT ZCD,1,0
1789530533151,33994.336,-47.6,1.6504,1,WAIT ZCD,1,0
1789530533161,33980.582,-47.6,1.6504,1,WAIT ZCD,1,0
1789530533171,33980.582,-47.6,1.6504,1,WAIT ZCD,1,0
1789530533181,33994.336,-47.6,1.6504,1,WAIT ZCD,1,0
1789530533191,33980.582,-47.6,1.6504,1,WAIT ZCD,1,0
1789530533201,34008.098,-47.6,1.6504,1,WAIT ZCD,1,0
1789530533211,33966.844,-47.6,1.6504,1,WAIT ZCD,1,0
1789530533221,33994.336,-47.6,1.6504,1,WAIT ZCD,1,0
1789530533231,33994.336,-47.6,1.6504,1,WAIT ZCD,1,0
1789530533241,33479.473,976.2,1.6327,2,TRACK,0,0
1789530533251,33412.887,595.2,1.6174,2,TRACK,0,0
1789530533262,33439.492,559.5,1.6053,2,TRACK,0,0
1789530533271,33426.184,381.0,1.5972,2,TRACK,0,0
1789530533281,33412.887,142.9,1.5924,2,TRACK,0,0
1789530533291,33426.184,107.1,1.5892,2,TRACK,0,0
1789530533301,33426.184,59.5,1.5867,3,LOCK,0,1
1789530533311,33412.887,23.8,1.5843,3,LOCK,0,1
1789530533321,33386.328,23.8,1.5835,3,LOCK,0,1
1789530533331,33399.602,95.2,1.5819,2,TRACK,0,0
1789530533341,33412.887,0.0,1.5819,3,LOCK,0,1
1789530533351,33373.062,-11.9,1.5819,3,LOCK,0,1
1789530533361,33412.887,23.8,1.5819,3,LOCK,0,1
1789530533371,33386.328,-59.5,1.5819,3,LOCK,0,1
1789530533381,33399.602,-47.6,1.5835,3,LOCK,0,1
1789530533391,33399.602,-35.7,1.5843,3,LOCK,0,1
1789530533401,33399.602,-47.6,1.5851,3,LOCK,0,1
1789530533411,33399.602,-47.6,1.5859,3,LOCK,0,1
1789530533421,33412.887,-59.5,1.5859,3,LOCK,0,1
1789530533432,33412.887,-35.7,1.5875,3,LOCK,0,1
1789530533441,33412.887,-35.7,1.5875,3,LOCK,0,1
1789530533451,33386.328,-59.5,1.5892,3,LOCK,0,1
1789530533462,33386.328,-142.9,1.5900,2,TRACK,0,0
1789530533471,33426.184,35.7,1.5900,3,LOCK,0,1
1789530533481,33399.602,-47.6,1.5908,3,LOCK,0,1
1789530533491,33399.602,23.8,1.5908,3,LOCK,0,1
1789530533501,33412.887,-59.5,1.5916,3,LOCK,0,1
1789530533511,33426.184,-47.6,1.5916,3,LOCK,0,1
1789530533521,33399.602,-59.5,1.5924,3,LOCK,0,1
1789530533531,33412.887,-35.7,1.5932,3,LOCK,0,1
1789530533541,33412.887,-59.5,1.5924,3,LOCK,0,1
1789530533551,33412.887,-23.8,1.5932,3,LOCK,0,1
1789530533561,33399.602,59.5,1.5924,3,LOCK,0,1
1789530533571,33412.887,-47.6,1.5924,3,LOCK,0,1
1789530533581,33412.887,-107.1,1.5940,2,TRACK,0,0
1789530533591,33439.492,-35.7,1.5940,3,LOCK,0,1
1789530533601,33426.184,-71.4,1.5948,2,TRACK,0,0
1789530533611,33426.184,47.6,1.5948,3,LOCK,0,1
1789530533621,33426.184,0.0,1.5948,3,LOCK,0,1
1789530533631,33412.887,-47.6,1.5948,3,LOCK,0,1
1789530533641,33426.184,-47.6,1.5956,3,LOCK,0,1
1789530533651,33426.184,-47.6,1.5964,3,LOCK,0,1
1789530533661,33426.184,11.9,1.5964,3,LOCK,0,1
1789530533671,33399.602,-59.5,1.5964,3,LOCK,0,1
1789530533681,33426.184,47.6,1.5964,3,LOCK,0,1
1789530533691,33980.582,976.2,1.6504,1,WAIT ZCD,1,0
1789530533701,33966.844,976.2,1.6504,1,WAIT ZCD,1,0
1789530533711,33994.336,976.2,1.6504,1,WAIT ZCD,1,0
1789530533721,33994.336,976.2,1.6504,1,WAIT ZCD,1,0
1789530533731,34008.098,976.2,1.6504,1,WAIT ZCD,1,0
1789530533741,33980.582,976.2,1.6504,1,WAIT ZCD,1,0
1789530533751,34008.098,976.2,1.6504,1,WAIT ZCD,1,0
1789530533761,33980.582,976.2,1.6504,1,WAIT ZCD,1,0
1789530533771,34008.098,976.2,1.6504,1,WAIT ZCD,1,0
1789530533781,33966.844,976.2,1.6504,1,WAIT ZCD,1,0
1789530533791,33966.844,976.2,1.6504,1,WAIT ZCD,1,0
1789530533801,33994.336,976.2,1.6504,1,WAIT ZCD,1,0
1789530533812,33994.336,976.2,1.6504,1,WAIT ZCD,1,0
1789530533821,33980.582,976.2,1.6504,1,WAIT ZCD,1,0
1789530533831,33980.582,976.2,1.6504,1,WAIT ZCD,1,0
1789530533841,33980.582,976.2,1.6504,1,WAIT ZCD,1,0
1789530533851,34008.098,976.2,1.6504,1,WAIT ZCD,1,0
1789530533861,33980.582,976.2,1.6504,1,WAIT ZCD,1,0
1789530533871,33980.582,976.2,1.6504,1,WAIT ZCD,1,0
1789530533881,33994.336,976.2,1.6504,1,WAIT ZCD,1,0
1789530533891,33994.336,976.2,1.6504,1,WAIT ZCD,1,0
1789530533901,33980.582,976.2,1.6504,1,WAIT ZCD,1,0
1789530533911,33994.336,976.2,1.6504,1,WAIT ZCD,1,0
1789530533921,33980.582,976.2,1.6504,1,WAIT ZCD,1,0
1789530533931,33980.582,976.2,1.6504,1,WAIT ZCD,1,0
1789530533941,33994.336,976.2,1.6504,1,WAIT ZCD,1,0
1789530533951,33994.336,976.2,1.6504,1,WAIT ZCD,1,0
1789530533961,33994.336,976.2,1.6504,1,WAIT ZCD,1,0
1789530533971,33980.582,976.2,1.6504,1,WAIT ZCD,1,0
1789530533981,33980.582,976.2,1.6504,1,WAIT ZCD,1,0
1789530533991,33994.336,976.2,1.6504,1,WAIT ZCD,1,0
1789530534001,33980.582,976.2,1.6504,1,WAIT ZCD,1,0
1789530534011,33980.582,976.2,1.6504,1,WAIT ZCD,1,0
1789530534021,33994.336,976.2,1.6504,1,WAIT ZCD,1,0
1789530534031,34008.098,976.2,1.6504,1,WAIT ZCD,1,0
1789530534041,34008.098,976.2,1.6504,1,WAIT ZCD,1,0
1789530534051,33994.336,976.2,1.6504,1,WAIT ZCD,1,0
1789530534062,34008.098,976.2,1.6504,1,WAIT ZCD,1,0
1789530534071,33994.336,976.2,1.6504,1,WAIT ZCD,1,0
1789530534081,33980.582,976.2,1.6504,1,WAIT ZCD,1,0
1789530534091,34008.098,976.2,1.6504,1,WAIT ZCD,1,0
1789530534101,33994.336,976.2,1.6504,1,WAIT ZCD,1,0
1789530534112,33994.336,976.2,1.6504,1,WAIT ZCD,1,0
1789530534121,33980.582,976.2,1.6504,1,WAIT ZCD,1,0
1789530534131,33980.582,976.2,1.6504,1,WAIT ZCD,1,0
1789530534141,34008.098,976.2,1.6504,1,WAIT ZCD,1,0
1789530534151,33994.336,976.2,1.6504,1,WAIT ZCD,1,0
1789530534161,33994.336,976.2,1.6504,1,WAIT ZCD,1,0
1789530534171,33966.844,976.2,1.6504,1,WAIT ZCD,1,0
1789530534181,33994.336,976.2,1.6504,1,WAIT ZCD,1,0
1789530534191,33980.582,976.2,1.6504,1,WAIT ZCD,1,0
1789530534201,34008.098,976.2,1.6504,1,WAIT ZCD,1,0
1789530534211,33980.582,976.2,1.6504,1,WAIT ZCD,1,0
1789530534221,34008.098,976.2,1.6504,1,WAIT ZCD,1,0
1789530534231,33994.336,976.2,1.6504,1,WAIT ZCD,1,0
1789530534241,33980.582,976.2,1.6504,1,WAIT ZCD,1,0
1789530534251,33980.582,976.2,1.6504,1,WAIT ZCD,1,0
1789530534261,33994.336,976.2,1.6504,1,WAIT ZCD,1,0
1789530534271,34008.098,976.2,1.6504,1,WAIT ZCD,1,0
1789530534281,33994.336,976.2,1.6504,1,WAIT ZCD,1,0
1789530534291,33966.844,976.2,1.6504,1,WAIT ZCD,1,0
1789530534301,33980.582,976.2,1.6504,1,WAIT ZCD,1,0
1789530534311,33953.113,976.2,1.6504,1,WAIT ZCD,1,0
1789530534322,33980.582,976.2,1.6504,1,WAIT ZCD,1,0
1789530534331,33994.336,976.2,1.6504,1,WAIT ZCD,1,0
1789530534341,33980.582,976.2,1.6504,1,WAIT ZCD,1,0
1789530534351,34008.098,976.2,1.6504,1,WAIT ZCD,1,0
1789530534361,33994.336,976.2,1.6504,1,WAIT ZCD,1,0
1789530534371,33980.582,976.2,1.6504,1,WAIT ZCD,1,0
1789530534381,33980.582,976.2,1.6504,1,WAIT ZCD,1,0
1789530534391,33994.336,976.2,1.6504,1,WAIT ZCD,1,0
1789530534401,33980.582,976.2,1.6504,1,WAIT ZCD,1,0
1789530534411,33994.336,976.2,1.6504,1,WAIT ZCD,1,0
1789530534421,33994.336,976.2,1.6504,1,WAIT ZCD,1,0
1789530534431,34008.098,976.2,1.6504,1,WAIT ZCD,1,0
1789530534444,33966.844,976.2,1.6504,1,WAIT ZCD,1,0
1789530534452,33994.336,976.2,1.6504,1,WAIT ZCD,1,0
1789530534461,33980.582,976.2,1.6504,1,WAIT ZCD,1,0
1789530534471,33994.336,976.2,1.6504,1,WAIT ZCD,1,0
1789530534481,33994.336,976.2,1.6504,1,WAIT ZCD,1,0
1789530534491,33980.582,976.2,1.6504,1,WAIT ZCD,1,0
1789530534501,33994.336,976.2,1.6504,1,WAIT ZCD,1,0
1789530534511,33994.336,976.2,1.6504,1,WAIT ZCD,1,0
1789530534521,33994.336,976.2,1.6504,1,WAIT ZCD,1,0
1789530534531,33994.336,976.2,1.6504,1,WAIT ZCD,1,0
1789530534541,33980.582,976.2,1.6504,1,WAIT ZCD,1,0
1789530534551,33966.844,976.2,1.6504,1,WAIT ZCD,1,0
1789530534561,33980.582,976.2,1.6504,1,WAIT ZCD,1,0
1789530534571,33994.336,976.2,1.6504,1,WAIT ZCD,1,0
1789530534581,33980.582,976.2,1.6504,1,WAIT ZCD,1,0
1789530534591,33994.336,976.2,1.6504,1,WAIT ZCD,1,0
1789530534601,34008.098,976.2,1.6504,1,WAIT ZCD,1,0
1789530534611,33966.844,976.2,1.6504,1,WAIT ZCD,1,0
1789530534621,33980.582,976.2,1.6504,1,WAIT ZCD,1,0
1789530534631,33994.336,976.2,1.6504,1,WAIT ZCD,1,0
1789530534641,33980.582,976.2,1.6504,1,WAIT ZCD,1,0
1789530534651,33994.336,976.2,1.6504,1,WAIT ZCD,1,0
1789530534661,33980.582,976.2,1.6504,1,WAIT ZCD,1,0
1789530534671,33980.582,976.2,1.6504,1,WAIT ZCD,1,0
1789530534681,33980.582,976.2,1.6504,1,WAIT ZCD,1,0
1789530534691,33492.824,892.9,1.6359,2,TRACK,0,0
1789530534701,33466.137,678.6,1.6214,2,TRACK,0,0
1789530534711,33426.184,523.8,1.6101,2,TRACK,0,0
1789530534721,33426.184,297.6,1.6029,2,TRACK,0,0
1789530534731,33412.887,131.0,1.5988,2,TRACK,0,0
1789530534741,33412.887,142.9,1.5964,2,TRACK,0,0
1789530534751,33439.492,107.1,1.5940,2,TRACK,0,0
1789530534761,33426.184,119.0,1.5924,2,TRACK,0,0
1789530534771,33452.809,0.0,1.5924,3,LOCK,0,1
1789530534781,33399.602,-11.9,1.5924,3,LOCK,0,1
1789530534791,33426.184,-47.6,1.5924,3,LOCK,0,1
1789530534801,33399.602,0.0,1.5916,3,LOCK,0,1
1789530534811,33439.492,131.0,1.5900,2,TRACK,0,0
1789530534821,33426.184,-47.6,1.5908,3,LOCK,0,1
1789530534831,33426.184,-47.6,1.5916,3,LOCK,0,1
1789530534841,33412.887,-47.6,1.5916,3,LOCK,0,1
1789530534851,33399.602,11.9,1.5924,3,LOCK,0,1
1789530534861,33426.184,-11.9,1.5932,3,LOCK,0,1
1789530534871,33426.184,-35.7,1.5932,3,LOCK,0,1
1789530534881,33426.184,35.7,1.5940,3,LOCK,0,1
1789530534891,33412.887,-83.3,1.5940,2,TRACK,0,0
1789530534901,33412.887,23.8,1.5940,3,LOCK,0,1
1789530534911,33426.184,-11.9,1.5940,3,LOCK,0,1
1789530534921,33399.602,-47.6,1.5948,3,LOCK,0,1
1789530534931,33439.492,-35.7,1.5948,3,LOCK,0,1
1789530534941,33412.887,47.6,1.5948,3,LOCK,0,1
1789530534951,33412.887,-95.2,1.5948,2,TRACK,0,0
1789530534961,33399.602,-35.7,1.5956,3,LOCK,0,1
1789530534971,33439.492,95.2,1.5956,2,TRACK,0,0
1789530534981,33426.184,-23.8,1.5956,3,LOCK,0,1
1789530534991,33412.887,-71.4,1.5964,2,TRACK,0,0
1789530535001,33426.184,-23.8,1.5972,3,LOCK,0,1
1789530535012,33412.887,-23.8,1.5972,3,LOCK,0,1
1789530535021,33426.184,-35.7,1.5972,3,LOCK,0,1
1789530535031,33439.492,-35.7,1.5980,3,LOCK,0,1
1789530535041,33412.887,-47.6,1.5980,3,LOCK,0,1
1789530535051,33426.184,-35.7,1.5988,3,LOCK,0,1
1789530535061,33426.184,0.0,1.5988,3,LOCK,0,1
1789530535071,33426.184,-35.7,1.5988,3,LOCK,0,1
1789530535081,33399.602,47.6,1.5988,3,LOCK,0,1
1789530535091,33426.184,35.7,1.5988,3,LOCK,0,1
1789530535101,33439.492,0.0,1.5988,3,LOCK,0,1
1789530535111,33412.887,0.0,1.5988,3,LOCK,0,1
1789530535121,33386.328,-47.6,1.5988,3,LOCK,0,1
1789530535131,33426.184,-11.9,1.5988,3,LOCK,0,1
1789530535141,33994.336,892.9,1.6504,1,WAIT ZCD,1,0
1789530535151,33980.582,892.9,1.6504,1,WAIT ZCD,1,0
1789530535161,33980.582,892.9,1.6504,1,WAIT ZCD,1,0
1789530535171,33980.582,892.9,1.6504,1,WAIT ZCD,1,0
1789530535181,33994.336,892.9,1.6504,1,WAIT ZCD,1,0
1789530535191,33980.582,892.9,1.6504,1,WAIT ZCD,1,0
1789530535201,33966.844,892.9,1.6504,1,WAIT ZCD,1,0
1789530535211,33980.582,892.9,1.6504,1,WAIT ZCD,1,0
1789530535221,33980.582,892.9,1.6504,1,WAIT ZCD,1,0
1789530535231,33980.582,892.9,1.6504,1,WAIT ZCD,1,0
1789530535241,33994.336,892.9,1.6504,1,WAIT ZCD,1,0
1789530535251,33953.113,892.9,1.6504,1,WAIT ZCD,1,0
1789530535261,33980.582,892.9,1.6504,1,WAIT ZCD,1,0
1789530535271,33980.582,892.9,1.6504,1,WAIT ZCD,1,0
1789530535281,33966.844,892.9,1.6504,1,WAIT ZCD,1,0
1789530535291,34008.098,892.9,1.6504,1,WAIT ZCD,1,0
1789530535301,33994.336,892.9,1.6504,1,WAIT ZCD,1,0
1789530535311,33966.844,892.9,1.6504,1,WAIT ZCD,1,0
1789530535321,33980.582,892.9,1.6504,1,WAIT ZCD,1,0
1789530535331,33980.582,892.9,1.6504,1,WAIT ZCD,1,0
1789530535341,33994.336,892.9,1.6504,1,WAIT ZCD,1,0
1789530535351,33966.844,892.9,1.6504,1,WAIT ZCD,1,0
1789530535361,33980.582,892.9,1.6504,1,WAIT ZCD,1,0
1789530535371,33994.336,892.9,1.6504,1,WAIT ZCD,1,0
1789530535381,33953.113,892.9,1.6504,1,WAIT ZCD,1,0
1789530535391,33980.582,892.9,1.6504,1,WAIT ZCD,1,0
1789530535401,33966.844,892.9,1.6504,1,WAIT ZCD,1,0
1789530535411,33994.336,892.9,1.6504,1,WAIT ZCD,1,0
1789530535421,33980.582,892.9,1.6504,1,WAIT ZCD,1,0
1789530535431,33966.844,892.9,1.6504,1,WAIT ZCD,1,0
1789530535441,33980.582,892.9,1.6504,1,WAIT ZCD,1,0
1789530535451,33966.844,892.9,1.6504,1,WAIT ZCD,1,0
1789530535461,33966.844,892.9,1.6504,1,WAIT ZCD,1,0
1789530535471,33980.582,892.9,1.6504,1,WAIT ZCD,1,0
1789530535481,33980.582,892.9,1.6504,1,WAIT ZCD,1,0
1789530535491,33953.113,892.9,1.6504,1,WAIT ZCD,1,0
1789530535501,33980.582,892.9,1.6504,1,WAIT ZCD,1,0
1789530535511,33980.582,892.9,1.6504,1,WAIT ZCD,1,0
1789530535521,33966.844,892.9,1.6504,1,WAIT ZCD,1,0
1789530535531,33939.395,892.9,1.6504,1,WAIT ZCD,1,0
1789530535541,33953.113,892.9,1.6504,1,WAIT ZCD,1,0
1789530535551,33953.113,892.9,1.6504,1,WAIT ZCD,1,0
1789530535561,33980.582,892.9,1.6504,1,WAIT ZCD,1,0
1789530535571,33980.582,892.9,1.6504,1,WAIT ZCD,1,0
1789530535581,33980.582,892.9,1.6504,1,WAIT ZCD,1,0
1789530535591,33980.582,892.9,1.6504,1,WAIT ZCD,1,0
1789530535601,33980.582,892.9,1.6504,1,WAIT ZCD,1,0
1789530535611,33966.844,892.9,1.6504,1,WAIT ZCD,1,0
1789530535621,33980.582,892.9,1.6504,1,WAIT ZCD,1,0
1789530535631,33994.336,892.9,1.6504,1,WAIT ZCD,1,0
1789530535641,33980.582,892.9,1.6504,1,WAIT ZCD,1,0
1789530535651,33994.336,892.9,1.6504,1,WAIT ZCD,1,0
1789530535661,33994.336,892.9,1.6504,1,WAIT ZCD,1,0
1789530535671,33966.844,892.9,1.6504,1,WAIT ZCD,1,0
1789530535681,33966.844,892.9,1.6504,1,WAIT ZCD,1,0
1789530535691,33994.336,892.9,1.6504,1,WAIT ZCD,1,0
1789530535701,33966.844,892.9,1.6504,1,WAIT ZCD,1,0
1789530535711,33994.336,892.9,1.6504,1,WAIT ZCD,1,0
1789530535721,33953.113,892.9,1.6504,1,WAIT ZCD,1,0
1789530535731,33980.582,892.9,1.6504,1,WAIT ZCD,1,0
1789530535741,33966.844,892.9,1.6504,1,WAIT ZCD,1,0
1789530535751,33953.113,892.9,1.6504,1,WAIT ZCD,1,0
1789530535761,33966.844,892.9,1.6504,1,WAIT ZCD,1,0
1789530535771,33966.844,892.9,1.6504,1,WAIT ZCD,1,0
1789530535781,33994.336,892.9,1.6504,1,WAIT ZCD,1,0
1789530535791,33980.582,892.9,1.6504,1,WAIT ZCD,1,0
1789530535801,33980.582,892.9,1.6504,1,WAIT ZCD,1,0
1789530535811,33980.582,892.9,1.6504,1,WAIT ZCD,1,0
1789530535821,33980.582,892.9,1.6504,1,WAIT ZCD,1,0
1789530535831,33966.844,892.9,1.6504,1,WAIT ZCD,1,0
1789530535841,33994.336,892.9,1.6504,1,WAIT ZCD,1,0
1789530535851,33966.844,892.9,1.6504,1,WAIT ZCD,1,0
1789530535861,33994.336,892.9,1.6504,1,WAIT ZCD,1,0
1789530535871,33980.582,892.9,1.6504,1,WAIT ZCD,1,0
1789530535881,33966.844,892.9,1.6504,1,WAIT ZCD,1,0
1789530535891,33994.336,892.9,1.6504,1,WAIT ZCD,1,0
1789530535901,33980.582,892.9,1.6504,1,WAIT ZCD,1,0
1789530535911,33980.582,892.9,1.6504,1,WAIT ZCD,1,0
1789530535921,33980.582,892.9,1.6504,1,WAIT ZCD,1,0
1789530535931,33966.844,892.9,1.6504,1,WAIT ZCD,1,0
1789530535941,33966.844,892.9,1.6504,1,WAIT ZCD,1,0
1789530535951,33966.844,892.9,1.6504,1,WAIT ZCD,1,0
1789530535961,34021.871,892.9,1.6504,1,WAIT ZCD,1,0
1789530535971,33966.844,892.9,1.6504,1,WAIT ZCD,1,0
1789530535981,33966.844,892.9,1.6504,1,WAIT ZCD,1,0
1789530535991,33966.844,892.9,1.6504,1,WAIT ZCD,1,0
1789530536001,33966.844,892.9,1.6504,1,WAIT ZCD,1,0
1789530536011,33980.582,892.9,1.6504,1,WAIT ZCD,1,0
1789530536021,33994.336,892.9,1.6504,1,WAIT ZCD,1,0
1789530536031,33966.844,892.9,1.6504,1,WAIT ZCD,1,0
1789530536041,34008.098,892.9,1.6504,1,WAIT ZCD,1,0
1789530536051,33953.113,892.9,1.6504,1,WAIT ZCD,1,0
1789530536061,33980.582,892.9,1.6504,1,WAIT ZCD,1,0
1789530536071,33953.113,892.9,1.6504,1,WAIT ZCD,1,0
1789530536081,33980.582,892.9,1.6504,1,WAIT ZCD,1,0
1789530536091,33980.582,892.9,1.6504,1,WAIT ZCD,1,0
1789530536101,34008.098,892.9,1.6504,1,WAIT ZCD,1,0
1789530536111,33980.582,892.9,1.6504,1,WAIT ZCD,1,0
1789530536121,33994.336,892.9,1.6504,1,WAIT ZCD,1,0
1789530536131,33953.113,892.9,1.6504,1,WAIT ZCD,1,0
1789530536141,33479.473,845.2,1.6359,2,TRACK,0,0
1789530536151,33466.137,535.7,1.6246,2,TRACK,0,0
1789530536161,33439.492,488.1,1.6141,2,TRACK,0,0
1789530536171,33426.184,261.9,1.6069,2,TRACK,0,0
1789530536181,33412.887,166.7,1.6029,2,TRACK,0,0
1789530536191,33426.184,131.0,1.6004,2,TRACK,0,0
1789530536201,33412.887,95.2,1.5980,2,TRACK,0,0
1789530536211,33426.184,0.0,1.5972,3,LOCK,0,1
1789530536221,33426.184,83.3,1.5956,2,TRACK,0,0
1789530536231,33426.184,47.6,1.5940,3,LOCK,0,1
1789530536241,33399.602,11.9,1.5940,3,LOCK,0,1
1789530536251,33426.184,0.0,1.5940,3,LOCK,0,1
1789530536261,33399.602,-11.9,1.5940,3,LOCK,0,1
1789530536271,33386.328,23.8,1.5940,3,LOCK,0,1
1789530536281,33399.602,11.9,1.5940,3,LOCK,0,1
1789530536291,33412.887,35.7,1.5940,3,LOCK,0,1
1789530536301,33412.887,-47.6,1.5948,3,LOCK,0,1
1789530536311,33399.602,-35.7,1.5948,3,LOCK,0,1
1789530536321,33386.328,0.0,1.5956,3,LOCK,0,1
1789530536331,33386.328,-23.8,1.5956,3,LOCK,0,1
1789530536343,33399.602,23.8,1.5956,3,LOCK,0,1
1789530536353,33426.184,47.6,1.5956,3,LOCK,0,1
1789530536363,33399.602,-35.7,1.5948,3,LOCK,0,1
1789530536373,33412.887,-35.7,1.5956,3,LOCK,0,1
1789530536383,33412.887,23.8,1.5964,3,LOCK,0,1
1789530536393,33399.602,-11.9,1.5964,3,LOCK,0,1
1789530536403,33386.328,-71.4,1.5964,2,TRACK,0,0
1789530536413,33412.887,11.9,1.5964,3,LOCK,0,1
1789530536423,33386.328,-23.8,1.5972,3,LOCK,0,1
1789530536433,33426.184,-35.7,1.5972,3,LOCK,0,1
1789530536443,33386.328,-83.3,1.5972,2,TRACK,0,0
1789530536453,33386.328,-71.4,1.5980,2,TRACK,0,0
1789530536463,33399.602,-11.9,1.5980,3,LOCK,0,1
1789530536473,33399.602,59.5,1.5980,3,LOCK,0,1
1789530536483,33426.184,11.9,1.5980,3,LOCK,0,1
1789530536493,33399.602,-47.6,1.5988,3,LOCK,0,1
1789530536503,33412.887,23.8,1.5988,3,LOCK,0,1
1789530536513,33399.602,0.0,1.5988,3,LOCK,0,1
1789530536523,33412.887,-23.8,1.5980,3,LOCK,0,1
1789530536533,33399.602,-47.6,1.5988,3,LOCK,0,1
1789530536543,33439.492,35.7,1.5988,3,LOCK,0,1
1789530536553,33399.602,-11.9,1.5996,3,LOCK,0,1
1789530536563,33439.492,0.0,1.5988,3,LOCK,0,1
1789530536573,33412.887,-11.9,1.5996,3,LOCK,0,1
1789530536583,33412.887,-59.5,1.5996,3,LOCK,0,1
1789530536593,33980.582,845.2,1.6504,1,WAIT ZCD,1,0
1789530536603,33994.336,845.2,1.6504,1,WAIT ZCD,1,0
1789530536613,33994.336,845.2,1.6504,1,WAIT ZCD,1,0
1789530536623,34008.098,845.2,1.6504,1,WAIT ZCD,1,0
1789530536633,33994.336,845.2,1.6504,1,WAIT ZCD,1,0
1789530536643,33966.844,845.2,1.6504,1,WAIT ZCD,1,0
1789530536653,33966.844,845.2,1.6504,1,WAIT ZCD,1,0
1789530536663,33994.336,845.2,1.6504,1,WAIT ZCD,1,0
1789530536673,34008.098,845.2,1.6504,1,WAIT ZCD,1,0
1789530536683,34008.098,845.2,1.6504,1,WAIT ZCD,1,0
1789530536693,33980.582,845.2,1.6504,1,WAIT ZCD,1,0
1789530536703,33994.336,845.2,1.6504,1,WAIT ZCD,1,0
1789530536713,33994.336,845.2,1.6504,1,WAIT ZCD,1,0
1789530536723,33980.582,845.2,1.6504,1,WAIT ZCD,1,0
1789530536733,33994.336,845.2,1.6504,1,WAIT ZCD,1,0
1789530536743,33980.582,845.2,1.6504,1,WAIT ZCD,1,0
1789530536753,33966.844,845.2,1.6504,1,WAIT ZCD,1,0
1789530536763,33966.844,845.2,1.6504,1,WAIT ZCD,1,0
1789530536773,33980.582,845.2,1.6504,1,WAIT ZCD,1,0
1789530536783,33980.582,845.2,1.6504,1,WAIT ZCD,1,0
1789530536793,33966.844,845.2,1.6504,1,WAIT ZCD,1,0
1789530536803,33980.582,845.2,1.6504,1,WAIT ZCD,1,0
1789530536813,34008.098,845.2,1.6504,1,WAIT ZCD,1,0
1789530536823,33980.582,845.2,1.6504,1,WAIT ZCD,1,0
1789530536833,33980.582,845.2,1.6504,1,WAIT ZCD,1,0
1789530536843,33980.582,845.2,1.6504,1,WAIT ZCD,1,0
1789530536853,33994.336,845.2,1.6504,1,WAIT ZCD,1,0
1789530536863,33980.582,845.2,1.6504,1,WAIT ZCD,1,0
1789530536873,34008.098,845.2,1.6504,1,WAIT ZCD,1,0
1789530536883,33980.582,845.2,1.6504,1,WAIT ZCD,1,0
1789530536893,33994.336,845.2,1.6504,1,WAIT ZCD,1,0
1789530536903,33980.582,845.2,1.6504,1,WAIT ZCD,1,0
1789530536913,33980.582,845.2,1.6504,1,WAIT ZCD,1,0
1789530536923,33980.582,845.2,1.6504,1,WAIT ZCD,1,0
1789530536933,33994.336,845.2,1.6504,1,WAIT ZCD,1,0
1789530536943,33966.844,845.2,1.6504,1,WAIT ZCD,1,0
1789530536953,33980.582,845.2,1.6504,1,WAIT ZCD,1,0
1789530536963,33994.336,845.2,1.6504,1,WAIT ZCD,1,0
1789530536973,33994.336,845.2,1.6504,1,WAIT ZCD,1,0
1789530536983,33980.582,845.2,1.6504,1,WAIT ZCD,1,0
1789530536993,33980.582,845.2,1.6504,1,WAIT ZCD,1,0
1789530537003,33994.336,845.2,1.6504,1,WAIT ZCD,1,0
1789530537013,33994.336,845.2,1.6504,1,WAIT ZCD,1,0
1789530537023,33980.582,845.2,1.6504,1,WAIT ZCD,1,0
1789530537033,33994.336,845.2,1.6504,1,WAIT ZCD,1,0
1789530537043,33994.336,845.2,1.6504,1,WAIT ZCD,1,0
1789530537053,33994.336,845.2,1.6504,1,WAIT ZCD,1,0
1789530537063,33953.113,845.2,1.6504,1,WAIT ZCD,1,0
1789530537073,33980.582,845.2,1.6504,1,WAIT ZCD,1,0
1789530537083,33966.844,845.2,1.6504,1,WAIT ZCD,1,0
1789530537093,33994.336,845.2,1.6504,1,WAIT ZCD,1,0
1789530537103,34008.098,845.2,1.6504,1,WAIT ZCD,1,0
1789530537113,33980.582,845.2,1.6504,1,WAIT ZCD,1,0
1789530537123,33980.582,845.2,1.6504,1,WAIT ZCD,1,0
1789530537133,33980.582,845.2,1.6504,1,WAIT ZCD,1,0
1789530537143,34008.098,845.2,1.6504,1,WAIT ZCD,1,0
1789530537153,33966.844,845.2,1.6504,1,WAIT ZCD,1,0
1789530537163,33980.582,845.2,1.6504,1,WAIT ZCD,1,0
1789530537173,33994.336,845.2,1.6504,1,WAIT ZCD,1,0
1789530537183,33980.582,845.2,1.6504,1,WAIT ZCD,1,0
1789530537193,33980.582,845.2,1.6504,1,WAIT ZCD,1,0
1789530537203,34008.098,845.2,1.6504,1,WAIT ZCD,1,0
1789530537213,33980.582,845.2,1.6504,1,WAIT ZCD,1,0
1789530537223,33994.336,845.2,1.6504,1,WAIT ZCD,1,0
1789530537233,33980.582,845.2,1.6504,1,WAIT ZCD,1,0
1789530537243,34008.098,845.2,1.6504,1,WAIT ZCD,1,0
1789530537253,33980.582,845.2,1.6504,1,WAIT ZCD,1,0
1789530537263,33980.582,845.2,1.6504,1,WAIT ZCD,1,0
1789530537273,33994.336,845.2,1.6504,1,WAIT ZCD,1,0
1789530537283,33980.582,845.2,1.6504,1,WAIT ZCD,1,0
1789530537293,33994.336,845.2,1.6504,1,WAIT ZCD,1,0
1789530537303,33994.336,845.2,1.6504,1,WAIT ZCD,1,0
1789530537313,33980.582,845.2,1.6504,1,WAIT ZCD,1,0
1789530537323,33994.336,845.2,1.6504,1,WAIT ZCD,1,0
1789530537333,33994.336,845.2,1.6504,1,WAIT ZCD,1,0
1789530537343,34008.098,845.2,1.6504,1,WAIT ZCD,1,0
1789530537353,33994.336,845.2,1.6504,1,WAIT ZCD,1,0
1789530537363,33994.336,845.2,1.6504,1,WAIT ZCD,1,0
1789530537373,33980.582,845.2,1.6504,1,WAIT ZCD,1,0
1789530537383,34008.098,845.2,1.6504,1,WAIT ZCD,1,0
1789530537393,33994.336,845.2,1.6504,1,WAIT ZCD,1,0
1789530537403,33994.336,845.2,1.6504,1,WAIT ZCD,1,0
1789530537413,33980.582,845.2,1.6504,1,WAIT ZCD,1,0
1789530537423,33980.582,845.2,1.6504,1,WAIT ZCD,1,0
1789530537433,33966.844,845.2,1.6504,1,WAIT ZCD,1,0
1789530537443,34008.098,845.2,1.6504,1,WAIT ZCD,1,0
1789530537453,33994.336,845.2,1.6504,1,WAIT ZCD,1,0
1789530537463,33994.336,845.2,1.6504,1,WAIT ZCD,1,0
1789530537473,33966.844,845.2,1.6504,1,WAIT ZCD,1,0
1789530537483,33980.582,845.2,1.6504,1,WAIT ZCD,1,0
1789530537493,33994.336,845.2,1.6504,1,WAIT ZCD,1,0
1789530537503,33994.336,845.2,1.6504,1,WAIT ZCD,1,0
1789530537513,33980.582,845.2,1.6504,1,WAIT ZCD,1,0
1789530537523,33994.336,845.2,1.6504,1,WAIT ZCD,1,0
1789530537533,33966.844,845.2,1.6504,1,WAIT ZCD,1,0
1789530537543,33994.336,845.2,1.6504,1,WAIT ZCD,1,0
1789530537553,33994.336,845.2,1.6504,1,WAIT ZCD,1,0
1789530537563,33966.844,845.2,1.6504,1,WAIT ZCD,1,0
1789530537573,33994.336,845.2,1.6504,1,WAIT ZCD,1,0
1789530537583,33953.113,845.2,1.6504,1,WAIT ZCD,1,0
1789530537593,33506.184,738.1,1.6359,2,TRACK,0,0
1789530537603,33452.809,535.7,1.6214,2,TRACK,0,0
1789530537613,33479.473,440.5,1.6133,2,TRACK,0,0
1789530537623,33426.184,309.5,1.6069,2,TRACK,0,0
1789530537633,33426.184,154.8,1.6029,2,TRACK,0,0
1789530537643,33412.887,107.1,1.5996,2,TRACK,0,0
1789530537653,33412.887,142.9,1.5980,2,TRACK,0,0
1789530537663,33412.887,71.4,1.5964,2,TRACK,0,0
1789530537673,33412.887,59.5,1.5948,3,LOCK,0,1
1789530537683,33412.887,59.5,1.5940,3,LOCK,0,1
1789530537693,33426.184,59.5,1.5932,3,LOCK,0,1
1789530537703,33426.184,35.7,1.5940,3,LOCK,0,1
1789530537713,33399.602,47.6,1.5948,3,LOCK,0,1
1789530537723,33412.887,-47.6,1.5940,3,LOCK,0,1
1789530537733,33412.887,11.9,1.5940,3,LOCK,0,1
1789530537743,33426.184,35.7,1.5948,3,LOCK,0,1
1789530537753,33412.887,-11.9,1.5948,3,LOCK,0,1
1789530537763,33439.492,0.0,1.5940,3,LOCK,0,1
1789530537773,33399.602,-11.9,1.5940,3,LOCK,0,1
1789530537783,33399.602,-35.7,1.5948,3,LOCK,0,1
1789530537793,33426.184,-47.6,1.5948,3,LOCK,0,1
1789530537803,33426.184,-47.6,1.5948,3,LOCK,0,1
1789530537813,33426.184,-23.8,1.5956,3,LOCK,0,1
1789530537823,33426.184,11.9,1.5956,3,LOCK,0,1
1789530537833,33426.184,-35.7,1.5956,3,LOCK,0,1
1789530537843,33399.602,35.7,1.5956,3,LOCK,0,1
1789530537853,33399.602,-59.5,1.5964,3,LOCK,0,1
1789530537865,33412.887,-47.6,1.5956,3,LOCK,0,1
1789530537874,33439.492,-11.9,1.5956,3,LOCK,0,1
1789530537884,33412.887,-71.4,1.5972,2,TRACK,0,0
1789530537894,33452.809,-35.7,1.5972,3,LOCK,0,1
1789530537904,33399.602,-11.9,1.5972,3,LOCK,0,1
1789530537914,33439.492,35.7,1.5980,3,LOCK,0,1
1789530537924,33399.602,-47.6,1.5980,3,LOCK,0,1
1789530537934,33426.184,-35.7,1.5980,3,LOCK,0,1
1789530537944,33439.492,-35.7,1.5988,3,LOCK,0,1
1789530537954,33412.887,-11.9,1.5988,3,LOCK,0,1
1789530537964,33426.184,23.8,1.5988,3,LOCK,0,1
1789530537974,33412.887,-11.9,1.5988,3,LOCK,0,1
1789530537984,33426.184,47.6,1.5988,3,LOCK,0,1
1789530537994,33399.602,-35.7,1.5988,3,LOCK,0,1
1789530538004,33439.492,-11.9,1.5988,3,LOCK,0,1
1789530538014,33426.184,23.8,1.5996,3,LOCK,0,1
1789530538024,33412.887,-95.2,1.5996,2,TRACK,0,0
1789530538034,33399.602,-35.7,1.6004,3,LOCK,0,1
1789530538044,33980.582,738.1,1.6504,1,WAIT ZCD,1,0
1789530538054,33980.582,738.1,1.6504,1,WAIT ZCD,1,0
1789530538064,33980.582,738.1,1.6504,1,WAIT ZCD,1,0
1789530538074,33980.582,738.1,1.6504,1,WAIT ZCD,1,0
1789530538084,33994.336,738.1,1.6504,1,WAIT ZCD,1,0
1789530538094,33966.844,738.1,1.6504,1,WAIT ZCD,1,0
1789530538104,33994.336,738.1,1.6504,1,WAIT ZCD,1,0
1789530538114,33966.844,738.1,1.6504,1,WAIT ZCD,1,0
1789530538124,33994.336,738.1,1.6504,1,WAIT ZCD,1,0
1789530538134,33980.582,738.1,1.6504,1,WAIT ZCD,1,0
1789530538144,33994.336,738.1,1.6504,1,WAIT ZCD,1,0
1789530538154,33994.336,738.1,1.6504,1,WAIT ZCD,1,0
1789530538164,33994.336,738.1,1.6504,1,WAIT ZCD,1,0
1789530538174,34008.098,738.1,1.6504,1,WAIT ZCD,1,0
1789530538184,33980.582,738.1,1.6504,1,WAIT ZCD,1,0
1789530538195,33994.336,738.1,1.6504,1,WAIT ZCD,1,0
1789530538204,33980.582,738.1,1.6504,1,WAIT ZCD,1,0
1789530538214,33980.582,738.1,1.6504,1,WAIT ZCD,1,0
1789530538224,33994.336,738.1,1.6504,1,WAIT ZCD,1,0
1789530538234,33980.582,738.1,1.6504,1,WAIT ZCD,1,0
1789530538244,33994.336,738.1,1.6504,1,WAIT ZCD,1,0
1789530538254,33994.336,738.1,1.6504,1,WAIT ZCD,1,0
1789530538264,33980.582,738.1,1.6504,1,WAIT ZCD,1,0
1789530538274,33994.336,738.1,1.6504,1,WAIT ZCD,1,0
1789530538284,33994.336,738.1,1.6504,1,WAIT ZCD,1,0
1789530538294,33994.336,738.1,1.6504,1,WAIT ZCD,1,0
1789530538304,33994.336,738.1,1.6504,1,WAIT ZCD,1,0
1789530538314,33966.844,738.1,1.6504,1,WAIT ZCD,1,0
1789530538324,33980.582,738.1,1.6504,1,WAIT ZCD,1,0
1789530538334,33994.336,738.1,1.6504,1,WAIT ZCD,1,0
1789530538344,33980.582,738.1,1.6504,1,WAIT ZCD,1,0
1789530538354,33980.582,738.1,1.6504,1,WAIT ZCD,1,0
1789530538364,34008.098,738.1,1.6504,1,WAIT ZCD,1,0
1789530538374,33980.582,738.1,1.6504,1,WAIT ZCD,1,0
1789530538384,33994.336,738.1,1.6504,1,WAIT ZCD,1,0
1789530538394,33980.582,738.1,1.6504,1,WAIT ZCD,1,0
1789530538404,33994.336,738.1,1.6504,1,WAIT ZCD,1,0
1789530538414,33994.336,738.1,1.6504,1,WAIT ZCD,1,0
1789530538424,33994.336,738.1,1.6504,1,WAIT ZCD,1,0
1789530538434,33994.336,738.1,1.6504,1,WAIT ZCD,1,0
1789530538444,33980.582,738.1,1.6504,1,WAIT ZCD,1,0
1789530538454,33994.336,738.1,1.6504,1,WAIT ZCD,1,0
1789530538464,33980.582,738.1,1.6504,1,WAIT ZCD,1,0
1789530538474,33994.336,738.1,1.6504,1,WAIT ZCD,1,0
1789530538484,33994.336,738.1,1.6504,1,WAIT ZCD,1,0
1789530538494,33966.844,738.1,1.6504,1,WAIT ZCD,1,0
1789530538504,33980.582,738.1,1.6504,1,WAIT ZCD,1,0
1789530538514,33966.844,738.1,1.6504,1,WAIT ZCD,1,0
1789530538524,33994.336,738.1,1.6504,1,WAIT ZCD,1,0
1789530538534,33980.582,738.1,1.6504,1,WAIT ZCD,1,0
1789530538544,33966.844,738.1,1.6504,1,WAIT ZCD,1,0
1789530538554,34008.098,738.1,1.6504,1,WAIT ZCD,1,0
1789530538564,33980.582,738.1,1.6504,1,WAIT ZCD,1,0
1789530538574,33994.336,738.1,1.6504,1,WAIT ZCD,1,0
1789530538584,33980.582,738.1,1.6504,1,WAIT ZCD,1,0
1789530538594,33994.336,738.1,1.6504,1,WAIT ZCD,1,0
1789530538604,33994.336,738.1,1.6504,1,WAIT ZCD,1,0
1789530538614,34021.871,738.1,1.6504,1,WAIT ZCD,1,0
1789530538624,33966.844,738.1,1.6504,1,WAIT ZCD,1,0
1789530538634,33994.336,738.1,1.6504,1,WAIT ZCD,1,0
1789530538644,33994.336,738.1,1.6504,1,WAIT ZCD,1,0
1789530538654,33966.844,738.1,1.6504,1,WAIT ZCD,1,0
1789530538664,33994.336,738.1,1.6504,1,WAIT ZCD,1,0
1789530538674,33994.336,738.1,1.6504,1,WAIT ZCD,1,0
1789530538684,33994.336,738.1,1.6504,1,WAIT ZCD,1,0
1789530538694,33980.582,738.1,1.6504,1,WAIT ZCD,1,0
1789530538704,33994.336,738.1,1.6504,1,WAIT ZCD,1,0
1789530538714,33980.582,738.1,1.6504,1,WAIT ZCD,1,0
1789530538724,33980.582,738.1,1.6504,1,WAIT ZCD,1,0
1789530538734,33994.336,738.1,1.6504,1,WAIT ZCD,1,0
1789530538744,33994.336,738.1,1.6504,1,WAIT ZCD,1,0
1789530538754,33980.582,738.1,1.6504,1,WAIT ZCD,1,0
1789530538764,33994.336,738.1,1.6504,1,WAIT ZCD,1,0
1789530538774,33994.336,738.1,1.6504,1,WAIT ZCD,1,0
1789530538784,33980.582,738.1,1.6504,1,WAIT ZCD,1,0
1789530538794,34008.098,738.1,1.6504,1,WAIT ZCD,1,0
1789530538804,33980.582,738.1,1.6504,1,WAIT ZCD,1,0
1789530538814,33994.336,738.1,1.6504,1,WAIT ZCD,1,0
1789530538824,33980.582,738.1,1.6504,1,WAIT ZCD,1,0
1789530538834,33994.336,738.1,1.6504,1,WAIT ZCD,1,0
1789530538845,34008.098,738.1,1.6504,1,WAIT ZCD,1,0
1789530538854,33980.582,738.1,1.6504,1,WAIT ZCD,1,0
1789530538864,34021.871,738.1,1.6504,1,WAIT ZCD,1,0
1789530538874,33966.844,738.1,1.6504,1,WAIT ZCD,1,0
1789530538884,33980.582,738.1,1.6504,1,WAIT ZCD,1,0
1789530538894,33980.582,738.1,1.6504,1,WAIT ZCD,1,0
1789530538904,33980.582,738.1,1.6504,1,WAIT ZCD,1,0
1789530538914,33980.582,738.1,1.6504,1,WAIT ZCD,1,0
1789530538924,33994.336,738.1,1.6504,1,WAIT ZCD,1,0
1789530538934,33994.336,738.1,1.6504,1,WAIT ZCD,1,0
1789530538944,33994.336,738.1,1.6504,1,WAIT ZCD,1,0
1789530538954,34021.871,738.1,1.6504,1,WAIT ZCD,1,0
1789530538964,33980.582,738.1,1.6504,1,WAIT ZCD,1,0
1789530538974,33980.582,738.1,1.6504,1,WAIT ZCD,1,0
1789530538984,33994.336,738.1,1.6504,1,WAIT ZCD,1,0
1789530538994,33980.582,738.1,1.6504,1,WAIT ZCD,1,0
1789530539004,34008.098,738.1,1.6504,1,WAIT ZCD,1,0
1789530539014,33994.336,738.1,1.6504,1,WAIT ZCD,1,0
1789530539024,33966.844,738.1,1.6504,1,WAIT ZCD,1,0
1789530539034,33966.844,738.1,1.6504,1,WAIT ZCD,1,0
1789530539044,33479.473,726.2,1.6351,2,TRACK,0,0
1789530539054,33439.492,500.0,1.6230,2,TRACK,0,0
1789530539064,33439.492,404.8,1.6149,2,TRACK,0,0
1789530539074,33439.492,250.0,1.6077,2,TRACK,0,0
1789530539084,33412.887,202.4,1.6045,2,TRACK,0,0
1789530539094,33386.328,131.0,1.6012,2,TRACK,0,0
1789530539104,33426.184,131.0,1.5996,2,TRACK,0,0
1789530539114,33399.602,83.3,1.5988,2,TRACK,0,0
1789530539124,33412.887,0.0,1.5972,3,LOCK,0,1
1789530539134,33386.328,23.8,1.5964,3,LOCK,0,1
1789530539144,33386.328,-47.6,1.5964,3,LOCK,0,1
1789530539154,33399.602,-47.6,1.5948,3,LOCK,0,1
1789530539164,33426.184,11.9,1.5948,3,LOCK,0,1
1789530539174,33412.887,35.7,1.5948,3,LOCK,0,1
1789530539184,33412.887,-59.5,1.5948,3,LOCK,0,1
1789530539194,33399.602,-35.7,1.5948,3,LOCK,0,1
1789530539204,33412.887,0.0,1.5948,3,LOCK,0,1
1789530539214,33399.602,-35.7,1.5956,3,LOCK,0,1
1789530539224,33399.602,11.9,1.5956,3,LOCK,0,1
1789530539234,33412.887,-47.6,1.5956,3,LOCK,0,1
1789530539244,33412.887,0.0,1.5964,3,LOCK,0,1
1789530539254,33399.602,23.8,1.5964,3,LOCK,0,1
1789530539264,33373.062,-47.6,1.5964,3,LOCK,0,1
1789530539274,33399.602,59.5,1.5972,3,LOCK,0,1
1789530539284,33412.887,71.4,1.5972,2,TRACK,0,0
1789530539294,33426.184,47.6,1.5980,3,LOCK,0,1
1789530539304,33399.602,35.7,1.5972,3,LOCK,0,1
1789530539314,33399.602,23.8,1.5972,3,LOCK,0,1
1789530539324,33412.887,-23.8,1.5972,3,LOCK,0,1
1789530539334,33386.328,23.8,1.5972,3,LOCK,0,1
1789530539344,33412.887,-23.8,1.5972,3,LOCK,0,1
1789530539354,33399.602,-11.9,1.5972,3,LOCK,0,1
1789530539364,33399.602,-35.7,1.5964,3,LOCK,0,1
1789530539374,33412.887,35.7,1.5964,3,LOCK,0,1
1789530539384,33399.602,0.0,1.5964,3,LOCK,0,1
1789530539394,33412.887,35.7,1.5964,3,LOCK,0,1
1789530539404,33399.602,-83.3,1.5972,2,TRACK,0,0
1789530539414,33412.887,-35.7,1.5972,3,LOCK,0,1
1789530539424,33386.328,0.0,1.5980,3,LOCK,0,1
1789530539434,33399.602,0.0,1.5980,3,LOCK,0,1
1789530539444,33399.602,47.6,1.5980,3,LOCK,0,1
1789530539454,33399.602,-23.8,1.5980,3,LOCK,0,1
1789530539464,33386.328,-59.5,1.5980,3,LOCK,0,1
1789530539474,33412.887,83.3,1.5980,2,TRACK,0,0
1789530539484,33412.887,-47.6,1.5980,3,LOCK,0,1
1789530539494,33980.582,726.2,1.6504,1,WAIT ZCD,1,0
1789530539504,33966.844,726.2,1.6504,1,WAIT ZCD,1,0
1789530539514,33994.336,726.2,1.6504,1,WAIT ZCD,1,0
1789530539524,33966.844,726.2,1.6504,1,WAIT ZCD,1,0
1789530539534,33994.336,726.2,1.6504,1,WAIT ZCD,1,0
1789530539544,33966.844,726.2,1.6504,1,WAIT ZCD,1,0
1789530539554,33994.336,726.2,1.6504,1,WAIT ZCD,1,0
1789530539564,33980.582,726.2,1.6504,1,WAIT ZCD,1,0
1789530539574,33980.582,726.2,1.6504,1,WAIT ZCD,1,0
1789530539584,33980.582,726.2,1.6504,1,WAIT ZCD,1,0
1789530539594,33966.844,726.2,1.6504,1,WAIT ZCD,1,0
1789530539604,33980.582,726.2,1.6504,1,WAIT ZCD,1,0
1789530539614,33953.113,726.2,1.6504,1,WAIT ZCD,1,0
1789530539624,33994.336,726.2,1.6504,1,WAIT ZCD,1,0
1789530539634,33966.844,726.2,1.6504,1,WAIT ZCD,1,0
1789530539644,33980.582,726.2,1.6504,1,WAIT ZCD,1,0
1789530539654,33953.113,726.2,1.6504,1,WAIT ZCD,1,0
1789530539664,33966.844,726.2,1.6504,1,WAIT ZCD,1,0
1789530539674,33980.582,726.2,1.6504,1,WAIT ZCD,1,0
1789530539684,33980.582,726.2,1.6504,1,WAIT ZCD,1,0
1789530539694,33994.336,726.2,1.6504,1,WAIT ZCD,1,0
1789530539704,33966.844,726.2,1.6504,1,WAIT ZCD,1,0
1789530539714,33994.336,726.2,1.6504,1,WAIT ZCD,1,0
1789530539724,33966.844,726.2,1.6504,1,WAIT ZCD,1,0
1789530539734,33966.844,726.2,1.6504,1,WAIT ZCD,1,0
1789530539744,33980.582,726.2,1.6504,1,WAIT ZCD,1,0
1789530539754,33966.844,726.2,1.6504,1,WAIT ZCD,1,0
1789530539764,33994.336,726.2,1.6504,1,WAIT ZCD,1,0
1789530539774,33953.113,726.2,1.6504,1,WAIT ZCD,1,0
1789530539784,33980.582,726.2,1.6504,1,WAIT ZCD,1,0
1789530539794,33953.113,726.2,1.6504,1,WAIT ZCD,1,0
1789530539804,33966.844,726.2,1.6504,1,WAIT ZCD,1,0
1789530539814,33994.336,726.2,1.6504,1,WAIT ZCD,1,0
1789530539824,33966.844,726.2,1.6504,1,WAIT ZCD,1,0
1789530539834,33994.336,726.2,1.6504,1,WAIT ZCD,1,0
1789530539844,33966.844,726.2,1.6504,1,WAIT ZCD,1,0
1789530539854,33980.582,726.2,1.6504,1,WAIT ZCD,1,0
1789530539864,33966.844,726.2,1.6504,1,WAIT ZCD,1,0
1789530539874,33980.582,726.2,1.6504,1,WAIT ZCD,1,0
1789530539884,33966.844,726.2,1.6504,1,WAIT ZCD,1,0
1789530539894,33980.582,726.2,1.6504,1,WAIT ZCD,1,0
1789530539904,33980.582,726.2,1.6504,1,WAIT ZCD,1,0
1789530539914,33980.582,726.2,1.6504,1,WAIT ZCD,1,0
1789530539924,33980.582,726.2,1.6504,1,WAIT ZCD,1,0
1789530539934,33980.582,726.2,1.6504,1,WAIT ZCD,1,0
1789530539944,33980.582,726.2,1.6504,1,WAIT ZCD,1,0
1789530539954,33980.582,726.2,1.6504,1,WAIT ZCD,1,0
1789530539964,33966.844,726.2,1.6504,1,WAIT ZCD,1,0
1789530539974,33994.336,726.2,1.6504,1,WAIT ZCD,1,0
1789530539984,33980.582,726.2,1.6504,1,WAIT ZCD,1,0
1789530539994,33994.336,726.2,1.6504,1,WAIT ZCD,1,0
1789530540006,33994.336,726.2,1.6504,1,WAIT ZCD,1,0
1789530540014,33980.582,726.2,1.6504,1,WAIT ZCD,1,0
1789530540024,33994.336,726.2,1.6504,1,WAIT ZCD,1,0
1789530540034,33980.582,726.2,1.6504,1,WAIT ZCD,1,0
1789530540044,34008.098,726.2,1.6504,1,WAIT ZCD,1,0
1789530540054,33953.113,726.2,1.6504,1,WAIT ZCD,1,0
1789530540064,33966.844,726.2,1.6504,1,WAIT ZCD,1,0
1789530540074,34008.098,726.2,1.6504,1,WAIT ZCD,1,0
1789530540084,33980.582,726.2,1.6504,1,WAIT ZCD,1,0
1789530540094,34008.098,726.2,1.6504,1,WAIT ZCD,1,0
1789530540104,33994.336,726.2,1.6504,1,WAIT ZCD,1,0
1789530540114,33994.336,726.2,1.6504,1,WAIT ZCD,1,0
1789530540124,33980.582,726.2,1.6504,1,WAIT ZCD,1,0
1789530540134,33980.582,726.2,1.6504,1,WAIT ZCD,1,0
1789530540144,33980.582,726.2,1.6504,1,WAIT ZCD,1,0
1789530540154,33980.582,726.2,1.6504,1,WAIT ZCD,1,0
1789530540164,33980.582,726.2,1.6504,1,WAIT ZCD,1,0
1789530540174,33980.582,726.2,1.6504,1,WAIT ZCD,1,0
1789530540184,33994.336,726.2,1.6504,1,WAIT ZCD,1,0
1789530540194,33966.844,726.2,1.6504,1,WAIT ZCD,1,0
1789530540204,33966.844,726.2,1.6504,1,WAIT ZCD,1,0
1789530540214,33966.844,726.2,1.6504,1,WAIT ZCD,1,0
1789530540224,34008.098,726.2,1.6504,1,WAIT ZCD,1,0
1789530540234,33994.336,726.2,1.6504,1,WAIT ZCD,1,0
1789530540244,33980.582,726.2,1.6504,1,WAIT ZCD,1,0
1789530540254,33980.582,726.2,1.6504,1,WAIT ZCD,1,0
1789530540264,33980.582,726.2,1.6504,1,WAIT ZCD,1,0
1789530540274,33966.844,726.2,1.6504,1,WAIT ZCD,1,0
1789530540284,33980.582,726.2,1.6504,1,WAIT ZCD,1,0
1789530540294,33966.844,726.2,1.6504,1,WAIT ZCD,1,0
1789530540304,34008.098,726.2,1.6504,1,WAIT ZCD,1,0
1789530540314,33980.582,726.2,1.6504,1,WAIT ZCD,1,0
1789530540324,33980.582,726.2,1.6504,1,WAIT ZCD,1,0
1789530540334,33966.844,726.2,1.6504,1,WAIT ZCD,1,0
1789530540344,33994.336,726.2,1.6504,1,WAIT ZCD,1,0
1789530540354,33994.336,726.2,1.6504,1,WAIT ZCD,1,0
1789530540364,34008.098,726.2,1.6504,1,WAIT ZCD,1,0
1789530540374,33966.844,726.2,1.6504,1,WAIT ZCD,1,0
1789530540384,33994.336,726.2,1.6504,1,WAIT ZCD,1,0
1789530540394,33980.582,726.2,1.6504,1,WAIT ZCD,1,0
1789530540404,33980.582,726.2,1.6504,1,WAIT ZCD,1,0
1789530540414,33980.582,726.2,1.6504,1,WAIT ZCD,1,0
1789530540424,34008.098,726.2,1.6504,1,WAIT ZCD,1,0
1789530540434,33980.582,726.2,1.6504,1,WAIT ZCD,1,0
1789530540444,33994.336,726.2,1.6504,1,WAIT ZCD,1,0
1789530540454,33994.336,726.2,1.6504,1,WAIT ZCD,1,0
1789530540464,34008.098,726.2,1.6504,1,WAIT ZCD,1,0
1789530540474,33966.844,726.2,1.6504,1,WAIT ZCD,1,0
1789530540484,33980.582,726.2,1.6504,1,WAIT ZCD,1,0
1789530540494,33452.809,952.4,1.6351,2,TRACK,0,0
1789530540505,33452.809,535.7,1.6222,2,TRACK,0,0
1789530540514,33439.492,333.3,1.6141,2,TRACK,0,0
1789530540524,33452.809,297.6,1.6069,2,TRACK,0,0
1789530540534,33412.887,131.0,1.6045,2,TRACK,0,0
1789530540544,33426.184,119.0,1.6021,2,TRACK,0,0
1789530540554,33412.887,83.3,1.5996,2,TRACK,0,0
1789530540564,33439.492,23.8,1.5980,3,LOCK,0,1
1789530540574,33399.602,59.5,1.5964,3,LOCK,0,1
1789530540584,33386.328,23.8,1.5956,3,LOCK,0,1
1789530540594,33399.602,-47.6,1.5956,3,LOCK,0,1
1789530540604,33399.602,23.8,1.5948,3,LOCK,0,1
1789530540614,33426.184,35.7,1.5948,3,LOCK,0,1
1789530540624,33399.602,35.7,1.5948,3,LOCK,0,1
1789530540634,33399.602,0.0,1.5940,3,LOCK,0,1
1789530540644,33386.328,-35.7,1.5940,3,LOCK,0,1
1789530540654,33412.887,-11.9,1.5940,3,LOCK,0,1
1789530540664,33399.602,-23.8,1.5940,3,LOCK,0,1
1789530540674,33412.887,-11.9,1.5940,3,LOCK,0,1
1789530540684,33439.492,-11.9,1.5940,3,LOCK,0,1
1789530540694,33426.184,131.0,1.5940,2,TRACK,0,0
1789530540704,33412.887,-59.5,1.5940,3,LOCK,0,1
1789530540714,33412.887,0.0,1.5948,3,LOCK,0,1
1789530540724,33399.602,-119.0,1.5956,2,TRACK,0,0
1789530540734,33412.887,0.0,1.5956,3,LOCK,0,1
1789530540744,33412.887,11.9,1.5956,3,LOCK,0,1
1789530540754,33386.328,-23.8,1.5964,3,LOCK,0,1
1789530540764,33399.602,47.6,1.5956,3,LOCK,0,1
1789530540774,33426.184,47.6,1.5964,3,LOCK,0,1
1789530540784,33412.887,11.9,1.5964,3,LOCK,0,1
1789530540794,33399.602,-47.6,1.5956,3,LOCK,0,1
1789530540804,33399.602,-11.9,1.5964,3,LOCK,0,1
1789530540814,33399.602,47.6,1.5956,3,LOCK,0,1
1789530540824,33399.602,-23.8,1.5964,3,LOCK,0,1
1789530540834,33412.887,0.0,1.5972,3,LOCK,0,1
1789530540844,33412.887,-71.4,1.5972,2,TRACK,0,0
1789530540854,33386.328,-59.5,1.5972,3,LOCK,0,1
1789530540864,33426.184,0.0,1.5972,3,LOCK,0,1
1789530540874,33426.184,-47.6,1.5980,3,LOCK,0,1
1789530540884,33426.184,-11.9,1.5980,3,LOCK,0,1
1789530540894,33386.328,-11.9,1.5972,3,LOCK,0,1
1789530540904,33426.184,-35.7,1.5980,3,LOCK,0,1
1789530540914,33412.887,0.0,1.5980,3,LOCK,0,1
1789530540924,33412.887,-23.8,1.5980,3,LOCK,0,1
1789530540934,33412.887,47.6,1.5988,3,LOCK,0,1
1789530540944,33762.059,952.4,1.6504,1,WAIT ZCD,1,0
1789530540954,33980.582,952.4,1.6504,1,WAIT ZCD,1,0
1789530540964,33980.582,952.4,1.6504,1,WAIT ZCD,1,0
1789530540974,33980.582,952.4,1.6504,1,WAIT ZCD,1,0
1789530540984,34008.098,952.4,1.6504,1,WAIT ZCD,1,0
1789530540994,33980.582,952.4,1.6504,1,WAIT ZCD,1,0
1789530541004,33980.582,952.4,1.6504,1,WAIT ZCD,1,0
1789530541014,33994.336,952.4,1.6504,1,WAIT ZCD,1,0
1789530541024,33980.582,952.4,1.6504,1,WAIT ZCD,1,0
1789530541034,33980.582,952.4,1.6504,1,WAIT ZCD,1,0
1789530541044,34008.098,952.4,1.6504,1,WAIT ZCD,1,0
1789530541054,33980.582,952.4,1.6504,1,WAIT ZCD,1,0
1789530541064,33994.336,952.4,1.6504,1,WAIT ZCD,1,0
1789530541074,33980.582,952.4,1.6504,1,WAIT ZCD,1,0
1789530541084,33994.336,952.4,1.6504,1,WAIT ZCD,1,0
1789530541094,33966.844,952.4,1.6504,1,WAIT ZCD,1,0
1789530541104,33994.336,952.4,1.6504,1,WAIT ZCD,1,0
1789530541114,33980.582,952.4,1.6504,1,WAIT ZCD,1,0
1789530541124,33994.336,952.4,1.6504,1,WAIT ZCD,1,0
1789530541134,33980.582,952.4,1.6504,1,WAIT ZCD,1,0
1789530541144,33980.582,952.4,1.6504,1,WAIT ZCD,1,0
1789530541154,33980.582,952.4,1.6504,1,WAIT ZCD,1,0
1789530541164,33994.336,952.4,1.6504,1,WAIT ZCD,1,0
1789530541174,33994.336,952.4,1.6504,1,WAIT ZCD,1,0
1789530541184,33994.336,952.4,1.6504,1,WAIT ZCD,1,0
1789530541194,33980.582,952.4,1.6504,1,WAIT ZCD,1,0
1789530541204,33994.336,952.4,1.6504,1,WAIT ZCD,1,0
1789530541214,33994.336,952.4,1.6504,1,WAIT ZCD,1,0
1789530541224,33980.582,952.4,1.6504,1,WAIT ZCD,1,0
1789530541234,33980.582,952.4,1.6504,1,WAIT ZCD,1,0
1789530541244,33994.336,952.4,1.6504,1,WAIT ZCD,1,0
1789530541254,34008.098,952.4,1.6504,1,WAIT ZCD,1,0
1789530541264,33994.336,952.4,1.6504,1,WAIT ZCD,1,0
1789530541274,33994.336,952.4,1.6504,1,WAIT ZCD,1,0
1789530541284,33980.582,952.4,1.6504,1,WAIT ZCD,1,0
1789530541294,33994.336,952.4,1.6504,1,WAIT ZCD,1,0
1789530541304,33980.582,952.4,1.6504,1,WAIT ZCD,1,0
1789530541314,33994.336,952.4,1.6504,1,WAIT ZCD,1,0
1789530541324,34008.098,952.4,1.6504,1,WAIT ZCD,1,0
1789530541334,33980.582,952.4,1.6504,1,WAIT ZCD,1,0
1789530541344,33980.582,952.4,1.6504,1,WAIT ZCD,1,0
1789530541354,33994.336,952.4,1.6504,1,WAIT ZCD,1,0
1789530541364,33980.582,952.4,1.6504,1,WAIT ZCD,1,0
1789530541374,33966.844,952.4,1.6504,1,WAIT ZCD,1,0
1789530541384,33980.582,952.4,1.6504,1,WAIT ZCD,1,0
1789530541394,33925.688,952.4,1.6504,1,WAIT ZCD,1,0
1789530541404,33994.336,952.4,1.6504,1,WAIT ZCD,1,0
1789530541414,33994.336,952.4,1.6504,1,WAIT ZCD,1,0
1789530541424,33980.582,952.4,1.6504,1,WAIT ZCD,1,0
1789530541434,34008.098,952.4,1.6504,1,WAIT ZCD,1,0
1789530541445,33994.336,952.4,1.6504,1,WAIT ZCD,1,0
1789530541454,34008.098,952.4,1.6504,1,WAIT ZCD,1,0
1789530541464,33994.336,952.4,1.6504,1,WAIT ZCD,1,0
1789530541474,33966.844,952.4,1.6504,1,WAIT ZCD,1,0
1789530541484,33994.336,952.4,1.6504,1,WAIT ZCD,1,0
1789530541494,33994.336,952.4,1.6504,1,WAIT ZCD,1,0
1789530541504,33966.844,952.4,1.6504,1,WAIT ZCD,1,0
1789530541514,33994.336,952.4,1.6504,1,WAIT ZCD,1,0
1789530541524,33966.844,952.4,1.6504,1,WAIT ZCD,1,0
1789530541534,33980.582,952.4,1.6504,1,WAIT ZCD,1,0
1789530541544,34008.098,952.4,1.6504,1,WAIT ZCD,1,0
1789530541554,33980.582,952.4,1.6504,1,WAIT ZCD,1,0
1789530541564,33980.582,952.4,1.6504,1,WAIT ZCD,1,0
1789530541574,33980.582,952.4,1.6504,1,WAIT ZCD,1,0
1789530541584,33994.336,952.4,1.6504,1,WAIT ZCD,1,0
1789530541594,34008.098,952.4,1.6504,1,WAIT ZCD,1,0
1789530541604,33980.582,952.4,1.6504,1,WAIT ZCD,1,0
1789530541614,34008.098,952.4,1.6504,1,WAIT ZCD,1,0
1789530541624,33994.336,952.4,1.6504,1,WAIT ZCD,1,0
1789530541634,33994.336,952.4,1.6504,1,WAIT ZCD,1,0
1789530541644,33980.582,952.4,1.6504,1,WAIT ZCD,1,0
1789530541654,33980.582,952.4,1.6504,1,WAIT ZCD,1,0
1789530541664,33994.336,952.4,1.6504,1,WAIT ZCD,1,0
1789530541674,33966.844,952.4,1.6504,1,WAIT ZCD,1,0
1789530541684,34008.098,952.4,1.6504,1,WAIT ZCD,1,0
1789530541694,33980.582,952.4,1.6504,1,WAIT ZCD,1,0
1789530541704,33994.336,952.4,1.6504,1,WAIT ZCD,1,0
1789530541714,34008.098,952.4,1.6504,1,WAIT ZCD,1,0
1789530541724,33980.582,952.4,1.6504,1,WAIT ZCD,1,0
1789530541734,33980.582,952.4,1.6504,1,WAIT ZCD,1,0
1789530541744,33980.582,952.4,1.6504,1,WAIT ZCD,1,0
1789530541754,33994.336,952.4,1.6504,1,WAIT ZCD,1,0
1789530541764,33994.336,952.4,1.6504,1,WAIT ZCD,1,0
1789530541774,34008.098,952.4,1.6504,1,WAIT ZCD,1,0
1789530541784,33994.336,952.4,1.6504,1,WAIT ZCD,1,0
1789530541794,33994.336,952.4,1.6504,1,WAIT ZCD,1,0
1789530541804,33994.336,952.4,1.6504,1,WAIT ZCD,1,0
1789530541814,33994.336,952.4,1.6504,1,WAIT ZCD,1,0
1789530541824,33994.336,952.4,1.6504,1,WAIT ZCD,1,0
1789530541834,33966.844,952.4,1.6504,1,WAIT ZCD,1,0
1789530541844,33994.336,952.4,1.6504,1,WAIT ZCD,1,0
1789530541854,33966.844,952.4,1.6504,1,WAIT ZCD,1,0
1789530541864,34008.098,952.4,1.6504,1,WAIT ZCD,1,0
1789530541874,33980.582,952.4,1.6504,1,WAIT ZCD,1,0
1789530541884,34008.098,952.4,1.6504,1,WAIT ZCD,1,0
1789530541894,33980.582,952.4,1.6504,1,WAIT ZCD,1,0
1789530541904,33994.336,952.4,1.6504,1,WAIT ZCD,1,0
1789530541914,33994.336,952.4,1.6504,1,WAIT ZCD,1,0
1789530541924,33980.582,952.4,1.6504,1,WAIT ZCD,1,0
1789530541934,33966.844,952.4,1.6504,1,WAIT ZCD,1,0
1789530541944,33439.492,904.8,1.6311,2,TRACK,0,0
1789530541954,33479.473,571.4,1.6254,2,TRACK,0,0
1789530541964,33452.809,404.8,1.6158,2,TRACK,0,0
1789530541974,33439.492,369.0,1.6093,2,TRACK,0,0
1789530541984,33426.184,202.4,1.6045,2,TRACK,0,0
1789530541994,33426.184,59.5,1.6012,3,LOCK,0,1
1789530542004,33426.184,178.6,1.5988,2,TRACK,0,0
1789530542014,33412.887,35.7,1.5980,3,LOCK,0,1
1789530542024,33412.887,83.3,1.5964,2,TRACK,0,0
1789530542034,33412.887,-23.8,1.5956,3,LOCK,0,1
1789530542044,33412.887,47.6,1.5956,3,LOCK,0,1
1789530542054,33399.602,11.9,1.5956,3,LOCK,0,1
1789530542064,33412.887,-59.5,1.5956,3,LOCK,0,1
1789530542074,33412.887,71.4,1.5948,2,TRACK,0,0
1789530542084,33412.887,71.4,1.5940,2,TRACK,0,0
1789530542094,33412.887,-47.6,1.5940,3,LOCK,0,1
1789530542104,33412.887,0.0,1.5940,3,LOCK,0,1
1789530542114,33426.184,0.0,1.5940,3,LOCK,0,1
1789530542124,33386.328,35.7,1.5948,3,LOCK,0,1
1789530542134,33412.887,-35.7,1.5948,3,LOCK,0,1
1789530542144,33412.887,83.3,1.5948,2,TRACK,0,0
1789530542154,33386.328,-47.6,1.5948,3,LOCK,0,1
1789530542164,33426.184,23.8,1.5948,3,LOCK,0,1
1789530542174,33412.887,-11.9,1.5948,3,LOCK,0,1
1789530542184,33386.328,-35.7,1.5948,3,LOCK,0,1
1789530542194,33426.184,11.9,1.5956,3,LOCK,0,1
1789530542204,33412.887,-23.8,1.5956,3,LOCK,0,1
1789530542214,33399.602,-35.7,1.5956,3,LOCK,0,1
1789530542224,33412.887,-11.9,1.5956,3,LOCK,0,1
1789530542234,33426.184,47.6,1.5964,3,LOCK,0,1
1789530542245,33399.602,47.6,1.5964,3,LOCK,0,1
1789530542254,33426.184,-47.6,1.5964,3,LOCK,0,1
1789530542264,33412.887,-11.9,1.5964,3,LOCK,0,1
1789530542274,33412.887,-47.6,1.5964,3,LOCK,0,1
1789530542284,33412.887,47.6,1.5964,3,LOCK,0,1
1789530542294,33412.887,0.0,1.5964,3,LOCK,0,1
1789530542304,33386.328,-11.9,1.5964,3,LOCK,0,1
1789530542314,33426.184,35.7,1.5964,3,LOCK,0,1
1789530542324,33426.184,-71.4,1.5964,2,TRACK,0,0
1789530542334,33412.887,0.0,1.5972,3,LOCK,0,1
1789530542344,33412.887,59.5,1.5972,3,LOCK,0,1
1789530542354,33426.184,-11.9,1.5964,3,LOCK,0,1
1789530542364,33386.328,-47.6,1.5964,3,LOCK,0,1
1789530542374,33412.887,-83.3,1.5964,2,TRACK,0,0
1789530542384,33412.887,23.8,1.5964,3,LOCK,0,1
1789530542394,33789.219,1738.1,1.5892,2,TRACK,0,0
1789530542404,34008.098,904.8,1.6504,1,WAIT ZCD,1,0
1789530542414,33966.844,904.8,1.6504,1,WAIT ZCD,1,0
1789530542424,33980.582,904.8,1.6504,1,WAIT ZCD,1,0
1789530542434,33994.336,904.8,1.6504,1,WAIT ZCD,1,0
1789530542444,33980.582,904.8,1.6504,1,WAIT ZCD,1,0
1789530542454,33994.336,904.8,1.6504,1,WAIT ZCD,1,0
1789530542464,33980.582,904.8,1.6504,1,WAIT ZCD,1,0
1789530542474,33994.336,904.8,1.6504,1,WAIT ZCD,1,0
1789530542484,34008.098,904.8,1.6504,1,WAIT ZCD,1,0
1789530542494,33966.844,904.8,1.6504,1,WAIT ZCD,1,0
1789530542504,33980.582,904.8,1.6504,1,WAIT ZCD,1,0
1789530542514,33994.336,904.8,1.6504,1,WAIT ZCD,1,0
1789530542524,33980.582,904.8,1.6504,1,WAIT ZCD,1,0
1789530542534,33994.336,904.8,1.6504,1,WAIT ZCD,1,0
1789530542544,33980.582,904.8,1.6504,1,WAIT ZCD,1,0
1789530542554,33980.582,904.8,1.6504,1,WAIT ZCD,1,0
1789530542564,34008.098,904.8,1.6504,1,WAIT ZCD,1,0
1789530542574,33966.844,904.8,1.6504,1,WAIT ZCD,1,0
1789530542584,33980.582,904.8,1.6504,1,WAIT ZCD,1,0
1789530542594,34008.098,904.8,1.6504,1,WAIT ZCD,1,0
1789530542604,33966.844,904.8,1.6504,1,WAIT ZCD,1,0
1789530542614,33994.336,904.8,1.6504,1,WAIT ZCD,1,0
1789530542624,33980.582,904.8,1.6504,1,WAIT ZCD,1,0
1789530542634,34008.098,904.8,1.6504,1,WAIT ZCD,1,0
1789530542644,33994.336,904.8,1.6504,1,WAIT ZCD,1,0
1789530542654,33966.844,904.8,1.6504,1,WAIT ZCD,1,0
1789530542664,33994.336,904.8,1.6504,1,WAIT ZCD,1,0
1789530542674,33966.844,904.8,1.6504,1,WAIT ZCD,1,0
1789530542684,34008.098,904.8,1.6504,1,WAIT ZCD,1,0
1789530542694,33980.582,904.8,1.6504,1,WAIT ZCD,1,0
1789530542704,33994.336,904.8,1.6504,1,WAIT ZCD,1,0
1789530542714,33980.582,904.8,1.6504,1,WAIT ZCD,1,0
1789530542724,33980.582,904.8,1.6504,1,WAIT ZCD,1,0
1789530542734,33980.582,904.8,1.6504,1,WAIT ZCD,1,0
1789530542744,33953.113,904.8,1.6504,1,WAIT ZCD,1,0
1789530542754,33994.336,904.8,1.6504,1,WAIT ZCD,1,0
1789530542764,33980.582,904.8,1.6504,1,WAIT ZCD,1,0
1789530542774,34008.098,904.8,1.6504,1,WAIT ZCD,1,0
1789530542784,34008.098,904.8,1.6504,1,WAIT ZCD,1,0
1789530542794,33980.582,904.8,1.6504,1,WAIT ZCD,1,0
1789530542804,33980.582,904.8,1.6504,1,WAIT ZCD,1,0
1789530542814,33980.582,904.8,1.6504,1,WAIT ZCD,1,0
1789530542824,34008.098,904.8,1.6504,1,WAIT ZCD,1,0
1789530542834,33980.582,904.8,1.6504,1,WAIT ZCD,1,0
1789530542844,33994.336,904.8,1.6504,1,WAIT ZCD,1,0
1789530542854,33980.582,904.8,1.6504,1,WAIT ZCD,1,0
1789530542864,33980.582,904.8,1.6504,1,WAIT ZCD,1,0
1789530542874,33994.336,904.8,1.6504,1,WAIT ZCD,1,0
1789530542884,33966.844,904.8,1.6504,1,WAIT ZCD,1,0
1789530542894,34008.098,904.8,1.6504,1,WAIT ZCD,1,0
1789530542904,33980.582,904.8,1.6504,1,WAIT ZCD,1,0
1789530542914,33994.336,904.8,1.6504,1,WAIT ZCD,1,0
1789530542924,33980.582,904.8,1.6504,1,WAIT ZCD,1,0
1789530542934,34008.098,904.8,1.6504,1,WAIT ZCD,1,0
1789530542944,33980.582,904.8,1.6504,1,WAIT ZCD,1,0
1789530542954,33994.336,904.8,1.6504,1,WAIT ZCD,1,0
1789530542964,33994.336,904.8,1.6504,1,WAIT ZCD,1,0
1789530542974,33994.336,904.8,1.6504,1,WAIT ZCD,1,0
1789530542984,33994.336,904.8,1.6504,1,WAIT ZCD,1,0
1789530542994,33980.582,904.8,1.6504,1,WAIT ZCD,1,0
1789530543004,33980.582,904.8,1.6504,1,WAIT ZCD,1,0
1789530543014,34008.098,904.8,1.6504,1,WAIT ZCD,1,0
1789530543024,33994.336,904.8,1.6504,1,WAIT ZCD,1,0
1789530543034,33980.582,904.8,1.6504,1,WAIT ZCD,1,0
1789530543044,33980.582,904.8,1.6504,1,WAIT ZCD,1,0
1789530543054,33966.844,904.8,1.6504,1,WAIT ZCD,1,0
1789530543064,33966.844,904.8,1.6504,1,WAIT ZCD,1,0
1789530543074,33994.336,904.8,1.6504,1,WAIT ZCD,1,0
1789530543084,33980.582,904.8,1.6504,1,WAIT ZCD,1,0
1789530543094,33994.336,904.8,1.6504,1,WAIT ZCD,1,0
1789530543104,34008.098,904.8,1.6504,1,WAIT ZCD,1,0
1789530543114,33953.113,904.8,1.6504,1,WAIT ZCD,1,0
1789530543124,33980.582,904.8,1.6504,1,WAIT ZCD,1,0
1789530543134,34008.098,904.8,1.6504,1,WAIT ZCD,1,0
1789530543144,33980.582,904.8,1.6504,1,WAIT ZCD,1,0
1789530543154,34008.098,904.8,1.6504,1,WAIT ZCD,1,0
1789530543164,33966.844,904.8,1.6504,1,WAIT ZCD,1,0
1789530543174,33980.582,904.8,1.6504,1,WAIT ZCD,1,0
1789530543184,33953.113,904.8,1.6504,1,WAIT ZCD,1,0
1789530543194,34008.098,904.8,1.6504,1,WAIT ZCD,1,0
1789530543204,33980.582,904.8,1.6504,1,WAIT ZCD,1,0
1789530543214,33980.582,904.8,1.6504,1,WAIT ZCD,1,0
1789530543224,33966.844,904.8,1.6504,1,WAIT ZCD,1,0
1789530543234,33980.582,904.8,1.6504,1,WAIT ZCD,1,0
1789530543244,33980.582,904.8,1.6504,1,WAIT ZCD,1,0
1789530543254,33980.582,904.8,1.6504,1,WAIT ZCD,1,0
1789530543264,33980.582,904.8,1.6504,1,WAIT ZCD,1,0
1789530543274,34008.098,904.8,1.6504,1,WAIT ZCD,1,0
1789530543284,33966.844,904.8,1.6504,1,WAIT ZCD,1,0
1789530543294,33980.582,904.8,1.6504,1,WAIT ZCD,1,0
1789530543304,33994.336,904.8,1.6504,1,WAIT ZCD,1,0
1789530543314,33980.582,904.8,1.6504,1,WAIT ZCD,1,0
1789530543324,33980.582,904.8,1.6504,1,WAIT ZCD,1,0
1789530543334,33966.844,904.8,1.6504,1,WAIT ZCD,1,0
1789530543344,33994.336,904.8,1.6504,1,WAIT ZCD,1,0
1789530543354,33980.582,904.8,1.6504,1,WAIT ZCD,1,0
1789530543364,33980.582,904.8,1.6504,1,WAIT ZCD,1,0
1789530543374,33980.582,904.8,1.6504,1,WAIT ZCD,1,0
1789530543384,33980.582,904.8,1.6504,1,WAIT ZCD,1,0
1789530543394,33626.902,4964.3,1.6504,2,TRACK,0,0
1789530543404,33439.492,464.3,1.6270,2,TRACK,0,0
1789530543414,33412.887,440.5,1.6174,2,TRACK,0,0
1789530543424,33452.809,250.0,1.6101,2,TRACK,0,0
1789530543434,33439.492,250.0,1.6061,2,TRACK,0,0
1789530543444,33412.887,119.0,1.6029,2,TRACK,0,0
1789530543454,33412.887,119.0,1.6012,2,TRACK,0,0
1789530543464,33399.602,142.9,1.5996,2,TRACK,0,0
1789530543474,33399.602,11.9,1.5980,3,LOCK,0,1
1789530543484,33386.328,59.5,1.5964,3,LOCK,0,1
1789530543494,33399.602,-23.8,1.5964,3,LOCK,0,1
1789530543504,33373.062,-11.9,1.5956,3,LOCK,0,1
1789530543514,33412.887,35.7,1.5956,3,LOCK,0,1
1789530543524,33399.602,71.4,1.5956,2,TRACK,0,0
1789530543534,33386.328,0.0,1.5948,3,LOCK,0,1
1789530543544,33399.602,35.7,1.5948,3,LOCK,0,1
1789530543554,33386.328,-47.6,1.5948,3,LOCK,0,1
1789530543564,33412.887,35.7,1.5956,3,LOCK,0,1
1789530543576,33412.887,23.8,1.5948,3,LOCK,0,1
1789530543586,33426.184,-11.9,1.5956,3,LOCK,0,1
1789530543596,33399.602,59.5,1.5948,3,LOCK,0,1
1789530543606,33373.062,-47.6,1.5948,3,LOCK,0,1
1789530543616,33386.328,11.9,1.5956,3,LOCK,0,1
1789530543627,33386.328,-47.6,1.5948,3,LOCK,0,1
1789530543636,33399.602,11.9,1.5956,3,LOCK,0,1
1789530543646,33412.887,-11.9,1.5956,3,LOCK,0,1
1789530543656,33412.887,11.9,1.5956,3,LOCK,0,1
1789530543666,33426.184,119.0,1.5956,2,TRACK,0,0
1789530543676,33373.062,-11.9,1.5956,3,LOCK,0,1
1789530543686,33412.887,59.5,1.5956,3,LOCK,0,1
1789530543696,33412.887,11.9,1.5956,3,LOCK,0,1
1789530543706,33412.887,0.0,1.5956,3,LOCK,0,1
1789530543716,33373.062,-71.4,1.5956,2,TRACK,0,0
1789530543726,33412.887,-11.9,1.5956,3,LOCK,0,1
1789530543736,33399.602,0.0,1.5964,3,LOCK,0,1
1789530543746,33399.602,-35.7,1.5964,3,LOCK,0,1
1789530543756,33399.602,11.9,1.5964,3,LOCK,0,1
1789530543766,33412.887,23.8,1.5972,3,LOCK,0,1
1789530543776,33426.184,-35.7,1.5972,3,LOCK,0,1
1789530543786,33399.602,23.8,1.5980,3,LOCK,0,1
1789530543796,33399.602,-35.7,1.5980,3,LOCK,0,1
1789530543806,33426.184,71.4,1.5972,2,TRACK,0,0
1789530543816,33399.602,11.9,1.5964,3,LOCK,0,1
1789530543826,33399.602,0.0,1.5972,3,LOCK,0,1
1789530543836,33386.328,-35.7,1.5980,3,LOCK,0,1
1789530543846,33980.582,4964.3,1.6504,1,WAIT ZCD,1,0
1789530543856,33953.113,4964.3,1.6504,1,WAIT ZCD,1,0
1789530543866,33980.582,4964.3,1.6504,1,WAIT ZCD,1,0
1789530543876,33966.844,4964.3,1.6504,1,WAIT ZCD,1,0
1789530543886,34008.098,4964.3,1.6504,1,WAIT ZCD,1,0
1789530543896,33980.582,4964.3,1.6504,1,WAIT ZCD,1,0
1789530543906,33966.844,4964.3,1.6504,1,WAIT ZCD,1,0
1789530543916,33980.582,4964.3,1.6504,1,WAIT ZCD,1,0
1789530543926,33980.582,4964.3,1.6504,1,WAIT ZCD,1,0
1789530543936,33994.336,4964.3,1.6504,1,WAIT ZCD,1,0
1789530543946,33980.582,4964.3,1.6504,1,WAIT ZCD,1,0
1789530543956,33994.336,4964.3,1.6504,1,WAIT ZCD,1,0
1789530543966,33980.582,4964.3,1.6504,1,WAIT ZCD,1,0
1789530543976,33980.582,4964.3,1.6504,1,WAIT ZCD,1,0
1789530543986,33966.844,4964.3,1.6504,1,WAIT ZCD,1,0
1789530543996,33980.582,4964.3,1.6504,1,WAIT ZCD,1,0
1789530544006,33953.113,4964.3,1.6504,1,WAIT ZCD,1,0
1789530544016,33994.336,4964.3,1.6504,1,WAIT ZCD,1,0
1789530544026,33953.113,4964.3,1.6504,1,WAIT ZCD,1,0
1789530544036,34008.098,4964.3,1.6504,1,WAIT ZCD,1,0
1789530544046,33980.582,4964.3,1.6504,1,WAIT ZCD,1,0
1789530544056,33953.113,4964.3,1.6504,1,WAIT ZCD,1,0
1789530544066,33980.582,4964.3,1.6504,1,WAIT ZCD,1,0
1789530544076,33994.336,4964.3,1.6504,1,WAIT ZCD,1,0
1789530544086,33994.336,4964.3,1.6504,1,WAIT ZCD,1,0
1789530544096,33994.336,4964.3,1.6504,1,WAIT ZCD,1,0
1789530544106,33994.336,4964.3,1.6504,1,WAIT ZCD,1,0
1789530544116,33980.582,4964.3,1.6504,1,WAIT ZCD,1,0
1789530544126,33994.336,4964.3,1.6504,1,WAIT ZCD,1,0
1789530544136,33994.336,4964.3,1.6504,1,WAIT ZCD,1,0
1789530544146,33953.113,4964.3,1.6504,1,WAIT ZCD,1,0
1789530544156,33994.336,4964.3,1.6504,1,WAIT ZCD,1,0
1789530544166,33966.844,4964.3,1.6504,1,WAIT ZCD,1,0
1789530544176,33980.582,4964.3,1.6504,1,WAIT ZCD,1,0
1789530544186,33953.113,4964.3,1.6504,1,WAIT ZCD,1,0
1789530544196,33980.582,4964.3,1.6504,1,WAIT ZCD,1,0
1789530544206,33980.582,4964.3,1.6504,1,WAIT ZCD,1,0
1789530544216,34008.098,4964.3,1.6504,1,WAIT ZCD,1,0
1789530544226,34008.098,4964.3,1.6504,1,WAIT ZCD,1,0
1789530544236,33980.582,4964.3,1.6504,1,WAIT ZCD,1,0
1789530544246,33966.844,4964.3,1.6504,1,WAIT ZCD,1,0
1789530544256,33980.582,4964.3,1.6504,1,WAIT ZCD,1,0
1789530544266,33966.844,4964.3,1.6504,1,WAIT ZCD,1,0
1789530544276,33994.336,4964.3,1.6504,1,WAIT ZCD,1,0
1789530544286,33966.844,4964.3,1.6504,1,WAIT ZCD,1,0
1789530544296,34008.098,4964.3,1.6504,1,WAIT ZCD,1,0
1789530544306,33966.844,4964.3,1.6504,1,WAIT ZCD,1,0
1789530544316,33980.582,4964.3,1.6504,1,WAIT ZCD,1,0
1789530544326,33966.844,4964.3,1.6504,1,WAIT ZCD,1,0
1789530544336,33966.844,4964.3,1.6504,1,WAIT ZCD,1,0
1789530544346,33994.336,4964.3,1.6504,1,WAIT ZCD,1,0
1789530544356,33980.582,4964.3,1.6504,1,WAIT ZCD,1,0
1789530544366,33980.582,4964.3,1.6504,1,WAIT ZCD,1,0
1789530544376,33980.582,4964.3,1.6504,1,WAIT ZCD,1,0
1789530544386,33966.844,4964.3,1.6504,1,WAIT ZCD,1,0
1789530544396,34008.098,4964.3,1.6504,1,WAIT ZCD,1,0
1789530544406,33980.582,4964.3,1.6504,1,WAIT ZCD,1,0
1789530544416,33966.844,4964.3,1.6504,1,WAIT ZCD,1,0
1789530544426,33994.336,4964.3,1.6504,1,WAIT ZCD,1,0
1789530544436,33966.844,4964.3,1.6504,1,WAIT ZCD,1,0
1789530544446,33994.336,4964.3,1.6504,1,WAIT ZCD,1,0
1789530544456,33980.582,4964.3,1.6504,1,WAIT ZCD,1,0
1789530544466,33994.336,4964.3,1.6504,1,WAIT ZCD,1,0
1789530544476,33980.582,4964.3,1.6504,1,WAIT ZCD,1,0
1789530544486,33994.336,4964.3,1.6504,1,WAIT ZCD,1,0
1789530544496,34008.098,4964.3,1.6504,1,WAIT ZCD,1,0
1789530544506,33980.582,4964.3,1.6504,1,WAIT ZCD,1,0
1789530544516,33980.582,4964.3,1.6504,1,WAIT ZCD,1,0
1789530544526,33994.336,4964.3,1.6504,1,WAIT ZCD,1,0
1789530544536,33953.113,4964.3,1.6504,1,WAIT ZCD,1,0
1789530544546,33994.336,4964.3,1.6504,1,WAIT ZCD,1,0
1789530544556,33966.844,4964.3,1.6504,1,WAIT ZCD,1,0
1789530544566,33994.336,4964.3,1.6504,1,WAIT ZCD,1,0
1789530544576,33994.336,4964.3,1.6504,1,WAIT ZCD,1,0
1789530544586,33980.582,4964.3,1.6504,1,WAIT ZCD,1,0
1789530544596,33980.582,4964.3,1.6504,1,WAIT ZCD,1,0
1789530544606,33980.582,4964.3,1.6504,1,WAIT ZCD,1,0
1789530544616,33966.844,4964.3,1.6504,1,WAIT ZCD,1,0
1789530544626,33980.582,4964.3,1.6504,1,WAIT ZCD,1,0
1789530544636,33994.336,4964.3,1.6504,1,WAIT ZCD,1,0
1789530544646,33980.582,4964.3,1.6504,1,WAIT ZCD,1,0
1789530544656,33980.582,4964.3,1.6504,1,WAIT ZCD,1,0
1789530544666,33980.582,4964.3,1.6504,1,WAIT ZCD,1,0
1789530544676,34008.098,4964.3,1.6504,1,WAIT ZCD,1,0
1789530544686,33980.582,4964.3,1.6504,1,WAIT ZCD,1,0
1789530544696,34008.098,4964.3,1.6504,1,WAIT ZCD,1,0
1789530544706,34008.098,4964.3,1.6504,1,WAIT ZCD,1,0
1789530544716,33966.844,4964.3,1.6504,1,WAIT ZCD,1,0
1789530544726,33994.336,4964.3,1.6504,1,WAIT ZCD,1,0
1789530544736,33980.582,4964.3,1.6504,1,WAIT ZCD,1,0
1789530544746,33980.582,4964.3,1.6504,1,WAIT ZCD,1,0
1789530544756,33994.336,4964.3,1.6504,1,WAIT ZCD,1,0
1789530544766,33994.336,4964.3,1.6504,1,WAIT ZCD,1,0
1789530544776,33994.336,4964.3,1.6504,1,WAIT ZCD,1,0
1789530544786,33966.844,4964.3,1.6504,1,WAIT ZCD,1,0
1789530544796,33994.336,4964.3,1.6504,1,WAIT ZCD,1,0
1789530544806,34008.098,4964.3,1.6504,1,WAIT ZCD,1,0
1789530544816,33966.844,4964.3,1.6504,1,WAIT ZCD,1,0
1789530544826,33953.113,4964.3,1.6504,1,WAIT ZCD,1,0
1789530544836,33911.992,4964.3,1.6504,1,WAIT ZCD,1,0
1789530544846,33412.887,750.0,1.6303,2,TRACK,0,0
1789530544856,33492.824,547.6,1.6254,2,TRACK,0,0
1789530544866,33439.492,440.5,1.6158,2,TRACK,0,0
1789530544876,33439.492,285.7,1.6109,2,TRACK,0,0
1789530544886,33439.492,154.8,1.6053,2,TRACK,0,0
1789530544896,33426.184,131.0,1.6021,2,TRACK,0,0
1789530544906,33426.184,59.5,1.5996,3,LOCK,0,1
1789530544916,33399.602,71.4,1.5980,2,TRACK,0,0
1789530544926,33399.602,35.7,1.5964,3,LOCK,0,1
1789530544936,33426.184,95.2,1.5948,2,TRACK,0,0
1789530544946,33399.602,71.4,1.5940,2,TRACK,0,0
1789530544956,33439.492,23.8,1.5940,3,LOCK,0,1
1789530544966,33412.887,11.9,1.5932,3,LOCK,0,1
1789530544976,33399.602,-23.8,1.5940,3,LOCK,0,1
1789530544986,33412.887,83.3,1.5932,2,TRACK,0,0
1789530544996,33399.602,-23.8,1.5932,3,LOCK,0,1
1789530545006,33412.887,-35.7,1.5932,3,LOCK,0,1
1789530545016,33399.602,0.0,1.5932,3,LOCK,0,1
1789530545026,33399.602,-23.8,1.5932,3,LOCK,0,1
1789530545037,33399.602,35.7,1.5932,3,LOCK,0,1
1789530545047,33412.887,23.8,1.5940,3,LOCK,0,1
1789530545057,33373.062,-47.6,1.5940,3,LOCK,0,1
1789530545067,33412.887,-35.7,1.5940,3,LOCK,0,1
1789530545077,33426.184,0.0,1.5940,3,LOCK,0,1
1789530545087,33373.062,-95.2,1.5948,2,TRACK,0,0
1789530545097,33426.184,11.9,1.5948,3,LOCK,0,1
1789530545107,33386.328,-47.6,1.5948,3,LOCK,0,1
1789530545117,33426.184,23.8,1.5948,3,LOCK,0,1
1789530545127,33399.602,-23.8,1.5948,3,LOCK,0,1
1789530545137,33412.887,0.0,1.5948,3,LOCK,0,1
1789530545147,33373.062,-35.7,1.5948,3,LOCK,0,1
1789530545157,33412.887,0.0,1.5948,3,LOCK,0,1
1789530545167,33412.887,-23.8,1.5948,3,LOCK,0,1
1789530545177,33399.602,35.7,1.5948,3,LOCK,0,1
1789530545187,33399.602,11.9,1.5956,3,LOCK,0,1
1789530545197,33399.602,-11.9,1.5956,3,LOCK,0,1
1789530545207,33399.602,11.9,1.5956,3,LOCK,0,1
1789530545217,33412.887,-11.9,1.5956,3,LOCK,0,1
1789530545227,33399.602,35.7,1.5956,3,LOCK,0,1
1789530545237,33399.602,-35.7,1.5956,3,LOCK,0,1
1789530545247,33426.184,35.7,1.5956,3,LOCK,0,1
1789530545257,33452.809,23.8,1.5956,3,LOCK,0,1
1789530545267,33399.602,-11.9,1.5956,3,LOCK,0,1
1789530545277,33412.887,35.7,1.5964,3,LOCK,0,1
1789530545287,33386.328,0.0,1.5964,3,LOCK,0,1
1789530545297,33994.336,750.0,1.6504,1,WAIT ZCD,1,0
1789530545307,33980.582,750.0,1.6504,1,WAIT ZCD,1,0
1789530545317,33994.336,750.0,1.6504,1,WAIT ZCD,1,0
1789530545327,33994.336,750.0,1.6504,1,WAIT ZCD,1,0
1789530545337,33994.336,750.0,1.6504,1,WAIT ZCD,1,0
1789530545347,33994.336,750.0,1.6504,1,WAIT ZCD,1,0
1789530545357,33980.582,750.0,1.6504,1,WAIT ZCD,1,0
1789530545367,33994.336,750.0,1.6504,1,WAIT ZCD,1,0
1789530545377,33994.336,750.0,1.6504,1,WAIT ZCD,1,0
1789530545387,33966.844,750.0,1.6504,1,WAIT ZCD,1,0
1789530545397,33980.582,750.0,1.6504,1,WAIT ZCD,1,0
1789530545407,33980.582,750.0,1.6504,1,WAIT ZCD,1,0
1789530545417,33980.582,750.0,1.6504,1,WAIT ZCD,1,0
1789530545427,33980.582,750.0,1.6504,1,WAIT ZCD,1,0
1789530545437,33980.582,750.0,1.6504,1,WAIT ZCD,1,0
1789530545447,33994.336,750.0,1.6504,1,WAIT ZCD,1,0
1789530545457,33994.336,750.0,1.6504,1,WAIT ZCD,1,0
1789530545467,33994.336,750.0,1.6504,1,WAIT ZCD,1,0
1789530545477,33980.582,750.0,1.6504,1,WAIT ZCD,1,0
1789530545487,33966.844,750.0,1.6504,1,WAIT ZCD,1,0
1789530545497,33994.336,750.0,1.6504,1,WAIT ZCD,1,0
1789530545507,33966.844,750.0,1.6504,1,WAIT ZCD,1,0
1789530545517,34008.098,750.0,1.6504,1,WAIT ZCD,1,0
1789530545527,33980.582,750.0,1.6504,1,WAIT ZCD,1,0
1789530545537,33966.844,750.0,1.6504,1,WAIT ZCD,1,0
1789530545547,33966.844,750.0,1.6504,1,WAIT ZCD,1,0
1789530545557,33980.582,750.0,1.6504,1,WAIT ZCD,1,0
1789530545567,33994.336,750.0,1.6504,1,WAIT ZCD,1,0
1789530545577,33980.582,750.0,1.6504,1,WAIT ZCD,1,0
1789530545587,33966.844,750.0,1.6504,1,WAIT ZCD,1,0
1789530545597,33966.844,750.0,1.6504,1,WAIT ZCD,1,0
1789530545607,33994.336,750.0,1.6504,1,WAIT ZCD,1,0
1789530545617,33994.336,750.0,1.6504,1,WAIT ZCD,1,0
1789530545627,33994.336,750.0,1.6504,1,WAIT ZCD,1,0
1789530545637,33980.582,750.0,1.6504,1,WAIT ZCD,1,0
1789530545647,33980.582,750.0,1.6504,1,WAIT ZCD,1,0
1789530545657,33980.582,750.0,1.6504,1,WAIT ZCD,1,0
1789530545667,33994.336,750.0,1.6504,1,WAIT ZCD,1,0
1789530545677,33966.844,750.0,1.6504,1,WAIT ZCD,1,0
1789530545687,34008.098,750.0,1.6504,1,WAIT ZCD,1,0
1789530545697,33966.844,750.0,1.6504,1,WAIT ZCD,1,0
1789530545707,33980.582,750.0,1.6504,1,WAIT ZCD,1,0
1789530545717,33980.582,750.0,1.6504,1,WAIT ZCD,1,0
1789530545727,33980.582,750.0,1.6504,1,WAIT ZCD,1,0
1789530545737,34008.098,750.0,1.6504,1,WAIT ZCD,1,0
1789530545747,33980.582,750.0,1.6504,1,WAIT ZCD,1,0
1789530545757,33994.336,750.0,1.6504,1,WAIT ZCD,1,0
1789530545767,33980.582,750.0,1.6504,1,WAIT ZCD,1,0
1789530545777,33994.336,750.0,1.6504,1,WAIT ZCD,1,0
1789530545787,33994.336,750.0,1.6504,1,WAIT ZCD,1,0
1789530545797,33980.582,750.0,1.6504,1,WAIT ZCD,1,0
1789530545807,33994.336,750.0,1.6504,1,WAIT ZCD,1,0
1789530545817,33994.336,750.0,1.6504,1,WAIT ZCD,1,0
1789530545827,33980.582,750.0,1.6504,1,WAIT ZCD,1,0
1789530545837,33980.582,750.0,1.6504,1,WAIT ZCD,1,0
1789530545847,33994.336,750.0,1.6504,1,WAIT ZCD,1,0
1789530545857,33994.336,750.0,1.6504,1,WAIT ZCD,1,0
1789530545867,34008.098,750.0,1.6504,1,WAIT ZCD,1,0
1789530545877,33980.582,750.0,1.6504,1,WAIT ZCD,1,0
1789530545887,34008.098,750.0,1.6504,1,WAIT ZCD,1,0
1789530545897,33980.582,750.0,1.6504,1,WAIT ZCD,1,0
1789530545907,33953.113,750.0,1.6504,1,WAIT ZCD,1,0
1789530545917,33994.336,750.0,1.6504,1,WAIT ZCD,1,0
1789530545927,33980.582,750.0,1.6504,1,WAIT ZCD,1,0
1789530545937,33966.844,750.0,1.6504,1,WAIT ZCD,1,0
1789530545947,33980.582,750.0,1.6504,1,WAIT ZCD,1,0
1789530545957,34008.098,750.0,1.6504,1,WAIT ZCD,1,0
1789530545967,33980.582,750.0,1.6504,1,WAIT ZCD,1,0
1789530545977,33994.336,750.0,1.6504,1,WAIT ZCD,1,0
1789530545987,33966.844,750.0,1.6504,1,WAIT ZCD,1,0
1789530545997,33994.336,750.0,1.6504,1,WAIT ZCD,1,0
1789530546007,33980.582,750.0,1.6504,1,WAIT ZCD,1,0
1789530546017,34008.098,750.0,1.6504,1,WAIT ZCD,1,0
1789530546027,33994.336,750.0,1.6504,1,WAIT ZCD,1,0
1789530546037,33994.336,750.0,1.6504,1,WAIT ZCD,1,0
1789530546047,33980.582,750.0,1.6504,1,WAIT ZCD,1,0
1789530546057,33980.582,750.0,1.6504,1,WAIT ZCD,1,0
1789530546067,33994.336,750.0,1.6504,1,WAIT ZCD,1,0
1789530546077,33980.582,750.0,1.6504,1,WAIT ZCD,1,0
1789530546087,33994.336,750.0,1.6504,1,WAIT ZCD,1,0
1789530546097,33966.844,750.0,1.6504,1,WAIT ZCD,1,0
1789530546107,34008.098,750.0,1.6504,1,WAIT ZCD,1,0
1789530546117,33994.336,750.0,1.6504,1,WAIT ZCD,1,0
1789530546127,33953.113,750.0,1.6504,1,WAIT ZCD,1,0
1789530546137,34008.098,750.0,1.6504,1,WAIT ZCD,1,0
1789530546147,33994.336,750.0,1.6504,1,WAIT ZCD,1,0
1789530546157,34008.098,750.0,1.6504,1,WAIT ZCD,1,0
1789530546167,33966.844,750.0,1.6504,1,WAIT ZCD,1,0
1789530546177,34008.098,750.0,1.6504,1,WAIT ZCD,1,0
1789530546187,33966.844,750.0,1.6504,1,WAIT ZCD,1,0
1789530546197,33994.336,750.0,1.6504,1,WAIT ZCD,1,0
1789530546207,33980.582,750.0,1.6504,1,WAIT ZCD,1,0
1789530546217,33980.582,750.0,1.6504,1,WAIT ZCD,1,0
1789530546227,33966.844,750.0,1.6504,1,WAIT ZCD,1,0
1789530546237,34008.098,750.0,1.6504,1,WAIT ZCD,1,0
1789530546247,33994.336,750.0,1.6504,1,WAIT ZCD,1,0
1789530546257,33980.582,750.0,1.6504,1,WAIT ZCD,1,0
1789530546267,34008.098,750.0,1.6504,1,WAIT ZCD,1,0
1789530546277,33966.844,750.0,1.6504,1,WAIT ZCD,1,0
1789530546287,33994.336,750.0,1.6504,1,WAIT ZCD,1,0
1789530546297,33439.492,916.7,1.6367,2,TRACK,0,0
1789530546307,33452.809,523.8,1.6262,2,TRACK,0,0
1789530546317,33439.492,404.8,1.6166,2,TRACK,0,0
1789530546327,33439.492,238.1,1.6101,2,TRACK,0,0
1789530546337,33426.184,142.9,1.6053,2,TRACK,0,0
1789530546347,33426.184,154.8,1.6029,2,TRACK,0,0
1789530546357,33412.887,131.0,1.5996,2,TRACK,0,0
1789530546367,33412.887,95.2,1.5980,2,TRACK,0,0
1789530546377,33373.062,59.5,1.5964,3,LOCK,0,1
1789530546387,33412.887,47.6,1.5956,3,LOCK,0,1
1789530546397,33399.602,-35.7,1.5948,3,LOCK,0,1
1789530546407,33386.328,47.6,1.5948,3,LOCK,0,1
1789530546417,33399.602,-11.9,1.5940,3,LOCK,0,1
1789530546427,33412.887,-35.7,1.5940,3,LOCK,0,1
1789530546437,33412.887,59.5,1.5940,3,LOCK,0,1
1789530546447,33399.602,-35.7,1.5940,3,LOCK,0,1
1789530546457,33412.887,47.6,1.5940,3,LOCK,0,1
1789530546467,33412.887,59.5,1.5948,3,LOCK,0,1
1789530546477,33386.328,-35.7,1.5940,3,LOCK,0,1
1789530546487,33386.328,11.9,1.5940,3,LOCK,0,1
1789530546497,33412.887,-11.9,1.5940,3,LOCK,0,1
1789530546507,33399.602,23.8,1.5948,3,LOCK,0,1
1789530546517,33412.887,11.9,1.5940,3,LOCK,0,1
1789530546527,33412.887,-23.8,1.5948,3,LOCK,0,1
1789530546537,33399.602,-35.7,1.5948,3,LOCK,0,1
1789530546547,33426.184,-11.9,1.5948,3,LOCK,0,1
1789530546557,33412.887,-23.8,1.5948,3,LOCK,0,1
1789530546567,33399.602,-11.9,1.5948,3,LOCK,0,1
1789530546577,33399.602,-47.6,1.5948,3,LOCK,0,1
1789530546587,33399.602,-23.8,1.5956,3,LOCK,0,1
1789530546597,33412.887,-35.7,1.5956,3,LOCK,0,1
1789530546607,33386.328,-11.9,1.5956,3,LOCK,0,1
1789530546617,33412.887,71.4,1.5956,2,TRACK,0,0
1789530546628,33386.328,-59.5,1.5964,3,LOCK,0,1
1789530546637,33412.887,11.9,1.5956,3,LOCK,0,1
1789530546647,33399.602,35.7,1.5956,3,LOCK,0,1
1789530546657,33399.602,-47.6,1.5956,3,LOCK,0,1
1789530546667,33426.184,0.0,1.5956,3,LOCK,0,1
1789530546677,33399.602,-23.8,1.5956,3,LOCK,0,1
1789530546687,33386.328,-11.9,1.5956,3,LOCK,0,1
1789530546697,33412.887,11.9,1.5956,3,LOCK,0,1
1789530546707,33386.328,0.0,1.5956,3,LOCK,0,1
1789530546717,33412.887,35.7,1.5956,3,LOCK,0,1
1789530546727,33439.492,0.0,1.5956,3,LOCK,0,1
1789530546737,33386.328,-59.5,1.5956,3,LOCK,0,1
1789530546747,33721.398,916.7,1.5811,1,WAIT ZCD,1,0
1789530546757,33994.336,916.7,1.6504,1,WAIT ZCD,1,0
1789530546767,33980.582,916.7,1.6504,1,WAIT ZCD,1,0
1789530546777,34008.098,916.7,1.6504,1,WAIT ZCD,1,0
1789530546787,33994.336,916.7,1.6504,1,WAIT ZCD,1,0
1789530546797,33980.582,916.7,1.6504,1,WAIT ZCD,1,0
1789530546807,33980.582,916.7,1.6504,1,WAIT ZCD,1,0
1789530546817,33966.844,916.7,1.6504,1,WAIT ZCD,1,0
1789530546827,33966.844,916.7,1.6504,1,WAIT ZCD,1,0
1789530546837,33980.582,916.7,1.6504,1,WAIT ZCD,1,0
1789530546847,33994.336,916.7,1.6504,1,WAIT ZCD,1,0
1789530546857,33966.844,916.7,1.6504,1,WAIT ZCD,1,0
1789530546867,33994.336,916.7,1.6504,1,WAIT ZCD,1,0
1789530546877,33994.336,916.7,1.6504,1,WAIT ZCD,1,0
1789530546887,33980.582,916.7,1.6504,1,WAIT ZCD,1,0
1789530546897,33980.582,916.7,1.6504,1,WAIT ZCD,1,0
1789530546906,33994.336,916.7,1.6504,1,WAIT ZCD,1,0
1789530546916,33980.582,916.7,1.6504,1,WAIT ZCD,1,0
1789530546927,33966.844,916.7,1.6504,1,WAIT ZCD,1,0
1789530546937,33966.844,916.7,1.6504,1,WAIT ZCD,1,0
1789530546947,33966.844,916.7,1.6504,1,WAIT ZCD,1,0
1789530546957,33980.582,916.7,1.6504,1,WAIT ZCD,1,0
1789530546967,33980.582,916.7,1.6504,1,WAIT ZCD,1,0
1789530546976,33980.582,916.7,1.6504,1,WAIT ZCD,1,0
1789530546987,33994.336,916.7,1.6504,1,WAIT ZCD,1,0
1789530546996,33980.582,916.7,1.6504,1,WAIT ZCD,1,0
1789530547007,33994.336,916.7,1.6504,1,WAIT ZCD,1,0
1789530547017,33994.336,916.7,1.6504,1,WAIT ZCD,1,0
1789530547027,33980.582,916.7,1.6504,1,WAIT ZCD,1,0
1789530547037,33980.582,916.7,1.6504,1,WAIT ZCD,1,0
1789530547047,33980.582,916.7,1.6504,1,WAIT ZCD,1,0
1789530547057,33994.336,916.7,1.6504,1,WAIT ZCD,1,0
1789530547067,33994.336,916.7,1.6504,1,WAIT ZCD,1,0
1789530547076,33966.844,916.7,1.6504,1,WAIT ZCD,1,0
1789530547087,33980.582,916.7,1.6504,1,WAIT ZCD,1,0
1789530547097,33994.336,916.7,1.6504,1,WAIT ZCD,1,0
1789530547106,33980.582,916.7,1.6504,1,WAIT ZCD,1,0
1789530547117,33966.844,916.7,1.6504,1,WAIT ZCD,1,0
1789530547126,33980.582,916.7,1.6504,1,WAIT ZCD,1,0
1789530547136,33994.336,916.7,1.6504,1,WAIT ZCD,1,0
1789530547147,33994.336,916.7,1.6504,1,WAIT ZCD,1,0
1789530547157,33966.844,916.7,1.6504,1,WAIT ZCD,1,0
1789530547167,33980.582,916.7,1.6504,1,WAIT ZCD,1,0
1789530547176,33980.582,916.7,1.6504,1,WAIT ZCD,1,0
1789530547187,33966.844,916.7,1.6504,1,WAIT ZCD,1,0
1789530547197,33994.336,916.7,1.6504,1,WAIT ZCD,1,0
1789530547207,33980.582,916.7,1.6504,1,WAIT ZCD,1,0
1789530547216,33994.336,916.7,1.6504,1,WAIT ZCD,1,0
1789530547226,33994.336,916.7,1.6504,1,WAIT ZCD,1,0
1789530547236,33980.582,916.7,1.6504,1,WAIT ZCD,1,0
1789530547246,33966.844,916.7,1.6504,1,WAIT ZCD,1,0
1789530547257,34008.098,916.7,1.6504,1,WAIT ZCD,1,0
1789530547267,33966.844,916.7,1.6504,1,WAIT ZCD,1,0
1789530547277,33980.582,916.7,1.6504,1,WAIT ZCD,1,0
1789530547287,33980.582,916.7,1.6504,1,WAIT ZCD,1,0
1789530547297,33994.336,916.7,1.6504,1,WAIT ZCD,1,0
1789530547307,33980.582,916.7,1.6504,1,WAIT ZCD,1,0
1789530547317,33994.336,916.7,1.6504,1,WAIT ZCD,1,0
1789530547326,33980.582,916.7,1.6504,1,WAIT ZCD,1,0
1789530547337,33994.336,916.7,1.6504,1,WAIT ZCD,1,0
1789530547347,33980.582,916.7,1.6504,1,WAIT ZCD,1,0
1789530547357,33980.582,916.7,1.6504,1,WAIT ZCD,1,0
1789530547367,33966.844,916.7,1.6504,1,WAIT ZCD,1,0
1789530547376,33980.582,916.7,1.6504,1,WAIT ZCD,1,0
1789530547386,33966.844,916.7,1.6504,1,WAIT ZCD,1,0
1789530547396,33980.582,916.7,1.6504,1,WAIT ZCD,1,0
1789530547407,33939.395,916.7,1.6504,1,WAIT ZCD,1,0
1789530547416,33994.336,916.7,1.6504,1,WAIT ZCD,1,0
1789530547426,33939.395,916.7,1.6504,1,WAIT ZCD,1,0
1789530547437,33980.582,916.7,1.6504,1,WAIT ZCD,1,0
1789530547447,33966.844,916.7,1.6504,1,WAIT ZCD,1,0
1789530547457,33980.582,916.7,1.6504,1,WAIT ZCD,1,0
1789530547467,33980.582,916.7,1.6504,1,WAIT ZCD,1,0
1789530547476,33980.582,916.7,1.6504,1,WAIT ZCD,1,0
1789530547487,33980.582,916.7,1.6504,1,WAIT ZCD,1,0
1789530547496,33966.844,916.7,1.6504,1,WAIT ZCD,1,0
1789530547507,33966.844,916.7,1.6504,1,WAIT ZCD,1,0
1789530547517,33994.336,916.7,1.6504,1,WAIT ZCD,1,0
1789530547527,33980.582,916.7,1.6504,1,WAIT ZCD,1,0
1789530547536,33980.582,916.7,1.6504,1,WAIT ZCD,1,0
1789530547547,33994.336,916.7,1.6504,1,WAIT ZCD,1,0
1789530547557,33966.844,916.7,1.6504,1,WAIT ZCD,1,0
1789530547567,33966.844,916.7,1.6504,1,WAIT ZCD,1,0
1789530547576,33966.844,916.7,1.6504,1,WAIT ZCD,1,0
1789530547586,33994.336,916.7,1.6504,1,WAIT ZCD,1,0
1789530547596,33994.336,916.7,1.6504,1,WAIT ZCD,1,0
1789530547607,33980.582,916.7,1.6504,1,WAIT ZCD,1,0
1789530547617,33980.582,916.7,1.6504,1,WAIT ZCD,1,0
1789530547626,33980.582,916.7,1.6504,1,WAIT ZCD,1,0
1789530547637,33966.844,916.7,1.6504,1,WAIT ZCD,1,0
1789530547647,33966.844,916.7,1.6504,1,WAIT ZCD,1,0
1789530547656,33980.582,916.7,1.6504,1,WAIT ZCD,1,0
1789530547667,33966.844,916.7,1.6504,1,WAIT ZCD,1,0
1789530547676,33980.582,916.7,1.6504,1,WAIT ZCD,1,0
1789530547687,33966.844,916.7,1.6504,1,WAIT ZCD,1,0
1789530547697,33994.336,916.7,1.6504,1,WAIT ZCD,1,0
1789530547707,33980.582,916.7,1.6504,1,WAIT ZCD,1,0
1789530547717,33994.336,916.7,1.6504,1,WAIT ZCD,1,0
1789530547727,34008.098,916.7,1.6504,1,WAIT ZCD,1,0
1789530547737,33966.844,916.7,1.6504,1,WAIT ZCD,1,0
1789530547747,33359.809,2273.8,1.6222,2,TRACK,0,0
1789530547756,33426.184,440.5,1.6190,2,TRACK,0,0
1789530547767,33439.492,297.6,1.6125,2,TRACK,0,0
1789530547777,33412.887,178.6,1.6077,2,TRACK,0,0
1789530547787,33412.887,154.8,1.6037,2,TRACK,0,0
1789530547796,33399.602,142.9,1.6004,2,TRACK,0,0
1789530547807,33412.887,95.2,1.5988,2,TRACK,0,0
1789530547817,33412.887,47.6,1.5972,3,LOCK,0,1
1789530547827,33426.184,71.4,1.5964,2,TRACK,0,0
1789530547837,33386.328,71.4,1.5948,2,TRACK,0,0
1789530547846,33386.328,23.8,1.5948,3,LOCK,0,1
1789530547857,33399.602,35.7,1.5932,3,LOCK,0,1
1789530547867,33399.602,59.5,1.5940,3,LOCK,0,1
1789530547876,33412.887,-23.8,1.5932,3,LOCK,0,1
1789530547887,33386.328,-47.6,1.5932,3,LOCK,0,1
1789530547896,33399.602,-23.8,1.5932,3,LOCK,0,1
1789530547907,33399.602,-35.7,1.5932,3,LOCK,0,1
1789530547917,33399.602,0.0,1.5932,3,LOCK,0,1
1789530547927,33399.602,83.3,1.5924,2,TRACK,0,0
1789530547937,33439.492,35.7,1.5932,3,LOCK,0,1
1789530547946,33399.602,23.8,1.5932,3,LOCK,0,1
1789530547957,33412.887,11.9,1.5932,3,LOCK,0,1
1789530547967,33399.602,35.7,1.5932,3,LOCK,0,1
1789530547977,33412.887,11.9,1.5932,3,LOCK,0,1
1789530547986,33399.602,0.0,1.5932,3,LOCK,0,1
1789530547996,33386.328,35.7,1.5924,3,LOCK,0,1
1789530548006,33399.602,-11.9,1.5924,3,LOCK,0,1
1789530548017,33386.328,-47.6,1.5932,3,LOCK,0,1
1789530548027,33373.062,0.0,1.5932,3,LOCK,0,1
1789530548036,33399.602,-47.6,1.5940,3,LOCK,0,1
1789530548047,33399.602,-71.4,1.5940,2,TRACK,0,0
1789530548056,33412.887,-11.9,1.5940,3,LOCK,0,1
1789530548068,33412.887,0.0,1.5948,3,LOCK,0,1
1789530548077,33386.328,11.9,1.5948,3,LOCK,0,1
1789530548087,33399.602,-83.3,1.5948,2,TRACK,0,0
1789530548098,33399.602,-11.9,1.5956,3,LOCK,0,1
1789530548107,33386.328,-35.7,1.5956,3,LOCK,0,1
1789530548118,33386.328,-35.7,1.5956,3,LOCK,0,1
1789530548128,33399.602,-47.6,1.5948,3,LOCK,0,1
1789530548137,33412.887,11.9,1.5948,3,LOCK,0,1
1789530548147,33412.887,-35.7,1.5956,3,LOCK,0,1
1789530548157,33386.328,0.0,1.5964,3,LOCK,0,1
1789530548167,33426.184,11.9,1.5964,3,LOCK,0,1
1789530548178,33373.062,23.8,1.5948,3,LOCK,0,1
1789530548188,33426.184,47.6,1.5948,3,LOCK,0,1
1789530548197,33707.863,2273.8,1.6504,1,WAIT ZCD,1,0
1789530548207,33966.844,2273.8,1.6504,1,WAIT ZCD,1,0
1789530548218,33966.844,2273.8,1.6504,1,WAIT ZCD,1,0
1789530548228,33980.582,2273.8,1.6504,1,WAIT ZCD,1,0
1789530548237,33980.582,2273.8,1.6504,1,WAIT ZCD,1,0
1789530548247,33994.336,2273.8,1.6504,1,WAIT ZCD,1,0
1789530548258,33980.582,2273.8,1.6504,1,WAIT ZCD,1,0
1789530548268,33980.582,2273.8,1.6504,1,WAIT ZCD,1,0
1789530548277,33980.582,2273.8,1.6504,1,WAIT ZCD,1,0
1789530548287,33980.582,2273.8,1.6504,1,WAIT ZCD,1,0
1789530548297,33966.844,2273.8,1.6504,1,WAIT ZCD,1,0
1789530548307,33994.336,2273.8,1.6504,1,WAIT ZCD,1,0
1789530548318,33966.844,2273.8,1.6504,1,WAIT ZCD,1,0
1789530548327,33953.113,2273.8,1.6504,1,WAIT ZCD,1,0
1789530548338,33980.582,2273.8,1.6504,1,WAIT ZCD,1,0
1789530548347,33980.582,2273.8,1.6504,1,WAIT ZCD,1,0
1789530548357,33980.582,2273.8,1.6504,1,WAIT ZCD,1,0
1789530548368,33953.113,2273.8,1.6504,1,WAIT ZCD,1,0
1789530548377,33980.582,2273.8,1.6504,1,WAIT ZCD,1,0
1789530548387,33953.113,2273.8,1.6504,1,WAIT ZCD,1,0
1789530548397,33994.336,2273.8,1.6504,1,WAIT ZCD,1,0
1789530548408,33980.582,2273.8,1.6504,1,WAIT ZCD,1,0
1789530548418,33994.336,2273.8,1.6504,1,WAIT ZCD,1,0
1789530548427,33980.582,2273.8,1.6504,1,WAIT ZCD,1,0
1789530548438,33980.582,2273.8,1.6504,1,WAIT ZCD,1,0
1789530548447,33966.844,2273.8,1.6504,1,WAIT ZCD,1,0
1789530548457,33980.582,2273.8,1.6504,1,WAIT ZCD,1,0
1789530548468,33966.844,2273.8,1.6504,1,WAIT ZCD,1,0
1789530548477,33980.582,2273.8,1.6504,1,WAIT ZCD,1,0
1789530548487,33980.582,2273.8,1.6504,1,WAIT ZCD,1,0
1789530548497,33980.582,2273.8,1.6504,1,WAIT ZCD,1,0
1789530548507,34021.871,2273.8,1.6504,1,WAIT ZCD,1,0
1789530548518,33966.844,2273.8,1.6504,1,WAIT ZCD,1,0
1789530548527,33994.336,2273.8,1.6504,1,WAIT ZCD,1,0
1789530548537,33980.582,2273.8,1.6504,1,WAIT ZCD,1,0
1789530548548,33980.582,2273.8,1.6504,1,WAIT ZCD,1,0
1789530548557,33966.844,2273.8,1.6504,1,WAIT ZCD,1,0
1789530548568,33980.582,2273.8,1.6504,1,WAIT ZCD,1,0
1789530548577,33966.844,2273.8,1.6504,1,WAIT ZCD,1,0
1789530548588,33994.336,2273.8,1.6504,1,WAIT ZCD,1,0
1789530548597,33980.582,2273.8,1.6504,1,WAIT ZCD,1,0
1789530548608,33980.582,2273.8,1.6504,1,WAIT ZCD,1,0
1789530548618,33994.336,2273.8,1.6504,1,WAIT ZCD,1,0
1789530548627,33994.336,2273.8,1.6504,1,WAIT ZCD,1,0
1789530548638,33994.336,2273.8,1.6504,1,WAIT ZCD,1,0
1789530548648,33980.582,2273.8,1.6504,1,WAIT ZCD,1,0
1789530548658,33980.582,2273.8,1.6504,1,WAIT ZCD,1,0
1789530548668,33980.582,2273.8,1.6504,1,WAIT ZCD,1,0
1789530548677,33994.336,2273.8,1.6504,1,WAIT ZCD,1,0
1789530548687,33980.582,2273.8,1.6504,1,WAIT ZCD,1,0
1789530548698,33980.582,2273.8,1.6504,1,WAIT ZCD,1,0
1789530548708,33966.844,2273.8,1.6504,1,WAIT ZCD,1,0
1789530548717,33980.582,2273.8,1.6504,1,WAIT ZCD,1,0
1789530548727,33994.336,2273.8,1.6504,1,WAIT ZCD,1,0
1789530548737,33966.844,2273.8,1.6504,1,WAIT ZCD,1,0
1789530548747,33966.844,2273.8,1.6504,1,WAIT ZCD,1,0
1789530548757,33994.336,2273.8,1.6504,1,WAIT ZCD,1,0
1789530548768,33980.582,2273.8,1.6504,1,WAIT ZCD,1,0
1789530548777,33980.582,2273.8,1.6504,1,WAIT ZCD,1,0
1789530548787,33966.844,2273.8,1.6504,1,WAIT ZCD,1,0
1789530548798,33994.336,2273.8,1.6504,1,WAIT ZCD,1,0
1789530548807,33994.336,2273.8,1.6504,1,WAIT ZCD,1,0
1789530548818,33953.113,2273.8,1.6504,1,WAIT ZCD,1,0
1789530548827,33980.582,2273.8,1.6504,1,WAIT ZCD,1,0
1789530548837,33966.844,2273.8,1.6504,1,WAIT ZCD,1,0
1789530548848,33980.582,2273.8,1.6504,1,WAIT ZCD,1,0
1789530548858,33980.582,2273.8,1.6504,1,WAIT ZCD,1,0
1789530548868,33980.582,2273.8,1.6504,1,WAIT ZCD,1,0
1789530548877,34008.098,2273.8,1.6504,1,WAIT ZCD,1,0
1789530548887,33994.336,2273.8,1.6504,1,WAIT ZCD,1,0
1789530548898,33980.582,2273.8,1.6504,1,WAIT ZCD,1,0
1789530548908,33980.582,2273.8,1.6504,1,WAIT ZCD,1,0
1789530548918,33994.336,2273.8,1.6504,1,WAIT ZCD,1,0
1789530548927,33980.582,2273.8,1.6504,1,WAIT ZCD,1,0
1789530548937,34008.098,2273.8,1.6504,1,WAIT ZCD,1,0
1789530548948,33994.336,2273.8,1.6504,1,WAIT ZCD,1,0
1789530548957,33980.582,2273.8,1.6504,1,WAIT ZCD,1,0
1789530548967,33994.336,2273.8,1.6504,1,WAIT ZCD,1,0
1789530548978,33994.336,2273.8,1.6504,1,WAIT ZCD,1,0
1789530548987,33966.844,2273.8,1.6504,1,WAIT ZCD,1,0
1789530548998,34008.098,2273.8,1.6504,1,WAIT ZCD,1,0
1789530549007,33966.844,2273.8,1.6504,1,WAIT ZCD,1,0
1789530549017,33980.582,2273.8,1.6504,1,WAIT ZCD,1,0
1789530549027,33980.582,2273.8,1.6504,1,WAIT ZCD,1,0
1789530549037,33966.844,2273.8,1.6504,1,WAIT ZCD,1,0
1789530549047,33980.582,2273.8,1.6504,1,WAIT ZCD,1,0
1789530549057,33966.844,2273.8,1.6504,1,WAIT ZCD,1,0
1789530549068,33966.844,2273.8,1.6504,1,WAIT ZCD,1,0
1789530549077,33980.582,2273.8,1.6504,1,WAIT ZCD,1,0
1789530549087,33994.336,2273.8,1.6504,1,WAIT ZCD,1,0
1789530549097,33980.582,2273.8,1.6504,1,WAIT ZCD,1,0
1789530549107,34008.098,2273.8,1.6504,1,WAIT ZCD,1,0
1789530549117,33980.582,2273.8,1.6504,1,WAIT ZCD,1,0
1789530549127,33980.582,2273.8,1.6504,1,WAIT ZCD,1,0
1789530549137,33994.336,2273.8,1.6504,1,WAIT ZCD,1,0
1789530549147,33980.582,2273.8,1.6504,1,WAIT ZCD,1,0
1789530549157,33980.582,2273.8,1.6504,1,WAIT ZCD,1,0
1789530549168,34008.098,2273.8,1.6504,1,WAIT ZCD,1,0
1789530549177,33980.582,2273.8,1.6504,1,WAIT ZCD,1,0
1789530549187,33994.336,2273.8,1.6504,1,WAIT ZCD,1,0
1789530549197,33546.324,3940.5,1.6504,2,TRACK,0,0
1789530549207,33466.137,511.9,1.6286,2,TRACK,0,0
1789530549217,33466.137,428.6,1.6190,2,TRACK,0,0
1789530549227,33426.184,309.5,1.6125,2,TRACK,0,0
1789530549237,33426.184,250.0,1.6069,2,TRACK,0,0
1789530549248,33426.184,214.3,1.6037,2,TRACK,0,0
1789530549258,33412.887,95.2,1.6012,2,TRACK,0,0
1789530549267,33386.328,83.3,1.5988,2,TRACK,0,0
1789530549277,33412.887,71.4,1.5972,2,TRACK,0,0
1789530549287,33399.602,23.8,1.5964,3,LOCK,0,1
1789530549297,33412.887,119.0,1.5948,2,TRACK,0,0
1789530549307,33412.887,131.0,1.5948,2,TRACK,0,0
1789530549318,33399.602,83.3,1.5924,2,TRACK,0,0
1789530549328,33412.887,35.7,1.5932,3,LOCK,0,1
1789530549338,33399.602,-11.9,1.5932,3,LOCK,0,1
1789530549348,33426.184,11.9,1.5932,3,LOCK,0,1
1789530549357,33412.887,11.9,1.5932,3,LOCK,0,1
1789530549368,33386.328,-23.8,1.5932,3,LOCK,0,1
1789530549377,33386.328,-11.9,1.5932,3,LOCK,0,1
1789530549387,33386.328,35.7,1.5924,3,LOCK,0,1
1789530549397,33386.328,-23.8,1.5924,3,LOCK,0,1
1789530549407,33386.328,-23.8,1.5932,3,LOCK,0,1
1789530549418,33426.184,11.9,1.5932,3,LOCK,0,1
1789530549427,33386.328,-35.7,1.5924,3,LOCK,0,1
1789530549437,33399.602,-59.5,1.5932,3,LOCK,0,1
1789530549447,33399.602,59.5,1.5924,3,LOCK,0,1
1789530549457,33386.328,-35.7,1.5924,3,LOCK,0,1
1789530549468,33399.602,35.7,1.5932,3,LOCK,0,1
1789530549477,33399.602,-59.5,1.5932,3,LOCK,0,1
1789530549487,33426.184,119.0,1.5932,2,TRACK,0,0
1789530549497,33399.602,11.9,1.5940,3,LOCK,0,1
1789530549507,33426.184,71.4,1.5932,2,TRACK,0,0
1789530549517,33399.602,-11.9,1.5940,3,LOCK,0,1
1789530549527,33386.328,0.0,1.5940,3,LOCK,0,1
1789530549537,33426.184,11.9,1.5948,3,LOCK,0,1
1789530549547,33386.328,-23.8,1.5940,3,LOCK,0,1
1789530549557,33439.492,59.5,1.5948,3,LOCK,0,1
1789530549568,33386.328,-47.6,1.5948,3,LOCK,0,1
1789530549577,33412.887,0.0,1.5940,3,LOCK,0,1
1789530549587,33412.887,-35.7,1.5940,3,LOCK,0,1
1789530549597,33373.062,-11.9,1.5948,3,LOCK,0,1
1789530549607,33439.492,23.8,1.5948,3,LOCK,0,1
1789530549617,33359.809,-47.6,1.5956,3,LOCK,0,1
1789530549628,33412.887,47.6,1.5956,3,LOCK,0,1
1789530549641,33399.602,23.8,1.5956,3,LOCK,0,1
1789530549650,33994.336,3940.5,1.6504,1,WAIT ZCD,1,0
1789530549660,34008.098,3940.5,1.6504,1,WAIT ZCD,1,0
1789530549670,33980.582,3940.5,1.6504,1,WAIT ZCD,1,0
1789530549680,33966.844,3940.5,1.6504,1,WAIT ZCD,1,0
1789530549690,34008.098,3940.5,1.6504,1,WAIT ZCD,1,0
1789530549700,33980.582,3940.5,1.6504,1,WAIT ZCD,1,0
1789530549710,33994.336,3940.5,1.6504,1,WAIT ZCD,1,0
1789530549720,33966.844,3940.5,1.6504,1,WAIT ZCD,1,0
1789530549730,33994.336,3940.5,1.6504,1,WAIT ZCD,1,0
1789530549740,33980.582,3940.5,1.6504,1,WAIT ZCD,1,0
1789530549750,34008.098,3940.5,1.6504,1,WAIT ZCD,1,0
1789530549760,33980.582,3940.5,1.6504,1,WAIT ZCD,1,0
1789530549770,33980.582,3940.5,1.6504,1,WAIT ZCD,1,0
1789530549780,33994.336,3940.5,1.6504,1,WAIT ZCD,1,0
1789530549790,33994.336,3940.5,1.6504,1,WAIT ZCD,1,0
1789530549800,33966.844,3940.5,1.6504,1,WAIT ZCD,1,0
1789530549811,33994.336,3940.5,1.6504,1,WAIT ZCD,1,0
1789530549820,34008.098,3940.5,1.6504,1,WAIT ZCD,1,0
1789530549830,34008.098,3940.5,1.6504,1,WAIT ZCD,1,0
1789530549840,33994.336,3940.5,1.6504,1,WAIT ZCD,1,0
1789530549850,33994.336,3940.5,1.6504,1,WAIT ZCD,1,0
1789530549861,33966.844,3940.5,1.6504,1,WAIT ZCD,1,0
1789530549870,33994.336,3940.5,1.6504,1,WAIT ZCD,1,0
1789530549880,33980.582,3940.5,1.6504,1,WAIT ZCD,1,0
1789530549890,33994.336,3940.5,1.6504,1,WAIT ZCD,1,0
1789530549900,33980.582,3940.5,1.6504,1,WAIT ZCD,1,0
1789530549911,33953.113,3940.5,1.6504,1,WAIT ZCD,1,0
1789530549920,34008.098,3940.5,1.6504,1,WAIT ZCD,1,0
1789530549930,33980.582,3940.5,1.6504,1,WAIT ZCD,1,0
1789530549940,34008.098,3940.5,1.6504,1,WAIT ZCD,1,0
1789530549950,33980.582,3940.5,1.6504,1,WAIT ZCD,1,0
1789530549960,33994.336,3940.5,1.6504,1,WAIT ZCD,1,0
1789530549970,33980.582,3940.5,1.6504,1,WAIT ZCD,1,0
1789530549980,34008.098,3940.5,1.6504,1,WAIT ZCD,1,0
1789530549990,33980.582,3940.5,1.6504,1,WAIT ZCD,1,0
1789530550000,33994.336,3940.5,1.6504,1,WAIT ZCD,1,0
1789530550010,33994.336,3940.5,1.6504,1,WAIT ZCD,1,0
1789530550020,33994.336,3940.5,1.6504,1,WAIT ZCD,1,0
1789530550030,34008.098,3940.5,1.6504,1,WAIT ZCD,1,0
1789530550040,33980.582,3940.5,1.6504,1,WAIT ZCD,1,0
1789530550050,34021.871,3940.5,1.6504,1,WAIT ZCD,1,0
1789530550061,33980.582,3940.5,1.6504,1,WAIT ZCD,1,0
1789530550070,33994.336,3940.5,1.6504,1,WAIT ZCD,1,0
1789530550080,33980.582,3940.5,1.6504,1,WAIT ZCD,1,0
1789530550090,33994.336,3940.5,1.6504,1,WAIT ZCD,1,0
1789530550100,33994.336,3940.5,1.6504,1,WAIT ZCD,1,0
1789530550110,33966.844,3940.5,1.6504,1,WAIT ZCD,1,0
1789530550120,33994.336,3940.5,1.6504,1,WAIT ZCD,1,0
1789530550130,34021.871,3940.5,1.6504,1,WAIT ZCD,1,0
1789530550140,34008.098,3940.5,1.6504,1,WAIT ZCD,1,0
1789530550150,33966.844,3940.5,1.6504,1,WAIT ZCD,1,0
1789530550161,34008.098,3940.5,1.6504,1,WAIT ZCD,1,0
1789530550170,33980.582,3940.5,1.6504,1,WAIT ZCD,1,0
1789530550180,33994.336,3940.5,1.6504,1,WAIT ZCD,1,0
1789530550190,33966.844,3940.5,1.6504,1,WAIT ZCD,1,0
1789530550201,33980.582,3940.5,1.6504,1,WAIT ZCD,1,0
1789530550210,33980.582,3940.5,1.6504,1,WAIT ZCD,1,0
1789530550220,33994.336,3940.5,1.6504,1,WAIT ZCD,1,0
1789530550230,33966.844,3940.5,1.6504,1,WAIT ZCD,1,0
1789530550240,34021.871,3940.5,1.6504,1,WAIT ZCD,1,0
1789530550251,33994.336,3940.5,1.6504,1,WAIT ZCD,1,0
1789530550260,33980.582,3940.5,1.6504,1,WAIT ZCD,1,0
1789530550271,33953.113,3940.5,1.6504,1,WAIT ZCD,1,0
1789530550280,34008.098,3940.5,1.6504,1,WAIT ZCD,1,0
1789530550290,34008.098,3940.5,1.6504,1,WAIT ZCD,1,0
1789530550300,33994.336,3940.5,1.6504,1,WAIT ZCD,1,0
1789530550310,33980.582,3940.5,1.6504,1,WAIT ZCD,1,0
1789530550321,34008.098,3940.5,1.6504,1,WAIT ZCD,1,0
1789530550331,33994.336,3940.5,1.6504,1,WAIT ZCD,1,0
1789530550340,33980.582,3940.5,1.6504,1,WAIT ZCD,1,0
1789530550350,33980.582,3940.5,1.6504,1,WAIT ZCD,1,0
1789530550360,33994.336,3940.5,1.6504,1,WAIT ZCD,1,0
1789530550370,33966.844,3940.5,1.6504,1,WAIT ZCD,1,0
1789530550380,33994.336,3940.5,1.6504,1,WAIT ZCD,1,0
1789530550390,33994.336,3940.5,1.6504,1,WAIT ZCD,1,0
1789530550401,33994.336,3940.5,1.6504,1,WAIT ZCD,1,0
1789530550410,33994.336,3940.5,1.6504,1,WAIT ZCD,1,0
1789530550420,33994.336,3940.5,1.6504,1,WAIT ZCD,1,0
1789530550430,33994.336,3940.5,1.6504,1,WAIT ZCD,1,0
1789530550440,33994.336,3940.5,1.6504,1,WAIT ZCD,1,0
1789530550450,33994.336,3940.5,1.6504,1,WAIT ZCD,1,0
1789530550460,33994.336,3940.5,1.6504,1,WAIT ZCD,1,0
1789530550470,33980.582,3940.5,1.6504,1,WAIT ZCD,1,0
1789530550480,34008.098,3940.5,1.6504,1,WAIT ZCD,1,0
1789530550490,33980.582,3940.5,1.6504,1,WAIT ZCD,1,0
1789530550500,33966.844,3940.5,1.6504,1,WAIT ZCD,1,0
1789530550510,33994.336,3940.5,1.6504,1,WAIT ZCD,1,0
1789530550520,34008.098,3940.5,1.6504,1,WAIT ZCD,1,0
1789530550530,34008.098,3940.5,1.6504,1,WAIT ZCD,1,0
1789530550540,33966.844,3940.5,1.6504,1,WAIT ZCD,1,0
1789530550550,33994.336,3940.5,1.6504,1,WAIT ZCD,1,0
1789530550560,33980.582,3940.5,1.6504,1,WAIT ZCD,1,0
1789530550570,33994.336,3940.5,1.6504,1,WAIT ZCD,1,0
1789530550580,33994.336,3940.5,1.6504,1,WAIT ZCD,1,0
1789530550590,33980.582,3940.5,1.6504,1,WAIT ZCD,1,0
1789530550600,33994.336,3940.5,1.6504,1,WAIT ZCD,1,0
1789530550610,33980.582,3940.5,1.6504,1,WAIT ZCD,1,0
1789530550620,34008.098,3940.5,1.6504,1,WAIT ZCD,1,0
1789530550630,33994.336,3940.5,1.6504,1,WAIT ZCD,1,0
1789530550640,33980.582,3940.5,1.6504,1,WAIT ZCD,1,0
1789530550650,33452.809,726.2,1.6311,2,TRACK,0,0
1789530550660,33452.809,416.7,1.6214,2,TRACK,0,0
1789530550670,33426.184,404.8,1.6125,2,TRACK,0,0
1789530550680,33439.492,190.5,1.6077,2,TRACK,0,0
1789530550690,33426.184,178.6,1.6037,2,TRACK,0,0
1789530550700,33426.184,107.1,1.6012,2,TRACK,0,0
1789530550710,33439.492,107.1,1.5996,2,TRACK,0,0
1789530550720,33399.602,23.8,1.5980,3,LOCK,0,1
1789530550730,33412.887,83.3,1.5964,2,TRACK,0,0
1789530550740,33412.887,190.5,1.5956,2,TRACK,0,0
1789530550750,33399.602,47.6,1.5940,3,LOCK,0,1
1789530550760,33373.062,71.4,1.5932,2,TRACK,0,0
1789530550770,33399.602,-11.9,1.5932,3,LOCK,0,1
1789530550780,33412.887,-23.8,1.5924,3,LOCK,0,1
1789530550790,33399.602,-35.7,1.5924,3,LOCK,0,1
1789530550800,33439.492,-11.9,1.5924,3,LOCK,0,1
1789530550810,33412.887,-23.8,1.5924,3,LOCK,0,1
1789530550820,33399.602,-11.9,1.5924,3,LOCK,0,1
1789530550830,33412.887,47.6,1.5924,3,LOCK,0,1
1789530550840,33399.602,47.6,1.5916,3,LOCK,0,1
1789530550850,33399.602,-11.9,1.5924,3,LOCK,0,1
1789530550860,33386.328,-11.9,1.5924,3,LOCK,0,1
1789530550870,33386.328,-35.7,1.5924,3,LOCK,0,1
1789530550880,33386.328,-23.8,1.5924,3,LOCK,0,1
1789530550890,33386.328,-11.9,1.5932,3,LOCK,0,1
1789530550900,33399.602,-47.6,1.5924,3,LOCK,0,1
1789530550910,33426.184,47.6,1.5932,3,LOCK,0,1
1789530550920,33386.328,-47.6,1.5924,3,LOCK,0,1
1789530550931,33439.492,-35.7,1.5932,3,LOCK,0,1
1789530550940,33399.602,-59.5,1.5940,3,LOCK,0,1
1789530550950,33412.887,23.8,1.5940,3,LOCK,0,1
1789530550960,33412.887,0.0,1.5940,3,LOCK,0,1
1789530550970,33386.328,-23.8,1.5940,3,LOCK,0,1
1789530550980,33412.887,11.9,1.5948,3,LOCK,0,1
1789530550990,33412.887,0.0,1.5940,3,LOCK,0,1
1789530551001,33412.887,11.9,1.5948,3,LOCK,0,1
1789530551010,33399.602,-11.9,1.5948,3,LOCK,0,1
1789530551021,33426.184,23.8,1.5956,3,LOCK,0,1
1789530551030,33412.887,-23.8,1.5956,3,LOCK,0,1
1789530551040,33399.602,0.0,1.5956,3,LOCK,0,1
1789530551050,33386.328,23.8,1.5964,3,LOCK,0,1
1789530551060,33399.602,47.6,1.5964,3,LOCK,0,1
1789530551070,33412.887,35.7,1.5964,3,LOCK,0,1
1789530551080,33399.602,11.9,1.5956,3,LOCK,0,1
1789530551090,33359.809,-71.4,1.5964,2,TRACK,0,0
1789530551100,33721.398,726.2,1.5835,1,WAIT ZCD,1,0
1789530551110,33994.336,726.2,1.6504,1,WAIT ZCD,1,0
1789530551120,33994.336,726.2,1.6504,1,WAIT ZCD,1,0
1789530551130,33980.582,726.2,1.6504,1,WAIT ZCD,1,0
1789530551140,33966.844,726.2,1.6504,1,WAIT ZCD,1,0
1789530551150,33980.582,726.2,1.6504,1,WAIT ZCD,1,0
1789530551160,33966.844,726.2,1.6504,1,WAIT ZCD,1,0
1789530551170,33994.336,726.2,1.6504,1,WAIT ZCD,1,0
1789530551180,34008.098,726.2,1.6504,1,WAIT ZCD,1,0
1789530551190,33980.582,726.2,1.6504,1,WAIT ZCD,1,0
1789530551200,33953.113,726.2,1.6504,1,WAIT ZCD,1,0
1789530551210,33980.582,726.2,1.6504,1,WAIT ZCD,1,0
1789530551220,33994.336,726.2,1.6504,1,WAIT ZCD,1,0
1789530551230,33980.582,726.2,1.6504,1,WAIT ZCD,1,0
1789530551240,33994.336,726.2,1.6504,1,WAIT ZCD,1,0
1789530551250,33994.336,726.2,1.6504,1,WAIT ZCD,1,0
1789530551260,33994.336,726.2,1.6504,1,WAIT ZCD,1,0
1789530551270,33966.844,726.2,1.6504,1,WAIT ZCD,1,0
1789530551280,33966.844,726.2,1.6504,1,WAIT ZCD,1,0
1789530551290,33994.336,726.2,1.6504,1,WAIT ZCD,1,0
1789530551300,33994.336,726.2,1.6504,1,WAIT ZCD,1,0
1789530551310,33953.113,726.2,1.6504,1,WAIT ZCD,1,0
1789530551320,33953.113,726.2,1.6504,1,WAIT ZCD,1,0
1789530551330,33966.844,726.2,1.6504,1,WAIT ZCD,1,0
1789530551340,33980.582,726.2,1.6504,1,WAIT ZCD,1,0
1789530551350,33966.844,726.2,1.6504,1,WAIT ZCD,1,0
1789530551360,33980.582,726.2,1.6504,1,WAIT ZCD,1,0
1789530551370,33966.844,726.2,1.6504,1,WAIT ZCD,1,0
1789530551380,33994.336,726.2,1.6504,1,WAIT ZCD,1,0
1789530551390,33966.844,726.2,1.6504,1,WAIT ZCD,1,0
1789530551400,33966.844,726.2,1.6504,1,WAIT ZCD,1,0
1789530551410,33994.336,726.2,1.6504,1,WAIT ZCD,1,0
1789530551420,33980.582,726.2,1.6504,1,WAIT ZCD,1,0
1789530551430,33980.582,726.2,1.6504,1,WAIT ZCD,1,0
1789530551440,33994.336,726.2,1.6504,1,WAIT ZCD,1,0
1789530551450,33966.844,726.2,1.6504,1,WAIT ZCD,1,0
1789530551460,33980.582,726.2,1.6504,1,WAIT ZCD,1,0
1789530551470,33980.582,726.2,1.6504,1,WAIT ZCD,1,0
1789530551480,33980.582,726.2,1.6504,1,WAIT ZCD,1,0
1789530551490,33966.844,726.2,1.6504,1,WAIT ZCD,1,0
1789530551500,33980.582,726.2,1.6504,1,WAIT ZCD,1,0
1789530551510,33980.582,726.2,1.6504,1,WAIT ZCD,1,0
1789530551520,33953.113,726.2,1.6504,1,WAIT ZCD,1,0
1789530551530,33966.844,726.2,1.6504,1,WAIT ZCD,1,0
1789530551540,33980.582,726.2,1.6504,1,WAIT ZCD,1,0
1789530551550,33966.844,726.2,1.6504,1,WAIT ZCD,1,0
1789530551560,33980.582,726.2,1.6504,1,WAIT ZCD,1,0
1789530551570,33966.844,726.2,1.6504,1,WAIT ZCD,1,0
1789530551580,33994.336,726.2,1.6504,1,WAIT ZCD,1,0
1789530551590,33980.582,726.2,1.6504,1,WAIT ZCD,1,0
1789530551600,33980.582,726.2,1.6504,1,WAIT ZCD,1,0
1789530551610,33980.582,726.2,1.6504,1,WAIT ZCD,1,0
1789530551620,33980.582,726.2,1.6504,1,WAIT ZCD,1,0
1789530551630,33994.336,726.2,1.6504,1,WAIT ZCD,1,0
1789530551640,33980.582,726.2,1.6504,1,WAIT ZCD,1,0
1789530551650,33994.336,726.2,1.6504,1,WAIT ZCD,1,0
1789530551660,33980.582,726.2,1.6504,1,WAIT ZCD,1,0
1789530551670,33994.336,726.2,1.6504,1,WAIT ZCD,1,0
1789530551680,33966.844,726.2,1.6504,1,WAIT ZCD,1,0
1789530551690,33980.582,726.2,1.6504,1,WAIT ZCD,1,0
1789530551700,33980.582,726.2,1.6504,1,WAIT ZCD,1,0
1789530551710,33966.844,726.2,1.6504,1,WAIT ZCD,1,0
1789530551720,33980.582,726.2,1.6504,1,WAIT ZCD,1,0
1789530551730,33966.844,726.2,1.6504,1,WAIT ZCD,1,0
1789530551740,33980.582,726.2,1.6504,1,WAIT ZCD,1,0
1789530551750,33994.336,726.2,1.6504,1,WAIT ZCD,1,0
1789530551760,34008.098,726.2,1.6504,1,WAIT ZCD,1,0
1789530551770,33980.582,726.2,1.6504,1,WAIT ZCD,1,0
1789530551780,33980.582,726.2,1.6504,1,WAIT ZCD,1,0
1789530551790,33980.582,726.2,1.6504,1,WAIT ZCD,1,0
1789530551800,34008.098,726.2,1.6504,1,WAIT ZCD,1,0
1789530551810,33980.582,726.2,1.6504,1,WAIT ZCD,1,0
1789530551820,33980.582,726.2,1.6504,1,WAIT ZCD,1,0
1789530551830,33980.582,726.2,1.6504,1,WAIT ZCD,1,0
1789530551840,33994.336,726.2,1.6504,1,WAIT ZCD,1,0
1789530551850,33980.582,726.2,1.6504,1,WAIT ZCD,1,0
1789530551860,34008.098,726.2,1.6504,1,WAIT ZCD,1,0
1789530551870,33980.582,726.2,1.6504,1,WAIT ZCD,1,0
1789530551880,33980.582,726.2,1.6504,1,WAIT ZCD,1,0
1789530551890,33994.336,726.2,1.6504,1,WAIT ZCD,1,0
1789530551900,33966.844,726.2,1.6504,1,WAIT ZCD,1,0
1789530551910,33953.113,726.2,1.6504,1,WAIT ZCD,1,0
1789530551920,33980.582,726.2,1.6504,1,WAIT ZCD,1,0
1789530551930,33966.844,726.2,1.6504,1,WAIT ZCD,1,0
1789530551940,34008.098,726.2,1.6504,1,WAIT ZCD,1,0
1789530551950,33994.336,726.2,1.6504,1,WAIT ZCD,1,0
1789530551960,33980.582,726.2,1.6504,1,WAIT ZCD,1,0
1789530551970,33994.336,726.2,1.6504,1,WAIT ZCD,1,0
1789530551980,33980.582,726.2,1.6504,1,WAIT ZCD,1,0
1789530551990,33980.582,726.2,1.6504,1,WAIT ZCD,1,0
1789530552000,33980.582,726.2,1.6504,1,WAIT ZCD,1,0
1789530552010,33994.336,726.2,1.6504,1,WAIT ZCD,1,0
1789530552020,33966.844,726.2,1.6504,1,WAIT ZCD,1,0
1789530552030,33994.336,726.2,1.6504,1,WAIT ZCD,1,0
1789530552040,33980.582,726.2,1.6504,1,WAIT ZCD,1,0
1789530552050,33980.582,726.2,1.6504,1,WAIT ZCD,1,0
1789530552060,33980.582,726.2,1.6504,1,WAIT ZCD,1,0
1789530552070,33980.582,726.2,1.6504,1,WAIT ZCD,1,0
1789530552080,33980.582,726.2,1.6504,1,WAIT ZCD,1,0
1789530552090,33980.582,726.2,1.6504,1,WAIT ZCD,1,0
1789530552100,33412.887,1071.4,1.6359,2,TRACK,0,0
1789530552110,33412.887,547.6,1.6246,2,TRACK,0,0
1789530552120,33466.137,381.0,1.6158,2,TRACK,0,0
1789530552130,33426.184,261.9,1.6093,2,TRACK,0,0
1789530552140,33426.184,131.0,1.6053,2,TRACK,0,0
1789530552150,33426.184,190.5,1.6021,2,TRACK,0,0
1789530552160,33412.887,119.0,1.5988,2,TRACK,0,0
1789530552170,33399.602,95.2,1.5964,2,TRACK,0,0
1789530552180,33426.184,47.6,1.5956,3,LOCK,0,1
1789530552190,33386.328,59.5,1.5948,3,LOCK,0,1
1789530552200,33412.887,35.7,1.5940,3,LOCK,0,1
1789530552210,33399.602,35.7,1.5940,3,LOCK,0,1
1789530552220,33399.602,35.7,1.5932,3,LOCK,0,1
1789530552230,33386.328,-47.6,1.5932,3,LOCK,0,1
1789530552240,33386.328,-47.6,1.5932,3,LOCK,0,1
1789530552250,33386.328,35.7,1.5932,3,LOCK,0,1
1789530552260,33399.602,-23.8,1.5940,3,LOCK,0,1
1789530552270,33412.887,71.4,1.5940,2,TRACK,0,0
1789530552280,33386.328,-47.6,1.5940,3,LOCK,0,1
1789530552290,33399.602,23.8,1.5940,3,LOCK,0,1
1789530552300,33386.328,47.6,1.5932,3,LOCK,0,1
1789530552310,33399.602,35.7,1.5932,3,LOCK,0,1
1789530552320,33412.887,47.6,1.5932,3,LOCK,0,1
1789530552330,33412.887,-23.8,1.5932,3,LOCK,0,1
1789530552340,33399.602,71.4,1.5924,2,TRACK,0,0
1789530552350,33399.602,-23.8,1.5924,3,LOCK,0,1
1789530552360,33426.184,-23.8,1.5932,3,LOCK,0,1
1789530552370,33386.328,-23.8,1.5932,3,LOCK,0,1
1789530552380,33439.492,0.0,1.5940,3,LOCK,0,1
1789530552390,33426.184,-47.6,1.5940,3,LOCK,0,1
1789530552400,33412.887,35.7,1.5940,3,LOCK,0,1
1789530552410,33386.328,23.8,1.5940,3,LOCK,0,1
1789530552420,33386.328,71.4,1.5940,2,TRACK,0,0
1789530552430,33412.887,-11.9,1.5940,3,LOCK,0,1
1789530552440,33373.062,-11.9,1.5948,3,LOCK,0,1
1789530552450,33439.492,-47.6,1.5940,3,LOCK,0,1
1789530552460,33373.062,11.9,1.5940,3,LOCK,0,1
1789530552470,33412.887,0.0,1.5948,3,LOCK,0,1
1789530552480,33386.328,11.9,1.5948,3,LOCK,0,1
1789530552490,33412.887,11.9,1.5948,3,LOCK,0,1
1789530552500,33373.062,-11.9,1.5948,3,LOCK,0,1
1789530552510,33399.602,11.9,1.5948,3,LOCK,0,1
1789530552520,33426.184,-23.8,1.5956,3,LOCK,0,1
1789530552530,33412.887,-47.6,1.5948,3,LOCK,0,1
1789530552540,33399.602,-11.9,1.5956,3,LOCK,0,1
1789530552550,33734.941,1071.4,1.5851,1,WAIT ZCD,1,0
1789530552560,33966.844,1071.4,1.6504,1,WAIT ZCD,1,0
1789530552570,33994.336,1071.4,1.6504,1,WAIT ZCD,1,0
1789530552580,33980.582,1071.4,1.6504,1,WAIT ZCD,1,0
1789530552590,33980.582,1071.4,1.6504,1,WAIT ZCD,1,0
1789530552600,33980.582,1071.4,1.6504,1,WAIT ZCD,1,0
1789530552610,33966.844,1071.4,1.6504,1,WAIT ZCD,1,0
1789530552620,33994.336,1071.4,1.6504,1,WAIT ZCD,1,0
1789530552630,33994.336,1071.4,1.6504,1,WAIT ZCD,1,0
1789530552640,34008.098,1071.4,1.6504,1,WAIT ZCD,1,0
1789530552650,33980.582,1071.4,1.6504,1,WAIT ZCD,1,0
1789530552660,33980.582,1071.4,1.6504,1,WAIT ZCD,1,0
1789530552670,33980.582,1071.4,1.6504,1,WAIT ZCD,1,0
1789530552680,33980.582,1071.4,1.6504,1,WAIT ZCD,1,0
1789530552690,33980.582,1071.4,1.6504,1,WAIT ZCD,1,0
1789530552700,34008.098,1071.4,1.6504,1,WAIT ZCD,1,0
1789530552710,33980.582,1071.4,1.6504,1,WAIT ZCD,1,0
1789530552720,33980.582,1071.4,1.6504,1,WAIT ZCD,1,0
1789530552730,33980.582,1071.4,1.6504,1,WAIT ZCD,1,0
1789530552740,33994.336,1071.4,1.6504,1,WAIT ZCD,1,0
1789530552750,33980.582,1071.4,1.6504,1,WAIT ZCD,1,0
1789530552760,33994.336,1071.4,1.6504,1,WAIT ZCD,1,0
1789530552770,33980.582,1071.4,1.6504,1,WAIT ZCD,1,0
1789530552780,33966.844,1071.4,1.6504,1,WAIT ZCD,1,0
1789530552790,33980.582,1071.4,1.6504,1,WAIT ZCD,1,0
1789530552800,33980.582,1071.4,1.6504,1,WAIT ZCD,1,0
1789530552810,33994.336,1071.4,1.6504,1,WAIT ZCD,1,0
1789530552820,33953.113,1071.4,1.6504,1,WAIT ZCD,1,0
1789530552830,33980.582,1071.4,1.6504,1,WAIT ZCD,1,0
1789530552840,34008.098,1071.4,1.6504,1,WAIT ZCD,1,0
1789530552850,33994.336,1071.4,1.6504,1,WAIT ZCD,1,0
1789530552860,33994.336,1071.4,1.6504,1,WAIT ZCD,1,0
1789530552870,33980.582,1071.4,1.6504,1,WAIT ZCD,1,0
1789530552880,33980.582,1071.4,1.6504,1,WAIT ZCD,1,0
1789530552890,33994.336,1071.4,1.6504,1,WAIT ZCD,1,0
1789530552900,33980.582,1071.4,1.6504,1,WAIT ZCD,1,0
1789530552910,33966.844,1071.4,1.6504,1,WAIT ZCD,1,0
1789530552920,33980.582,1071.4,1.6504,1,WAIT ZCD,1,0
1789530552930,34008.098,1071.4,1.6504,1,WAIT ZCD,1,0
1789530552940,33980.582,1071.4,1.6504,1,WAIT ZCD,1,0
1789530552950,33994.336,1071.4,1.6504,1,WAIT ZCD,1,0
1789530552960,33994.336,1071.4,1.6504,1,WAIT ZCD,1,0
1789530552970,33994.336,1071.4,1.6504,1,WAIT ZCD,1,0
1789530552980,33953.113,1071.4,1.6504,1,WAIT ZCD,1,0
1789530552990,33953.113,1071.4,1.6504,1,WAIT ZCD,1,0
1789530553000,33980.582,1071.4,1.6504,1,WAIT ZCD,1,0
1789530553010,33966.844,1071.4,1.6504,1,WAIT ZCD,1,0
1789530553020,33980.582,1071.4,1.6504,1,WAIT ZCD,1,0
1789530553030,34008.098,1071.4,1.6504,1,WAIT ZCD,1,0
1789530553040,33994.336,1071.4,1.6504,1,WAIT ZCD,1,0
1789530553050,33980.582,1071.4,1.6504,1,WAIT ZCD,1,0
1789530553060,33994.336,1071.4,1.6504,1,WAIT ZCD,1,0
1789530553070,33980.582,1071.4,1.6504,1,WAIT ZCD,1,0
1789530553080,33994.336,1071.4,1.6504,1,WAIT ZCD,1,0
1789530553090,33980.582,1071.4,1.6504,1,WAIT ZCD,1,0
1789530553100,33980.582,1071.4,1.6504,1,WAIT ZCD,1,0
1789530553110,33966.844,1071.4,1.6504,1,WAIT ZCD,1,0
1789530553120,33980.582,1071.4,1.6504,1,WAIT ZCD,1,0
1789530553130,33994.336,1071.4,1.6504,1,WAIT ZCD,1,0
1789530553140,33980.582,1071.4,1.6504,1,WAIT ZCD,1,0
1789530553150,33994.336,1071.4,1.6504,1,WAIT ZCD,1,0
1789530553160,33980.582,1071.4,1.6504,1,WAIT ZCD,1,0
1789530553170,33994.336,1071.4,1.6504,1,WAIT ZCD,1,0
1789530553180,33966.844,1071.4,1.6504,1,WAIT ZCD,1,0
1789530553190,33994.336,1071.4,1.6504,1,WAIT ZCD,1,0
1789530553200,33966.844,1071.4,1.6504,1,WAIT ZCD,1,0
1789530553210,33980.582,1071.4,1.6504,1,WAIT ZCD,1,0
1789530553220,33980.582,1071.4,1.6504,1,WAIT ZCD,1,0
1789530553230,33980.582,1071.4,1.6504,1,WAIT ZCD,1,0
1789530553240,33980.582,1071.4,1.6504,1,WAIT ZCD,1,0
1789530553250,33980.582,1071.4,1.6504,1,WAIT ZCD,1,0
1789530553260,33980.582,1071.4,1.6504,1,WAIT ZCD,1,0
1789530553270,33980.582,1071.4,1.6504,1,WAIT ZCD,1,0
1789530553280,33966.844,1071.4,1.6504,1,WAIT ZCD,1,0
1789530553290,33994.336,1071.4,1.6504,1,WAIT ZCD,1,0
1789530553300,33980.582,1071.4,1.6504,1,WAIT ZCD,1,0
1789530553310,33980.582,1071.4,1.6504,1,WAIT ZCD,1,0
1789530553320,33980.582,1071.4,1.6504,1,WAIT ZCD,1,0
1789530553330,33980.582,1071.4,1.6504,1,WAIT ZCD,1,0
1789530553340,33994.336,1071.4,1.6504,1,WAIT ZCD,1,0
1789530553350,33980.582,1071.4,1.6504,1,WAIT ZCD,1,0
1789530553360,33980.582,1071.4,1.6504,1,WAIT ZCD,1,0
1789530553370,33966.844,1071.4,1.6504,1,WAIT ZCD,1,0
1789530553380,33994.336,1071.4,1.6504,1,WAIT ZCD,1,0
1789530553390,33994.336,1071.4,1.6504,1,WAIT ZCD,1,0
1789530553400,33994.336,1071.4,1.6504,1,WAIT ZCD,1,0
1789530553410,33966.844,1071.4,1.6504,1,WAIT ZCD,1,0
1789530553420,33980.582,1071.4,1.6504,1,WAIT ZCD,1,0
1789530553430,33980.582,1071.4,1.6504,1,WAIT ZCD,1,0
1789530553440,33980.582,1071.4,1.6504,1,WAIT ZCD,1,0
1789530553450,33980.582,1071.4,1.6504,1,WAIT ZCD,1,0
1789530553460,33980.582,1071.4,1.6504,1,WAIT ZCD,1,0
1789530553470,33980.582,1071.4,1.6504,1,WAIT ZCD,1,0
1789530553480,33980.582,1071.4,1.6504,1,WAIT ZCD,1,0
1789530553490,34021.871,1071.4,1.6504,1,WAIT ZCD,1,0
1789530553500,33966.844,1071.4,1.6504,1,WAIT ZCD,1,0
1789530553510,33980.582,1071.4,1.6504,1,WAIT ZCD,1,0
1789530553520,33994.336,1071.4,1.6504,1,WAIT ZCD,1,0
1789530553530,33966.844,1071.4,1.6504,1,WAIT ZCD,1,0
1789530553540,33980.582,1071.4,1.6504,1,WAIT ZCD,1,0
1789530553550,33653.848,5142.9,1.6504,2,TRACK,0,0
1789530553560,33466.137,547.6,1.6254,2,TRACK,0,0
1789530553570,33412.887,345.2,1.6166,2,TRACK,0,0
1789530553580,33452.809,214.3,1.6109,2,TRACK,0,0
1789530553590,33426.184,178.6,1.6069,2,TRACK,0,0
1789530553600,33412.887,131.0,1.6037,2,TRACK,0,0
1789530553610,33399.602,71.4,1.6004,2,TRACK,0,0
1789530553620,33412.887,95.2,1.5988,2,TRACK,0,0
1789530553630,33426.184,47.6,1.5972,3,LOCK,0,1
1789530553640,33399.602,83.3,1.5956,2,TRACK,0,0
1789530553650,33399.602,35.7,1.5948,3,LOCK,0,1
1789530553660,33412.887,23.8,1.5940,3,LOCK,0,1
1789530553670,33412.887,71.4,1.5940,2,TRACK,0,0
1789530553680,33386.328,-35.7,1.5940,3,LOCK,0,1
1789530553690,33426.184,-35.7,1.5932,3,LOCK,0,1
1789530553700,33399.602,71.4,1.5940,2,TRACK,0,0
1789530553710,33399.602,23.8,1.5932,3,LOCK,0,1
1789530553720,33399.602,11.9,1.5932,3,LOCK,0,1
1789530553730,33412.887,47.6,1.5932,3,LOCK,0,1
1789530553740,33426.184,-47.6,1.5932,3,LOCK,0,1
1789530553750,33386.328,-35.7,1.5940,3,LOCK,0,1
1789530553760,33386.328,-35.7,1.5940,3,LOCK,0,1
1789530553770,33399.602,-47.6,1.5948,3,LOCK,0,1
1789530553780,33399.602,23.8,1.5940,3,LOCK,0,1
1789530553790,33399.602,0.0,1.5940,3,LOCK,0,1
1789530553800,33399.602,71.4,1.5940,2,TRACK,0,0
1789530553810,33386.328,23.8,1.5940,3,LOCK,0,1
1789530553820,33399.602,-154.8,1.5940,2,TRACK,0,0
1789530553830,33426.184,47.6,1.5940,3,LOCK,0,1
1789530553840,33399.602,11.9,1.5940,3,LOCK,0,1
1789530553850,33386.328,-11.9,1.5940,3,LOCK,0,1
1789530553860,33386.328,-35.7,1.5940,3,LOCK,0,1
1789530553870,33399.602,0.0,1.5940,3,LOCK,0,1
1789530553880,33412.887,-59.5,1.5948,3,LOCK,0,1
1789530553890,33386.328,11.9,1.5948,3,LOCK,0,1
1789530553900,33412.887,23.8,1.5948,3,LOCK,0,1
1789530553910,33412.887,-35.7,1.5948,3,LOCK,0,1
1789530553920,33399.602,-23.8,1.5948,3,LOCK,0,1
1789530553930,33399.602,-47.6,1.5948,3,LOCK,0,1
1789530553945,33386.328,-35.7,1.5940,3,LOCK,0,1
1789530553956,33399.602,35.7,1.5940,3,LOCK,0,1
1789530553965,33412.887,23.8,1.5948,3,LOCK,0,1
1789530553975,33399.602,-59.5,1.5948,3,LOCK,0,1
1789530553985,33412.887,47.6,1.5948,3,LOCK,0,1
1789530553995,33399.602,-23.8,1.5940,3,LOCK,0,1
1789530554005,33980.582,5142.9,1.6504,1,WAIT ZCD,1,0
1789530554015,33980.582,5142.9,1.6504,1,WAIT ZCD,1,0
1789530554025,33966.844,5142.9,1.6504,1,WAIT ZCD,1,0
1789530554035,33994.336,5142.9,1.6504,1,WAIT ZCD,1,0
1789530554045,33966.844,5142.9,1.6504,1,WAIT ZCD,1,0
1789530554055,33994.336,5142.9,1.6504,1,WAIT ZCD,1,0
1789530554065,33980.582,5142.9,1.6504,1,WAIT ZCD,1,0
1789530554075,33980.582,5142.9,1.6504,1,WAIT ZCD,1,0
1789530554085,33980.582,5142.9,1.6504,1,WAIT ZCD,1,0
1789530554095,33980.582,5142.9,1.6504,1,WAIT ZCD,1,0
1789530554105,33953.113,5142.9,1.6504,1,WAIT ZCD,1,0
1789530554115,33994.336,5142.9,1.6504,1,WAIT ZCD,1,0
1789530554125,33994.336,5142.9,1.6504,1,WAIT ZCD,1,0
1789530554135,33966.844,5142.9,1.6504,1,WAIT ZCD,1,0
1789530554145,33994.336,5142.9,1.6504,1,WAIT ZCD,1,0
1789530554155,33980.582,5142.9,1.6504,1,WAIT ZCD,1,0
1789530554165,33966.844,5142.9,1.6504,1,WAIT ZCD,1,0
1789530554175,34008.098,5142.9,1.6504,1,WAIT ZCD,1,0
1789530554185,33966.844,5142.9,1.6504,1,WAIT ZCD,1,0
1789530554195,34008.098,5142.9,1.6504,1,WAIT ZCD,1,0
1789530554205,33966.844,5142.9,1.6504,1,WAIT ZCD,1,0
1789530554215,33994.336,5142.9,1.6504,1,WAIT ZCD,1,0
1789530554225,33994.336,5142.9,1.6504,1,WAIT ZCD,1,0
1789530554235,33994.336,5142.9,1.6504,1,WAIT ZCD,1,0
1789530554245,33994.336,5142.9,1.6504,1,WAIT ZCD,1,0
1789530554255,33994.336,5142.9,1.6504,1,WAIT ZCD,1,0
1789530554265,33966.844,5142.9,1.6504,1,WAIT ZCD,1,0
1789530554275,33980.582,5142.9,1.6504,1,WAIT ZCD,1,0
1789530554285,33980.582,5142.9,1.6504,1,WAIT ZCD,1,0
1789530554295,33994.336,5142.9,1.6504,1,WAIT ZCD,1,0
1789530554305,33980.582,5142.9,1.6504,1,WAIT ZCD,1,0
1789530554315,33966.844,5142.9,1.6504,1,WAIT ZCD,1,0
1789530554325,33966.844,5142.9,1.6504,1,WAIT ZCD,1,0
1789530554335,33994.336,5142.9,1.6504,1,WAIT ZCD,1,0
1789530554345,33953.113,5142.9,1.6504,1,WAIT ZCD,1,0
1789530554355,33994.336,5142.9,1.6504,1,WAIT ZCD,1,0
1789530554365,33980.582,5142.9,1.6504,1,WAIT ZCD,1,0
1789530554376,34008.098,5142.9,1.6504,1,WAIT ZCD,1,0
1789530554385,33966.844,5142.9,1.6504,1,WAIT ZCD,1,0
1789530554395,33994.336,5142.9,1.6504,1,WAIT ZCD,1,0
1789530554405,33980.582,5142.9,1.6504,1,WAIT ZCD,1,0
1789530554415,33994.336,5142.9,1.6504,1,WAIT ZCD,1,0
1789530554425,33980.582,5142.9,1.6504,1,WAIT ZCD,1,0
1789530554435,33966.844,5142.9,1.6504,1,WAIT ZCD,1,0
1789530554445,33953.113,5142.9,1.6504,1,WAIT ZCD,1,0
1789530554455,34008.098,5142.9,1.6504,1,WAIT ZCD,1,0
1789530554465,33966.844,5142.9,1.6504,1,WAIT ZCD,1,0
1789530554475,33980.582,5142.9,1.6504,1,WAIT ZCD,1,0
1789530554485,33994.336,5142.9,1.6504,1,WAIT ZCD,1,0
1789530554495,33980.582,5142.9,1.6504,1,WAIT ZCD,1,0
1789530554505,33994.336,5142.9,1.6504,1,WAIT ZCD,1,0
1789530554515,33994.336,5142.9,1.6504,1,WAIT ZCD,1,0
1789530554525,33980.582,5142.9,1.6504,1,WAIT ZCD,1,0
1789530554535,33980.582,5142.9,1.6504,1,WAIT ZCD,1,0
1789530554545,33980.582,5142.9,1.6504,1,WAIT ZCD,1,0
1789530554555,33994.336,5142.9,1.6504,1,WAIT ZCD,1,0
1789530554565,33966.844,5142.9,1.6504,1,WAIT ZCD,1,0
1789530554575,33980.582,5142.9,1.6504,1,WAIT ZCD,1,0
1789530554585,33994.336,5142.9,1.6504,1,WAIT ZCD,1,0
1789530554595,33994.336,5142.9,1.6504,1,WAIT ZCD,1,0
1789530554605,33966.844,5142.9,1.6504,1,WAIT ZCD,1,0
1789530554615,33994.336,5142.9,1.6504,1,WAIT ZCD,1,0
1789530554625,33980.582,5142.9,1.6504,1,WAIT ZCD,1,0
1789530554635,33994.336,5142.9,1.6504,1,WAIT ZCD,1,0
1789530554645,33980.582,5142.9,1.6504,1,WAIT ZCD,1,0
1789530554655,33994.336,5142.9,1.6504,1,WAIT ZCD,1,0
1789530554665,33966.844,5142.9,1.6504,1,WAIT ZCD,1,0
1789530554675,33994.336,5142.9,1.6504,1,WAIT ZCD,1,0
1789530554685,33980.582,5142.9,1.6504,1,WAIT ZCD,1,0
1789530554695,33980.582,5142.9,1.6504,1,WAIT ZCD,1,0
1789530554705,33953.113,5142.9,1.6504,1,WAIT ZCD,1,0
1789530554715,33994.336,5142.9,1.6504,1,WAIT ZCD,1,0
1789530554725,33980.582,5142.9,1.6504,1,WAIT ZCD,1,0
1789530554735,33994.336,5142.9,1.6504,1,WAIT ZCD,1,0
1789530554745,33980.582,5142.9,1.6504,1,WAIT ZCD,1,0
1789530554755,33980.582,5142.9,1.6504,1,WAIT ZCD,1,0
1789530554765,33994.336,5142.9,1.6504,1,WAIT ZCD,1,0
1789530554775,33994.336,5142.9,1.6504,1,WAIT ZCD,1,0
1789530554785,33994.336,5142.9,1.6504,1,WAIT ZCD,1,0
1789530554795,33966.844,5142.9,1.6504,1,WAIT ZCD,1,0
1789530554805,33994.336,5142.9,1.6504,1,WAIT ZCD,1,0
1789530554815,33953.113,5142.9,1.6504,1,WAIT ZCD,1,0
1789530554825,33994.336,5142.9,1.6504,1,WAIT ZCD,1,0
1789530554835,33966.844,5142.9,1.6504,1,WAIT ZCD,1,0
1789530554845,33980.582,5142.9,1.6504,1,WAIT ZCD,1,0
1789530554855,34008.098,5142.9,1.6504,1,WAIT ZCD,1,0
1789530554865,33994.336,5142.9,1.6504,1,WAIT ZCD,1,0
1789530554875,33980.582,5142.9,1.6504,1,WAIT ZCD,1,0
1789530554885,33980.582,5142.9,1.6504,1,WAIT ZCD,1,0
1789530554895,33980.582,5142.9,1.6504,1,WAIT ZCD,1,0
1789530554905,33994.336,5142.9,1.6504,1,WAIT ZCD,1,0
1789530554915,33966.844,5142.9,1.6504,1,WAIT ZCD,1,0
1789530554925,33980.582,5142.9,1.6504,1,WAIT ZCD,1,0
1789530554935,33966.844,5142.9,1.6504,1,WAIT ZCD,1,0
1789530554945,33994.336,5142.9,1.6504,1,WAIT ZCD,1,0
1789530554955,33980.582,5142.9,1.6504,1,WAIT ZCD,1,0
1789530554965,33980.582,5142.9,1.6504,1,WAIT ZCD,1,0
1789530554975,33980.582,5142.9,1.6504,1,WAIT ZCD,1,0
1789530554985,33980.582,5142.9,1.6504,1,WAIT ZCD,1,0
1789530554995,33994.336,5142.9,1.6504,1,WAIT ZCD,1,0
1789530555005,33452.809,738.1,1.6327,2,TRACK,0,0
1789530555015,33439.492,404.8,1.6230,2,TRACK,0,0
1789530555025,33439.492,321.4,1.6149,2,TRACK,0,0
1789530555035,33426.184,166.7,1.6093,2,TRACK,0,0
1789530555045,33399.602,214.3,1.6053,2,TRACK,0,0
1789530555055,33412.887,131.0,1.6029,2,TRACK,0,0
1789530555065,33386.328,166.7,1.5996,2,TRACK,0,0
1789530555075,33412.887,59.5,1.5980,3,LOCK,0,1
1789530555085,33412.887,107.1,1.5964,2,TRACK,0,0
1789530555095,33386.328,59.5,1.5956,3,LOCK,0,1
1789530555105,33412.887,11.9,1.5948,3,LOCK,0,1
1789530555115,33412.887,47.6,1.5948,3,LOCK,0,1
1789530555125,33412.887,23.8,1.5940,3,LOCK,0,1
1789530555135,33373.062,11.9,1.5940,3,LOCK,0,1
1789530555145,33399.602,-11.9,1.5940,3,LOCK,0,1
1789530555155,33399.602,23.8,1.5940,3,LOCK,0,1
1789530555165,33386.328,0.0,1.5940,3,LOCK,0,1
1789530555175,33399.602,0.0,1.5940,3,LOCK,0,1
1789530555185,33412.887,59.5,1.5940,3,LOCK,0,1
1789530555195,33386.328,11.9,1.5932,3,LOCK,0,1
1789530555205,33412.887,-35.7,1.5932,3,LOCK,0,1
1789530555215,33386.328,-47.6,1.5940,3,LOCK,0,1
1789530555225,33412.887,23.8,1.5940,3,LOCK,0,1
1789530555235,33399.602,23.8,1.5932,3,LOCK,0,1
1789530555247,33386.328,11.9,1.5940,3,LOCK,0,1
1789530555256,33386.328,-35.7,1.5940,3,LOCK,0,1
1789530555266,33399.602,35.7,1.5940,3,LOCK,0,1
1789530555280,33412.887,0.0,1.5940,3,LOCK,0,1
1789530555290,33412.887,-11.9,1.5940,3,LOCK,0,1
1789530555301,33386.328,-11.9,1.5948,3,LOCK,0,1
1789530555311,33386.328,-11.9,1.5948,3,LOCK,0,1
1789530555321,33399.602,35.7,1.5948,3,LOCK,0,1
1789530555331,33386.328,23.8,1.5948,3,LOCK,0,1
1789530555341,33399.602,0.0,1.5940,3,LOCK,0,1
1789530555351,33386.328,-47.6,1.5940,3,LOCK,0,1
1789530555361,33399.602,-11.9,1.5948,3,LOCK,0,1
1789530555371,33386.328,23.8,1.5940,3,LOCK,0,1
1789530555381,33386.328,-35.7,1.5948,3,LOCK,0,1
1789530555391,33412.887,23.8,1.5948,3,LOCK,0,1
1789530555401,33386.328,11.9,1.5940,3,LOCK,0,1
1789530555411,33386.328,-11.9,1.5940,3,LOCK,0,1
1789530555421,33412.887,-47.6,1.5948,3,LOCK,0,1
1789530555431,33399.602,-35.7,1.5956,3,LOCK,0,1
1789530555441,33412.887,71.4,1.5956,2,TRACK,0,0
1789530555451,33748.492,2666.7,1.5956,2,TRACK,0,0
1789530555461,33953.113,738.1,1.6504,1,WAIT ZCD,1,0
1789530555471,33980.582,738.1,1.6504,1,WAIT ZCD,1,0
1789530555481,33980.582,738.1,1.6504,1,WAIT ZCD,1,0
1789530555491,33980.582,738.1,1.6504,1,WAIT ZCD,1,0
1789530555501,33980.582,738.1,1.6504,1,WAIT ZCD,1,0
1789530555511,33980.582,738.1,1.6504,1,WAIT ZCD,1,0
1789530555521,33980.582,738.1,1.6504,1,WAIT ZCD,1,0
1789530555531,33980.582,738.1,1.6504,1,WAIT ZCD,1,0
1789530555541,33980.582,738.1,1.6504,1,WAIT ZCD,1,0
1789530555551,33994.336,738.1,1.6504,1,WAIT ZCD,1,0
1789530555561,33994.336,738.1,1.6504,1,WAIT ZCD,1,0
1789530555571,33966.844,738.1,1.6504,1,WAIT ZCD,1,0
1789530555581,33966.844,738.1,1.6504,1,WAIT ZCD,1,0
1789530555591,33966.844,738.1,1.6504,1,WAIT ZCD,1,0
1789530555601,33980.582,738.1,1.6504,1,WAIT ZCD,1,0
1789530555611,33980.582,738.1,1.6504,1,WAIT ZCD,1,0
1789530555621,33966.844,738.1,1.6504,1,WAIT ZCD,1,0
1789530555631,33980.582,738.1,1.6504,1,WAIT ZCD,1,0
1789530555641,33966.844,738.1,1.6504,1,WAIT ZCD,1,0
1789530555651,33966.844,738.1,1.6504,1,WAIT ZCD,1,0
1789530555661,33980.582,738.1,1.6504,1,WAIT ZCD,1,0
1789530555671,33994.336,738.1,1.6504,1,WAIT ZCD,1,0
1789530555681,33994.336,738.1,1.6504,1,WAIT ZCD,1,0
1789530555691,33980.582,738.1,1.6504,1,WAIT ZCD,1,0
1789530555701,33953.113,738.1,1.6504,1,WAIT ZCD,1,0
1789530555711,33953.113,738.1,1.6504,1,WAIT ZCD,1,0
1789530555721,33966.844,738.1,1.6504,1,WAIT ZCD,1,0
1789530555731,33980.582,738.1,1.6504,1,WAIT ZCD,1,0
1789530555741,33980.582,738.1,1.6504,1,WAIT ZCD,1,0
1789530555751,33980.582,738.1,1.6504,1,WAIT ZCD,1,0
1789530555761,33980.582,738.1,1.6504,1,WAIT ZCD,1,0
1789530555771,33966.844,738.1,1.6504,1,WAIT ZCD,1,0
1789530555781,33980.582,738.1,1.6504,1,WAIT ZCD,1,0
1789530555791,33994.336,738.1,1.6504,1,WAIT ZCD,1,0
1789530555801,33966.844,738.1,1.6504,1,WAIT ZCD,1,0
1789530555811,33980.582,738.1,1.6504,1,WAIT ZCD,1,0
1789530555821,33966.844,738.1,1.6504,1,WAIT ZCD,1,0
1789530555831,33980.582,738.1,1.6504,1,WAIT ZCD,1,0
1789530555841,33994.336,738.1,1.6504,1,WAIT ZCD,1,0
1789530555851,33980.582,738.1,1.6504,1,WAIT ZCD,1,0
1789530555861,33980.582,738.1,1.6504,1,WAIT ZCD,1,0
1789530555871,33994.336,738.1,1.6504,1,WAIT ZCD,1,0
1789530555881,33966.844,738.1,1.6504,1,WAIT ZCD,1,0
1789530555891,33980.582,738.1,1.6504,1,WAIT ZCD,1,0
1789530555901,33966.844,738.1,1.6504,1,WAIT ZCD,1,0
1789530555911,33966.844,738.1,1.6504,1,WAIT ZCD,1,0
1789530555921,33980.582,738.1,1.6504,1,WAIT ZCD,1,0
1789530555931,33980.582,738.1,1.6504,1,WAIT ZCD,1,0
1789530555941,33953.113,738.1,1.6504,1,WAIT ZCD,1,0
1789530555951,33994.336,738.1,1.6504,1,WAIT ZCD,1,0
1789530555961,33966.844,738.1,1.6504,1,WAIT ZCD,1,0
1789530555971,33994.336,738.1,1.6504,1,WAIT ZCD,1,0
1789530555981,33994.336,738.1,1.6504,1,WAIT ZCD,1,0
1789530555991,33994.336,738.1,1.6504,1,WAIT ZCD,1,0
1789530556001,34008.098,738.1,1.6504,1,WAIT ZCD,1,0
1789530556011,33980.582,738.1,1.6504,1,WAIT ZCD,1,0
1789530556021,33980.582,738.1,1.6504,1,WAIT ZCD,1,0
1789530556031,33980.582,738.1,1.6504,1,WAIT ZCD,1,0
1789530556041,33980.582,738.1,1.6504,1,WAIT ZCD,1,0
1789530556051,33953.113,738.1,1.6504,1,WAIT ZCD,1,0
1789530556061,33980.582,738.1,1.6504,1,WAIT ZCD,1,0
1789530556071,33994.336,738.1,1.6504,1,WAIT ZCD,1,0
1789530556081,33994.336,738.1,1.6504,1,WAIT ZCD,1,0
1789530556091,34008.098,738.1,1.6504,1,WAIT ZCD,1,0
1789530556101,33953.113,738.1,1.6504,1,WAIT ZCD,1,0
1789530556111,33980.582,738.1,1.6504,1,WAIT ZCD,1,0
1789530556121,33966.844,738.1,1.6504,1,WAIT ZCD,1,0
1789530556131,33994.336,738.1,1.6504,1,WAIT ZCD,1,0
1789530556141,33980.582,738.1,1.6504,1,WAIT ZCD,1,0
1789530556151,33994.336,738.1,1.6504,1,WAIT ZCD,1,0
1789530556161,33994.336,738.1,1.6504,1,WAIT ZCD,1,0
1789530556171,33980.582,738.1,1.6504,1,WAIT ZCD,1,0
1789530556181,33980.582,738.1,1.6504,1,WAIT ZCD,1,0
1789530556191,34008.098,738.1,1.6504,1,WAIT ZCD,1,0
1789530556201,33980.582,738.1,1.6504,1,WAIT ZCD,1,0
1789530556211,33980.582,738.1,1.6504,1,WAIT ZCD,1,0
1789530556221,33994.336,738.1,1.6504,1,WAIT ZCD,1,0
1789530556231,33980.582,738.1,1.6504,1,WAIT ZCD,1,0
1789530556241,33994.336,738.1,1.6504,1,WAIT ZCD,1,0
1789530556251,33980.582,738.1,1.6504,1,WAIT ZCD,1,0
1789530556261,33966.844,738.1,1.6504,1,WAIT ZCD,1,0
1789530556271,33980.582,738.1,1.6504,1,WAIT ZCD,1,0
1789530556281,33980.582,738.1,1.6504,1,WAIT ZCD,1,0
1789530556291,33953.113,738.1,1.6504,1,WAIT ZCD,1,0
1789530556301,33994.336,738.1,1.6504,1,WAIT ZCD,1,0
1789530556311,33980.582,738.1,1.6504,1,WAIT ZCD,1,0
1789530556321,33966.844,738.1,1.6504,1,WAIT ZCD,1,0
1789530556331,33966.844,738.1,1.6504,1,WAIT ZCD,1,0
1789530556341,33980.582,738.1,1.6504,1,WAIT ZCD,1,0
1789530556351,33980.582,738.1,1.6504,1,WAIT ZCD,1,0
1789530556361,33980.582,738.1,1.6504,1,WAIT ZCD,1,0
1789530556371,33994.336,738.1,1.6504,1,WAIT ZCD,1,0
1789530556381,33966.844,738.1,1.6504,1,WAIT ZCD,1,0
1789530556391,33980.582,738.1,1.6504,1,WAIT ZCD,1,0
1789530556401,33953.113,738.1,1.6504,1,WAIT ZCD,1,0
1789530556411,33966.844,738.1,1.6504,1,WAIT ZCD,1,0
1789530556421,33966.844,738.1,1.6504,1,WAIT ZCD,1,0
1789530556431,33966.844,738.1,1.6504,1,WAIT ZCD,1,0
1789530556441,34008.098,738.1,1.6504,1,WAIT ZCD,1,0
1789530556451,33953.113,738.1,1.6504,1,WAIT ZCD,1,0
1789530556461,33479.473,571.4,1.6270,2,TRACK,0,0
1789530556471,33426.184,345.2,1.6182,2,TRACK,0,0
1789530556481,33426.184,285.7,1.6117,2,TRACK,0,0
1789530556491,33412.887,250.0,1.6069,2,TRACK,0,0
1789530556501,33426.184,202.4,1.6029,2,TRACK,0,0
1789530556511,33399.602,131.0,1.6004,2,TRACK,0,0
1789530556521,33412.887,47.6,1.5980,3,LOCK,0,1
1789530556531,33412.887,23.8,1.5964,3,LOCK,0,1
1789530556541,33399.602,11.9,1.5956,3,LOCK,0,1
1789530556551,33412.887,83.3,1.5948,2,TRACK,0,0
1789530556561,33386.328,71.4,1.5940,2,TRACK,0,0
1789530556571,33399.602,11.9,1.5932,3,LOCK,0,1
1789530556581,33412.887,-23.8,1.5932,3,LOCK,0,1
1789530556591,33412.887,-11.9,1.5932,3,LOCK,0,1
1789530556601,33399.602,-11.9,1.5932,3,LOCK,0,1
1789530556611,33399.602,35.7,1.5932,3,LOCK,0,1
1789530556621,33399.602,23.8,1.5924,3,LOCK,0,1
1789530556631,33399.602,11.9,1.5924,3,LOCK,0,1
1789530556641,33386.328,-47.6,1.5924,3,LOCK,0,1
1789530556651,33399.602,11.9,1.5932,3,LOCK,0,1
1789530556661,33399.602,-11.9,1.5932,3,LOCK,0,1
1789530556671,33412.887,23.8,1.5932,3,LOCK,0,1
1789530556681,33412.887,35.7,1.5924,3,LOCK,0,1
1789530556691,33412.887,59.5,1.5924,3,LOCK,0,1
1789530556701,33412.887,-47.6,1.5924,3,LOCK,0,1
1789530556711,33373.062,35.7,1.5932,3,LOCK,0,1
1789530556721,33399.602,-35.7,1.5932,3,LOCK,0,1
1789530556731,33412.887,-11.9,1.5940,3,LOCK,0,1
1789530556741,33386.328,0.0,1.5940,3,LOCK,0,1
1789530556751,33399.602,11.9,1.5940,3,LOCK,0,1
1789530556761,33426.184,11.9,1.5940,3,LOCK,0,1
1789530556771,33412.887,-59.5,1.5948,3,LOCK,0,1
1789530556781,33399.602,-71.4,1.5948,2,TRACK,0,0
1789530556791,33373.062,-23.8,1.5956,3,LOCK,0,1
1789530556801,33426.184,59.5,1.5956,3,LOCK,0,1
1789530556811,33399.602,11.9,1.5956,3,LOCK,0,1
1789530556821,33426.184,-35.7,1.5964,3,LOCK,0,1
1789530556831,33386.328,11.9,1.5964,3,LOCK,0,1
1789530556841,33426.184,23.8,1.5956,3,LOCK,0,1
1789530556851,33373.062,0.0,1.5956,3,LOCK,0,1
1789530556861,33399.602,-23.8,1.5956,3,LOCK,0,1
1789530556871,33412.887,23.8,1.5956,3,LOCK,0,1
1789530556881,33399.602,11.9,1.5948,3,LOCK,0,1
1789530556891,33386.328,0.0,1.5956,3,LOCK,0,1
1789530556901,33386.328,0.0,1.5956,3,LOCK,0,1
1789530556911,34008.098,571.4,1.6504,1,WAIT ZCD,1,0
1789530556921,33953.113,571.4,1.6504,1,WAIT ZCD,1,0
1789530556931,33994.336,571.4,1.6504,1,WAIT ZCD,1,0
1789530556941,33980.582,571.4,1.6504,1,WAIT ZCD,1,0
1789530556951,33994.336,571.4,1.6504,1,WAIT ZCD,1,0
1789530556961,33966.844,571.4,1.6504,1,WAIT ZCD,1,0
1789530556971,33966.844,571.4,1.6504,1,WAIT ZCD,1,0
1789530556981,33994.336,571.4,1.6504,1,WAIT ZCD,1,0
1789530556991,33966.844,571.4,1.6504,1,WAIT ZCD,1,0
1789530557001,34008.098,571.4,1.6504,1,WAIT ZCD,1,0
1789530557011,33966.844,571.4,1.6504,1,WAIT ZCD,1,0
1789530557021,33980.582,571.4,1.6504,1,WAIT ZCD,1,0
1789530557031,33994.336,571.4,1.6504,1,WAIT ZCD,1,0
1789530557041,33980.582,571.4,1.6504,1,WAIT ZCD,1,0
1789530557051,33980.582,571.4,1.6504,1,WAIT ZCD,1,0
1789530557061,33953.113,571.4,1.6504,1,WAIT ZCD,1,0
1789530557071,33980.582,571.4,1.6504,1,WAIT ZCD,1,0
1789530557081,33980.582,571.4,1.6504,1,WAIT ZCD,1,0
1789530557091,33980.582,571.4,1.6504,1,WAIT ZCD,1,0
1789530557101,34008.098,571.4,1.6504,1,WAIT ZCD,1,0
1789530557111,33994.336,571.4,1.6504,1,WAIT ZCD,1,0
1789530557121,33980.582,571.4,1.6504,1,WAIT ZCD,1,0
1789530557131,33980.582,571.4,1.6504,1,WAIT ZCD,1,0
1789530557141,33980.582,571.4,1.6504,1,WAIT ZCD,1,0
1789530557151,33966.844,571.4,1.6504,1,WAIT ZCD,1,0
1789530557161,33994.336,571.4,1.6504,1,WAIT ZCD,1,0
1789530557171,34008.098,571.4,1.6504,1,WAIT ZCD,1,0
1789530557181,33966.844,571.4,1.6504,1,WAIT ZCD,1,0
1789530557191,33980.582,571.4,1.6504,1,WAIT ZCD,1,0
1789530557201,33994.336,571.4,1.6504,1,WAIT ZCD,1,0
1789530557211,33994.336,571.4,1.6504,1,WAIT ZCD,1,0
1789530557221,33980.582,571.4,1.6504,1,WAIT ZCD,1,0
1789530557231,33980.582,571.4,1.6504,1,WAIT ZCD,1,0
1789530557241,34008.098,571.4,1.6504,1,WAIT ZCD,1,0
1789530557251,33994.336,571.4,1.6504,1,WAIT ZCD,1,0
1789530557261,33980.582,571.4,1.6504,1,WAIT ZCD,1,0
1789530557271,33980.582,571.4,1.6504,1,WAIT ZCD,1,0
1789530557281,33980.582,571.4,1.6504,1,WAIT ZCD,1,0
1789530557291,33994.336,571.4,1.6504,1,WAIT ZCD,1,0
1789530557301,33966.844,571.4,1.6504,1,WAIT ZCD,1,0
1789530557311,34008.098,571.4,1.6504,1,WAIT ZCD,1,0
1789530557321,33980.582,571.4,1.6504,1,WAIT ZCD,1,0
1789530557331,33994.336,571.4,1.6504,1,WAIT ZCD,1,0
1789530557341,33966.844,571.4,1.6504,1,WAIT ZCD,1,0
1789530557351,33980.582,571.4,1.6504,1,WAIT ZCD,1,0
1789530557361,33980.582,571.4,1.6504,1,WAIT ZCD,1,0
1789530557371,33994.336,571.4,1.6504,1,WAIT ZCD,1,0
1789530557382,33994.336,571.4,1.6504,1,WAIT ZCD,1,0
1789530557391,33994.336,571.4,1.6504,1,WAIT ZCD,1,0
1789530557401,33980.582,571.4,1.6504,1,WAIT ZCD,1,0
1789530557411,33994.336,571.4,1.6504,1,WAIT ZCD,1,0
1789530557421,33980.582,571.4,1.6504,1,WAIT ZCD,1,0
1789530557431,33966.844,571.4,1.6504,1,WAIT ZCD,1,0
1789530557441,33994.336,571.4,1.6504,1,WAIT ZCD,1,0
1789530557451,34008.098,571.4,1.6504,1,WAIT ZCD,1,0
1789530557461,33994.336,571.4,1.6504,1,WAIT ZCD,1,0
1789530557471,33994.336,571.4,1.6504,1,WAIT ZCD,1,0
1789530557481,33980.582,571.4,1.6504,1,WAIT ZCD,1,0
1789530557491,34008.098,571.4,1.6504,1,WAIT ZCD,1,0
1789530557501,33994.336,571.4,1.6504,1,WAIT ZCD,1,0
1789530557511,33980.582,571.4,1.6504,1,WAIT ZCD,1,0
1789530557521,33980.582,571.4,1.6504,1,WAIT ZCD,1,0
1789530557531,33994.336,571.4,1.6504,1,WAIT ZCD,1,0
1789530557541,33966.844,571.4,1.6504,1,WAIT ZCD,1,0
1789530557551,33994.336,571.4,1.6504,1,WAIT ZCD,1,0
1789530557561,33980.582,571.4,1.6504,1,WAIT ZCD,1,0
1789530557571,33980.582,571.4,1.6504,1,WAIT ZCD,1,0
1789530557581,33980.582,571.4,1.6504,1,WAIT ZCD,1,0
1789530557591,33966.844,571.4,1.6504,1,WAIT ZCD,1,0
1789530557601,33980.582,571.4,1.6504,1,WAIT ZCD,1,0
1789530557611,34008.098,571.4,1.6504,1,WAIT ZCD,1,0
1789530557621,33966.844,571.4,1.6504,1,WAIT ZCD,1,0
1789530557631,33966.844,571.4,1.6504,1,WAIT ZCD,1,0
1789530557641,33980.582,571.4,1.6504,1,WAIT ZCD,1,0
1789530557651,33966.844,571.4,1.6504,1,WAIT ZCD,1,0
1789530557661,33980.582,571.4,1.6504,1,WAIT ZCD,1,0
1789530557671,33966.844,571.4,1.6504,1,WAIT ZCD,1,0
1789530557681,34008.098,571.4,1.6504,1,WAIT ZCD,1,0
1789530557691,33980.582,571.4,1.6504,1,WAIT ZCD,1,0
1789530557701,33939.395,571.4,1.6504,1,WAIT ZCD,1,0
1789530557711,33966.844,571.4,1.6504,1,WAIT ZCD,1,0
1789530557721,33980.582,571.4,1.6504,1,WAIT ZCD,1,0
1789530557731,33911.992,571.4,1.6504,1,WAIT ZCD,1,0
1789530557741,33980.582,571.4,1.6504,1,WAIT ZCD,1,0
1789530557751,34008.098,571.4,1.6504,1,WAIT ZCD,1,0
1789530557761,33980.582,571.4,1.6504,1,WAIT ZCD,1,0
1789530557771,33980.582,571.4,1.6504,1,WAIT ZCD,1,0
1789530557781,33966.844,571.4,1.6504,1,WAIT ZCD,1,0
1789530557791,33966.844,571.4,1.6504,1,WAIT ZCD,1,0
1789530557801,33980.582,571.4,1.6504,1,WAIT ZCD,1,0
1789530557811,33966.844,571.4,1.6504,1,WAIT ZCD,1,0
1789530557821,33994.336,571.4,1.6504,1,WAIT ZCD,1,0
1789530557831,33980.582,571.4,1.6504,1,WAIT ZCD,1,0
1789530557841,34008.098,571.4,1.6504,1,WAIT ZCD,1,0
1789530557851,33980.582,571.4,1.6504,1,WAIT ZCD,1,0
1789530557861,34008.098,571.4,1.6504,1,WAIT ZCD,1,0
1789530557871,34008.098,571.4,1.6504,1,WAIT ZCD,1,0
1789530557881,33994.336,571.4,1.6504,1,WAIT ZCD,1,0
1789530557891,33994.336,571.4,1.6504,1,WAIT ZCD,1,0
1789530557901,33980.582,571.4,1.6504,1,WAIT ZCD,1,0
1789530557911,33466.137,607.1,1.6278,2,TRACK,0,0
1789530557921,33452.809,500.0,1.6182,2,TRACK,0,0
1789530557931,33439.492,202.4,1.6109,2,TRACK,0,0
1789530557941,33412.887,238.1,1.6069,2,TRACK,0,0
1789530557951,33426.184,214.3,1.6029,2,TRACK,0,0
1789530557961,33399.602,107.1,1.6004,2,TRACK,0,0
1789530557971,33399.602,119.0,1.5988,2,TRACK,0,0
1789530557981,33426.184,107.1,1.5964,2,TRACK,0,0
1789530557991,33386.328,83.3,1.5956,2,TRACK,0,0
1789530558001,33399.602,23.8,1.5940,3,LOCK,0,1
1789530558011,33399.602,11.9,1.5940,3,LOCK,0,1
1789530558021,33412.887,-23.8,1.5940,3,LOCK,0,1
1789530558031,33386.328,11.9,1.5940,3,LOCK,0,1
1789530558041,33399.602,11.9,1.5940,3,LOCK,0,1
1789530558051,33412.887,-11.9,1.5932,3,LOCK,0,1
1789530558061,33399.602,23.8,1.5932,3,LOCK,0,1
1789530558071,33412.887,47.6,1.5932,3,LOCK,0,1
1789530558081,33412.887,0.0,1.5932,3,LOCK,0,1
1789530558091,33412.887,11.9,1.5932,3,LOCK,0,1
1789530558101,33399.602,23.8,1.5932,3,LOCK,0,1
1789530558111,33399.602,35.7,1.5932,3,LOCK,0,1
1789530558121,33412.887,-59.5,1.5932,3,LOCK,0,1
1789530558131,33399.602,-11.9,1.5932,3,LOCK,0,1
1789530558141,33426.184,59.5,1.5940,3,LOCK,0,1
1789530558151,33412.887,47.6,1.5932,3,LOCK,0,1
1789530558161,33399.602,23.8,1.5940,3,LOCK,0,1
1789530558171,33412.887,11.9,1.5940,3,LOCK,0,1
1789530558181,33412.887,23.8,1.5940,3,LOCK,0,1
1789530558191,33426.184,59.5,1.5940,3,LOCK,0,1
1789530558201,33386.328,11.9,1.5948,3,LOCK,0,1
1789530558211,33386.328,-35.7,1.5940,3,LOCK,0,1
1789530558221,33399.602,-35.7,1.5940,3,LOCK,0,1
1789530558231,33399.602,0.0,1.5940,3,LOCK,0,1
1789530558241,33426.184,35.7,1.5940,3,LOCK,0,1
1789530558251,33426.184,-11.9,1.5940,3,LOCK,0,1
1789530558261,33412.887,35.7,1.5948,3,LOCK,0,1
1789530558271,33412.887,-47.6,1.5948,3,LOCK,0,1
1789530558281,33399.602,11.9,1.5956,3,LOCK,0,1
1789530558291,33386.328,0.0,1.5956,3,LOCK,0,1
1789530558301,33386.328,-47.6,1.5956,3,LOCK,0,1
1789530558311,33399.602,-23.8,1.5956,3,LOCK,0,1
1789530558321,33412.887,47.6,1.5964,3,LOCK,0,1
1789530558332,33386.328,0.0,1.5964,3,LOCK,0,1
1789530558341,33412.887,59.5,1.5964,3,LOCK,0,1
1789530558351,33399.602,11.9,1.5964,3,LOCK,0,1
1789530558361,33994.336,607.1,1.6504,1,WAIT ZCD,1,0
1789530558371,33980.582,607.1,1.6504,1,WAIT ZCD,1,0
1789530558381,33980.582,607.1,1.6504,1,WAIT ZCD,1,0
1789530558391,33980.582,607.1,1.6504,1,WAIT ZCD,1,0
1789530558401,33980.582,607.1,1.6504,1,WAIT ZCD,1,0
1789530558411,33966.844,607.1,1.6504,1,WAIT ZCD,1,0
1789530558421,33980.582,607.1,1.6504,1,WAIT ZCD,1,0
1789530558431,33980.582,607.1,1.6504,1,WAIT ZCD,1,0
1789530558441,33980.582,607.1,1.6504,1,WAIT ZCD,1,0
1789530558451,33966.844,607.1,1.6504,1,WAIT ZCD,1,0
1789530558461,33980.582,607.1,1.6504,1,WAIT ZCD,1,0
1789530558471,33994.336,607.1,1.6504,1,WAIT ZCD,1,0
1789530558481,33966.844,607.1,1.6504,1,WAIT ZCD,1,0
1789530558491,33980.582,607.1,1.6504,1,WAIT ZCD,1,0
1789530558501,33980.582,607.1,1.6504,1,WAIT ZCD,1,0
1789530558511,33966.844,607.1,1.6504,1,WAIT ZCD,1,0
1789530558521,33980.582,607.1,1.6504,1,WAIT ZCD,1,0
1789530558531,33966.844,607.1,1.6504,1,WAIT ZCD,1,0
1789530558541,33994.336,607.1,1.6504,1,WAIT ZCD,1,0
1789530558551,33966.844,607.1,1.6504,1,WAIT ZCD,1,0
1789530558561,33980.582,607.1,1.6504,1,WAIT ZCD,1,0
1789530558571,33966.844,607.1,1.6504,1,WAIT ZCD,1,0
1789530558581,33994.336,607.1,1.6504,1,WAIT ZCD,1,0
1789530558591,34008.098,607.1,1.6504,1,WAIT ZCD,1,0
1789530558601,33980.582,607.1,1.6504,1,WAIT ZCD,1,0
1789530558611,34021.871,607.1,1.6504,1,WAIT ZCD,1,0
1789530558621,33966.844,607.1,1.6504,1,WAIT ZCD,1,0
1789530558631,33980.582,607.1,1.6504,1,WAIT ZCD,1,0
1789530558641,33980.582,607.1,1.6504,1,WAIT ZCD,1,0
1789530558651,33980.582,607.1,1.6504,1,WAIT ZCD,1,0
1789530558661,33994.336,607.1,1.6504,1,WAIT ZCD,1,0
1789530558671,33980.582,607.1,1.6504,1,WAIT ZCD,1,0
1789530558681,33994.336,607.1,1.6504,1,WAIT ZCD,1,0
1789530558691,33994.336,607.1,1.6504,1,WAIT ZCD,1,0
1789530558701,33994.336,607.1,1.6504,1,WAIT ZCD,1,0
1789530558711,33994.336,607.1,1.6504,1,WAIT ZCD,1,0
1789530558721,33966.844,607.1,1.6504,1,WAIT ZCD,1,0
1789530558731,33980.582,607.1,1.6504,1,WAIT ZCD,1,0
1789530558741,33980.582,607.1,1.6504,1,WAIT ZCD,1,0
1789530558751,33980.582,607.1,1.6504,1,WAIT ZCD,1,0
1789530558761,33980.582,607.1,1.6504,1,WAIT ZCD,1,0
1789530558771,33980.582,607.1,1.6504,1,WAIT ZCD,1,0
1789530558781,33966.844,607.1,1.6504,1,WAIT ZCD,1,0
1789530558791,33966.844,607.1,1.6504,1,WAIT ZCD,1,0
1789530558801,34008.098,607.1,1.6504,1,WAIT ZCD,1,0
1789530558811,33980.582,607.1,1.6504,1,WAIT ZCD,1,0
1789530558821,33980.582,607.1,1.6504,1,WAIT ZCD,1,0
1789530558831,33966.844,607.1,1.6504,1,WAIT ZCD,1,0
1789530558841,33994.336,607.1,1.6504,1,WAIT ZCD,1,0
1789530558851,33966.844,607.1,1.6504,1,WAIT ZCD,1,0
1789530558861,33980.582,607.1,1.6504,1,WAIT ZCD,1,0
1789530558871,33953.113,607.1,1.6504,1,WAIT ZCD,1,0
1789530558881,33980.582,607.1,1.6504,1,WAIT ZCD,1,0
1789530558891,33966.844,607.1,1.6504,1,WAIT ZCD,1,0
1789530558901,33994.336,607.1,1.6504,1,WAIT ZCD,1,0
1789530558911,33953.113,607.1,1.6504,1,WAIT ZCD,1,0
1789530558921,33980.582,607.1,1.6504,1,WAIT ZCD,1,0
1789530558931,33980.582,607.1,1.6504,1,WAIT ZCD,1,0
1789530558941,33994.336,607.1,1.6504,1,WAIT ZCD,1,0
1789530558951,33980.582,607.1,1.6504,1,WAIT ZCD,1,0
1789530558961,33953.113,607.1,1.6504,1,WAIT ZCD,1,0
1789530558971,33980.582,607.1,1.6504,1,WAIT ZCD,1,0
1789530558981,33966.844,607.1,1.6504,1,WAIT ZCD,1,0
1789530558991,33966.844,607.1,1.6504,1,WAIT ZCD,1,0
1789530559001,33966.844,607.1,1.6504,1,WAIT ZCD,1,0
1789530559011,33966.844,607.1,1.6504,1,WAIT ZCD,1,0
1789530559021,33994.336,607.1,1.6504,1,WAIT ZCD,1,0
1789530559031,33966.844,607.1,1.6504,1,WAIT ZCD,1,0
1789530559041,33980.582,607.1,1.6504,1,WAIT ZCD,1,0
1789530559051,33966.844,607.1,1.6504,1,WAIT ZCD,1,0
1789530559061,33953.113,607.1,1.6504,1,WAIT ZCD,1,0
1789530559071,33980.582,607.1,1.6504,1,WAIT ZCD,1,0
1789530559081,33994.336,607.1,1.6504,1,WAIT ZCD,1,0
1789530559091,33994.336,607.1,1.6504,1,WAIT ZCD,1,0
1789530559102,33994.336,607.1,1.6504,1,WAIT ZCD,1,0
1789530559111,33980.582,607.1,1.6504,1,WAIT ZCD,1,0
1789530559121,33966.844,607.1,1.6504,1,WAIT ZCD,1,0
1789530559131,33980.582,607.1,1.6504,1,WAIT ZCD,1,0
1789530559141,34008.098,607.1,1.6504,1,WAIT ZCD,1,0
1789530559151,33966.844,607.1,1.6504,1,WAIT ZCD,1,0
1789530559161,33980.582,607.1,1.6504,1,WAIT ZCD,1,0
1789530559171,33980.582,607.1,1.6504,1,WAIT ZCD,1,0
1789530559181,33994.336,607.1,1.6504,1,WAIT ZCD,1,0
1789530559191,33980.582,607.1,1.6504,1,WAIT ZCD,1,0
1789530559201,33966.844,607.1,1.6504,1,WAIT ZCD,1,0
1789530559211,33953.113,607.1,1.6504,1,WAIT ZCD,1,0
1789530559221,33953.113,607.1,1.6504,1,WAIT ZCD,1,0
1789530559231,33966.844,607.1,1.6504,1,WAIT ZCD,1,0
1789530559241,33966.844,607.1,1.6504,1,WAIT ZCD,1,0
1789530559251,33980.582,607.1,1.6504,1,WAIT ZCD,1,0
1789530559261,33966.844,607.1,1.6504,1,WAIT ZCD,1,0
1789530559271,33953.113,607.1,1.6504,1,WAIT ZCD,1,0
1789530559281,33980.582,607.1,1.6504,1,WAIT ZCD,1,0
1789530559291,33980.582,607.1,1.6504,1,WAIT ZCD,1,0
1789530559301,33966.844,607.1,1.6504,1,WAIT ZCD,1,0
1789530559311,33953.113,607.1,1.6504,1,WAIT ZCD,1,0
1789530559321,33994.336,607.1,1.6504,1,WAIT ZCD,1,0
1789530559331,33953.113,607.1,1.6504,1,WAIT ZCD,1,0
1789530559341,33966.844,607.1,1.6504,1,WAIT ZCD,1,0
1789530559351,33953.113,607.1,1.6504,1,WAIT ZCD,1,0
1789530559361,33452.809,678.6,1.6303,2,TRACK,0,0
1789530559371,33399.602,452.4,1.6174,2,TRACK,0,0
1789530559381,33426.184,333.3,1.6117,2,TRACK,0,0
1789530559391,33412.887,154.8,1.6069,2,TRACK,0,0
1789530559401,33412.887,190.5,1.6037,2,TRACK,0,0
1789530559411,33373.062,83.3,1.6012,2,TRACK,0,0
1789530559421,33386.328,119.0,1.5988,2,TRACK,0,0
1789530559431,33373.062,83.3,1.5964,2,TRACK,0,0
1789530559441,33386.328,23.8,1.5956,3,LOCK,0,1
1789530559451,33373.062,35.7,1.5948,3,LOCK,0,1
1789530559461,33412.887,35.7,1.5948,3,LOCK,0,1
1789530559471,33386.328,0.0,1.5940,3,LOCK,0,1
1789530559481,33399.602,35.7,1.5940,3,LOCK,0,1
1789530559491,33386.328,-23.8,1.5940,3,LOCK,0,1
1789530559502,33412.887,23.8,1.5948,3,LOCK,0,1
1789530559512,33412.887,23.8,1.5940,3,LOCK,0,1
1789530559522,33386.328,11.9,1.5940,3,LOCK,0,1
1789530559532,33399.602,-47.6,1.5940,3,LOCK,0,1
1789530559542,33386.328,47.6,1.5940,3,LOCK,0,1
1789530559552,33412.887,-23.8,1.5932,3,LOCK,0,1
1789530559562,33399.602,-59.5,1.5932,3,LOCK,0,1
1789530559572,33399.602,0.0,1.5940,3,LOCK,0,1
1789530559582,33399.602,0.0,1.5940,3,LOCK,0,1
1789530559592,33386.328,-59.5,1.5940,3,LOCK,0,1
1789530559602,33386.328,35.7,1.5948,3,LOCK,0,1
1789530559612,33359.809,-35.7,1.5948,3,LOCK,0,1
1789530559622,33399.602,-35.7,1.5948,3,LOCK,0,1
1789530559632,33373.062,-47.6,1.5948,3,LOCK,0,1
1789530559642,33412.887,-59.5,1.5956,3,LOCK,0,1
1789530559652,33412.887,-11.9,1.5956,3,LOCK,0,1
1789530559662,33426.184,11.9,1.5956,3,LOCK,0,1
1789530559672,33386.328,-83.3,1.5956,2,TRACK,0,0
1789530559682,33399.602,23.8,1.5956,3,LOCK,0,1
1789530559692,33426.184,35.7,1.5956,3,LOCK,0,1
1789530559702,33386.328,0.0,1.5956,3,LOCK,0,1
1789530559712,33399.602,-47.6,1.5956,3,LOCK,0,1
1789530559722,33399.602,-35.7,1.5956,3,LOCK,0,1
1789530559732,33412.887,-23.8,1.5964,3,LOCK,0,1
1789530559742,33399.602,23.8,1.5964,3,LOCK,0,1
1789530559752,33359.809,11.9,1.5964,3,LOCK,0,1
1789530559762,33399.602,23.8,1.5972,3,LOCK,0,1
1789530559772,33412.887,11.9,1.5972,3,LOCK,0,1
1789530559782,33399.602,0.0,1.5972,3,LOCK,0,1
1789530559792,33386.328,-35.7,1.5972,3,LOCK,0,1
1789530559802,33412.887,-47.6,1.5972,3,LOCK,0,1
1789530559812,33980.582,678.6,1.6504,1,WAIT ZCD,1,0
1789530559822,33994.336,678.6,1.6504,1,WAIT ZCD,1,0
1789530559832,33980.582,678.6,1.6504,1,WAIT ZCD,1,0
1789530559842,33966.844,678.6,1.6504,1,WAIT ZCD,1,0
1789530559852,33980.582,678.6,1.6504,1,WAIT ZCD,1,0
1789530559862,33980.582,678.6,1.6504,1,WAIT ZCD,1,0
1789530559872,33966.844,678.6,1.6504,1,WAIT ZCD,1,0
1789530559882,33994.336,678.6,1.6504,1,WAIT ZCD,1,0
1789530559892,33980.582,678.6,1.6504,1,WAIT ZCD,1,0
1789530559902,33966.844,678.6,1.6504,1,WAIT ZCD,1,0
1789530559912,33966.844,678.6,1.6504,1,WAIT ZCD,1,0
1789530559922,33980.582,678.6,1.6504,1,WAIT ZCD,1,0
1789530559932,33980.582,678.6,1.6504,1,WAIT ZCD,1,0
1789530559942,33980.582,678.6,1.6504,1,WAIT ZCD,1,0
1789530559952,33994.336,678.6,1.6504,1,WAIT ZCD,1,0
1789530559962,33966.844,678.6,1.6504,1,WAIT ZCD,1,0
1789530559972,33994.336,678.6,1.6504,1,WAIT ZCD,1,0
1789530559982,33966.844,678.6,1.6504,1,WAIT ZCD,1,0
1789530559992,33966.844,678.6,1.6504,1,WAIT ZCD,1,0
1789530560002,33994.336,678.6,1.6504,1,WAIT ZCD,1,0
1789530560012,34008.098,678.6,1.6504,1,WAIT ZCD,1,0
1789530560022,33980.582,678.6,1.6504,1,WAIT ZCD,1,0
1789530560032,33980.582,678.6,1.6504,1,WAIT ZCD,1,0
1789530560042,33994.336,678.6,1.6504,1,WAIT ZCD,1,0
1789530560052,34008.098,678.6,1.6504,1,WAIT ZCD,1,0
1789530560062,33966.844,678.6,1.6504,1,WAIT ZCD,1,0
1789530560072,33994.336,678.6,1.6504,1,WAIT ZCD,1,0
1789530560082,33980.582,678.6,1.6504,1,WAIT ZCD,1,0
1789530560092,33953.113,678.6,1.6504,1,WAIT ZCD,1,0
1789530560102,33980.582,678.6,1.6504,1,WAIT ZCD,1,0
1789530560112,33994.336,678.6,1.6504,1,WAIT ZCD,1,0
1789530560122,33980.582,678.6,1.6504,1,WAIT ZCD,1,0
1789530560132,33994.336,678.6,1.6504,1,WAIT ZCD,1,0
1789530560142,33966.844,678.6,1.6504,1,WAIT ZCD,1,0
1789530560152,33994.336,678.6,1.6504,1,WAIT ZCD,1,0
1789530560162,33980.582,678.6,1.6504,1,WAIT ZCD,1,0
1789530560172,33980.582,678.6,1.6504,1,WAIT ZCD,1,0
1789530560182,33966.844,678.6,1.6504,1,WAIT ZCD,1,0
1789530560192,33966.844,678.6,1.6504,1,WAIT ZCD,1,0
1789530560202,33994.336,678.6,1.6504,1,WAIT ZCD,1,0
1789530560212,33980.582,678.6,1.6504,1,WAIT ZCD,1,0
1789530560222,33980.582,678.6,1.6504,1,WAIT ZCD,1,0
1789530560232,34008.098,678.6,1.6504,1,WAIT ZCD,1,0
1789530560242,33966.844,678.6,1.6504,1,WAIT ZCD,1,0
1789530560252,33994.336,678.6,1.6504,1,WAIT ZCD,1,0
1789530560262,33966.844,678.6,1.6504,1,WAIT ZCD,1,0
1789530560272,33994.336,678.6,1.6504,1,WAIT ZCD,1,0
1789530560282,33980.582,678.6,1.6504,1,WAIT ZCD,1,0
1789530560292,33966.844,678.6,1.6504,1,WAIT ZCD,1,0
1789530560302,33980.582,678.6,1.6504,1,WAIT ZCD,1,0
1789530560312,33966.844,678.6,1.6504,1,WAIT ZCD,1,0
1789530560322,33994.336,678.6,1.6504,1,WAIT ZCD,1,0
1789530560332,33980.582,678.6,1.6504,1,WAIT ZCD,1,0
1789530560342,33966.844,678.6,1.6504,1,WAIT ZCD,1,0
1789530560352,33994.336,678.6,1.6504,1,WAIT ZCD,1,0
1789530560362,33980.582,678.6,1.6504,1,WAIT ZCD,1,0
1789530560372,33994.336,678.6,1.6504,1,WAIT ZCD,1,0
1789530560382,33966.844,678.6,1.6504,1,WAIT ZCD,1,0
1789530560392,33980.582,678.6,1.6504,1,WAIT ZCD,1,0
1789530560402,33966.844,678.6,1.6504,1,WAIT ZCD,1,0
1789530560412,33994.336,678.6,1.6504,1,WAIT ZCD,1,0
1789530560422,33966.844,678.6,1.6504,1,WAIT ZCD,1,0
1789530560432,33980.582,678.6,1.6504,1,WAIT ZCD,1,0
1789530560442,34021.871,678.6,1.6504,1,WAIT ZCD,1,0
1789530560452,33953.113,678.6,1.6504,1,WAIT ZCD,1,0
1789530560462,33980.582,678.6,1.6504,1,WAIT ZCD,1,0
1789530560472,33953.113,678.6,1.6504,1,WAIT ZCD,1,0
1789530560482,33966.844,678.6,1.6504,1,WAIT ZCD,1,0
1789530560492,33980.582,678.6,1.6504,1,WAIT ZCD,1,0
1789530560502,33953.113,678.6,1.6504,1,WAIT ZCD,1,0
1789530560512,33994.336,678.6,1.6504,1,WAIT ZCD,1,0
1789530560522,33966.844,678.6,1.6504,1,WAIT ZCD,1,0
1789530560532,33994.336,678.6,1.6504,1,WAIT ZCD,1,0
1789530560542,33980.582,678.6,1.6504,1,WAIT ZCD,1,0
1789530560552,34008.098,678.6,1.6504,1,WAIT ZCD,1,0
1789530560562,33994.336,678.6,1.6504,1,WAIT ZCD,1,0
1789530560572,33980.582,678.6,1.6504,1,WAIT ZCD,1,0
1789530560582,33980.582,678.6,1.6504,1,WAIT ZCD,1,0
1789530560592,34008.098,678.6,1.6504,1,WAIT ZCD,1,0
1789530560602,33966.844,678.6,1.6504,1,WAIT ZCD,1,0
1789530560612,33994.336,678.6,1.6504,1,WAIT ZCD,1,0
1789530560622,33966.844,678.6,1.6504,1,WAIT ZCD,1,0
1789530560632,33994.336,678.6,1.6504,1,WAIT ZCD,1,0
1789530560642,33994.336,678.6,1.6504,1,WAIT ZCD,1,0
1789530560652,33966.844,678.6,1.6504,1,WAIT ZCD,1,0
1789530560662,33980.582,678.6,1.6504,1,WAIT ZCD,1,0
1789530560672,33980.582,678.6,1.6504,1,WAIT ZCD,1,0
1789530560682,33980.582,678.6,1.6504,1,WAIT ZCD,1,0
1789530560692,33994.336,678.6,1.6504,1,WAIT ZCD,1,0
1789530560702,33980.582,678.6,1.6504,1,WAIT ZCD,1,0
1789530560712,33994.336,678.6,1.6504,1,WAIT ZCD,1,0
1789530560722,33980.582,678.6,1.6504,1,WAIT ZCD,1,0
1789530560732,33994.336,678.6,1.6504,1,WAIT ZCD,1,0
1789530560742,34008.098,678.6,1.6504,1,WAIT ZCD,1,0
1789530560752,33980.582,678.6,1.6504,1,WAIT ZCD,1,0
1789530560762,33980.582,678.6,1.6504,1,WAIT ZCD,1,0
1789530560772,33994.336,678.6,1.6504,1,WAIT ZCD,1,0
1789530560782,33994.336,678.6,1.6504,1,WAIT ZCD,1,0
1789530560793,33980.582,678.6,1.6504,1,WAIT ZCD,1,0
1789530560802,33980.582,678.6,1.6504,1,WAIT ZCD,1,0
1789530560812,33452.809,595.2,1.6303,2,TRACK,0,0
1789530560822,33452.809,404.8,1.6206,2,TRACK,0,0
1789530560832,33426.184,381.0,1.6141,2,TRACK,0,0
1789530560842,33412.887,190.5,1.6077,2,TRACK,0,0
1789530560852,33426.184,202.4,1.6045,2,TRACK,0,0
1789530560862,33412.887,142.9,1.6004,2,TRACK,0,0
1789530560872,33412.887,119.0,1.5980,2,TRACK,0,0
1789530560882,33399.602,83.3,1.5964,2,TRACK,0,0
1789530560897,33386.328,35.7,1.5956,3,LOCK,0,1
1789530560902,33399.602,11.9,1.5940,3,LOCK,0,1
1789530560912,33399.602,47.6,1.5932,3,LOCK,0,1
1789530560922,33399.602,0.0,1.5924,3,LOCK,0,1
1789530560932,33399.602,-47.6,1.5924,3,LOCK,0,1
1789530560942,33399.602,0.0,1.5924,3,LOCK,0,1
1789530560952,33386.328,59.5,1.5924,3,LOCK,0,1
1789530560962,33426.184,59.5,1.5916,3,LOCK,0,1
1789530560972,33412.887,23.8,1.5916,3,LOCK,0,1
1789530560982,33412.887,47.6,1.5924,3,LOCK,0,1
1789530560992,33412.887,-11.9,1.5924,3,LOCK,0,1
1789530561002,33386.328,-71.4,1.5924,2,TRACK,0,0
1789530561012,33386.328,-47.6,1.5932,3,LOCK,0,1
1789530561022,33412.887,-11.9,1.5932,3,LOCK,0,1
1789530561032,33399.602,-23.8,1.5932,3,LOCK,0,1
1789530561042,33399.602,0.0,1.5932,3,LOCK,0,1
1789530561052,33399.602,35.7,1.5940,3,LOCK,0,1
1789530561062,33426.184,-35.7,1.5948,3,LOCK,0,1
1789530561072,33399.602,23.8,1.5948,3,LOCK,0,1
1789530561082,33386.328,-59.5,1.5948,3,LOCK,0,1
1789530561092,33412.887,-11.9,1.5948,3,LOCK,0,1
1789530561104,33399.602,-11.9,1.5956,3,LOCK,0,1
1789530561114,33426.184,-35.7,1.5956,3,LOCK,0,1
1789530561124,33426.184,11.9,1.5964,3,LOCK,0,1
1789530561134,33412.887,-35.7,1.5972,3,LOCK,0,1
1789530561144,33386.328,11.9,1.5964,3,LOCK,0,1
1789530561155,33412.887,-47.6,1.5972,3,LOCK,0,1
1789530561164,33399.602,-11.9,1.5972,3,LOCK,0,1
1789530561174,33439.492,35.7,1.5972,3,LOCK,0,1
1789530561184,33386.328,-47.6,1.5972,3,LOCK,0,1
1789530561194,33373.062,-71.4,1.5980,2,TRACK,0,0
1789530561204,33412.887,11.9,1.5980,3,LOCK,0,1
1789530561214,33412.887,0.0,1.5980,3,LOCK,0,1
1789530561224,33426.184,47.6,1.5980,3,LOCK,0,1
1789530561234,33412.887,-35.7,1.5980,3,LOCK,0,1
1789530561244,33412.887,23.8,1.5980,3,LOCK,0,1
1789530561254,33399.602,23.8,1.5980,3,LOCK,0,1
1789530561264,33980.582,595.2,1.6504,1,WAIT ZCD,1,0
1789530561274,33966.844,595.2,1.6504,1,WAIT ZCD,1,0
1789530561284,33994.336,595.2,1.6504,1,WAIT ZCD,1,0
1789530561294,33966.844,595.2,1.6504,1,WAIT ZCD,1,0
1789530561304,34008.098,595.2,1.6504,1,WAIT ZCD,1,0
1789530561314,33966.844,595.2,1.6504,1,WAIT ZCD,1,0
1789530561324,33966.844,595.2,1.6504,1,WAIT ZCD,1,0
1789530561334,33980.582,595.2,1.6504,1,WAIT ZCD,1,0
1789530561344,33994.336,595.2,1.6504,1,WAIT ZCD,1,0
1789530561354,33994.336,595.2,1.6504,1,WAIT ZCD,1,0
1789530561364,33994.336,595.2,1.6504,1,WAIT ZCD,1,0
1789530561374,33980.582,595.2,1.6504,1,WAIT ZCD,1,0
1789530561384,34008.098,595.2,1.6504,1,WAIT ZCD,1,0
1789530561394,33994.336,595.2,1.6504,1,WAIT ZCD,1,0
1789530561404,33994.336,595.2,1.6504,1,WAIT ZCD,1,0
1789530561414,33980.582,595.2,1.6504,1,WAIT ZCD,1,0
1789530561424,33994.336,595.2,1.6504,1,WAIT ZCD,1,0
1789530561434,33980.582,595.2,1.6504,1,WAIT ZCD,1,0
1789530561444,34008.098,595.2,1.6504,1,WAIT ZCD,1,0
1789530561454,33994.336,595.2,1.6504,1,WAIT ZCD,1,0
1789530561464,33980.582,595.2,1.6504,1,WAIT ZCD,1,0
1789530561474,33966.844,595.2,1.6504,1,WAIT ZCD,1,0
1789530561484,34008.098,595.2,1.6504,1,WAIT ZCD,1,0
1789530561494,33980.582,595.2,1.6504,1,WAIT ZCD,1,0
1789530561504,33980.582,595.2,1.6504,1,WAIT ZCD,1,0
1789530561514,33966.844,595.2,1.6504,1,WAIT ZCD,1,0
1789530561524,33980.582,595.2,1.6504,1,WAIT ZCD,1,0
1789530561534,33994.336,595.2,1.6504,1,WAIT ZCD,1,0
1789530561544,33994.336,595.2,1.6504,1,WAIT ZCD,1,0
1789530561554,33966.844,595.2,1.6504,1,WAIT ZCD,1,0
1789530561564,33980.582,595.2,1.6504,1,WAIT ZCD,1,0
1789530561574,33966.844,595.2,1.6504,1,WAIT ZCD,1,0
1789530561584,33994.336,595.2,1.6504,1,WAIT ZCD,1,0
1789530561594,33966.844,595.2,1.6504,1,WAIT ZCD,1,0
1789530561604,33994.336,595.2,1.6504,1,WAIT ZCD,1,0
1789530561614,33994.336,595.2,1.6504,1,WAIT ZCD,1,0
1789530561624,33966.844,595.2,1.6504,1,WAIT ZCD,1,0
1789530561634,33994.336,595.2,1.6504,1,WAIT ZCD,1,0
1789530561644,33980.582,595.2,1.6504,1,WAIT ZCD,1,0
1789530561654,33980.582,595.2,1.6504,1,WAIT ZCD,1,0
1789530561664,33966.844,595.2,1.6504,1,WAIT ZCD,1,0
1789530561674,33994.336,595.2,1.6504,1,WAIT ZCD,1,0
1789530561684,33966.844,595.2,1.6504,1,WAIT ZCD,1,0
1789530561694,33980.582,595.2,1.6504,1,WAIT ZCD,1,0
1789530561704,33980.582,595.2,1.6504,1,WAIT ZCD,1,0
1789530561714,33994.336,595.2,1.6504,1,WAIT ZCD,1,0
1789530561724,33966.844,595.2,1.6504,1,WAIT ZCD,1,0
1789530561734,33966.844,595.2,1.6504,1,WAIT ZCD,1,0
1789530561744,33980.582,595.2,1.6504,1,WAIT ZCD,1,0
1789530561754,33994.336,595.2,1.6504,1,WAIT ZCD,1,0
1789530561764,33994.336,595.2,1.6504,1,WAIT ZCD,1,0
1789530561774,34008.098,595.2,1.6504,1,WAIT ZCD,1,0
1789530561784,33966.844,595.2,1.6504,1,WAIT ZCD,1,0
1789530561794,33980.582,595.2,1.6504,1,WAIT ZCD,1,0
1789530561804,33966.844,595.2,1.6504,1,WAIT ZCD,1,0
1789530561814,33980.582,595.2,1.6504,1,WAIT ZCD,1,0
1789530561824,33966.844,595.2,1.6504,1,WAIT ZCD,1,0
1789530561834,33980.582,595.2,1.6504,1,WAIT ZCD,1,0
1789530561844,33980.582,595.2,1.6504,1,WAIT ZCD,1,0
1789530561854,33994.336,595.2,1.6504,1,WAIT ZCD,1,0
1789530561864,33994.336,595.2,1.6504,1,WAIT ZCD,1,0
1789530561874,33980.582,595.2,1.6504,1,WAIT ZCD,1,0
1789530561884,33980.582,595.2,1.6504,1,WAIT ZCD,1,0
1789530561894,33966.844,595.2,1.6504,1,WAIT ZCD,1,0
1789530561904,33994.336,595.2,1.6504,1,WAIT ZCD,1,0
1789530561914,33980.582,595.2,1.6504,1,WAIT ZCD,1,0
1789530561924,33966.844,595.2,1.6504,1,WAIT ZCD,1,0
1789530561934,33980.582,595.2,1.6504,1,WAIT ZCD,1,0
1789530561944,33980.582,595.2,1.6504,1,WAIT ZCD,1,0
1789530561954,33953.113,595.2,1.6504,1,WAIT ZCD,1,0
1789530561964,33994.336,595.2,1.6504,1,WAIT ZCD,1,0
1789530561974,33966.844,595.2,1.6504,1,WAIT ZCD,1,0
1789530561984,33966.844,595.2,1.6504,1,WAIT ZCD,1,0
1789530561994,33994.336,595.2,1.6504,1,WAIT ZCD,1,0
1789530562004,33980.582,595.2,1.6504,1,WAIT ZCD,1,0
1789530562014,33994.336,595.2,1.6504,1,WAIT ZCD,1,0
1789530562024,34008.098,595.2,1.6504,1,WAIT ZCD,1,0
1789530562034,33994.336,595.2,1.6504,1,WAIT ZCD,1,0
1789530562044,33994.336,595.2,1.6504,1,WAIT ZCD,1,0
1789530562054,33980.582,595.2,1.6504,1,WAIT ZCD,1,0
1789530562064,33994.336,595.2,1.6504,1,WAIT ZCD,1,0
1789530562074,33966.844,595.2,1.6504,1,WAIT ZCD,1,0
1789530562084,33994.336,595.2,1.6504,1,WAIT ZCD,1,0
1789530562094,34008.098,595.2,1.6504,1,WAIT ZCD,1,0
1789530562104,33980.582,595.2,1.6504,1,WAIT ZCD,1,0
1789530562114,34008.098,595.2,1.6504,1,WAIT ZCD,1,0
1789530562124,33980.582,595.2,1.6504,1,WAIT ZCD,1,0
1789530562134,33980.582,595.2,1.6504,1,WAIT ZCD,1,0
1789530562144,33980.582,595.2,1.6504,1,WAIT ZCD,1,0
1789530562154,33994.336,595.2,1.6504,1,WAIT ZCD,1,0
1789530562164,33994.336,595.2,1.6504,1,WAIT ZCD,1,0
1789530562174,33980.582,595.2,1.6504,1,WAIT ZCD,1,0
1789530562184,34021.871,595.2,1.6504,1,WAIT ZCD,1,0
1789530562194,33994.336,595.2,1.6504,1,WAIT ZCD,1,0
1789530562204,33980.582,595.2,1.6504,1,WAIT ZCD,1,0
1789530562214,33980.582,595.2,1.6504,1,WAIT ZCD,1,0
1789530562224,33980.582,595.2,1.6504,1,WAIT ZCD,1,0
1789530562234,33980.582,595.2,1.6504,1,WAIT ZCD,1,0
1789530562244,33980.582,595.2,1.6504,1,WAIT ZCD,1,0
1789530562254,33980.582,595.2,1.6504,1,WAIT ZCD,1,0
1789530562264,33439.492,654.8,1.6278,2,TRACK,0,0
1789530562274,33466.137,452.4,1.6174,2,TRACK,0,0
1789530562284,33439.492,309.5,1.6109,2,TRACK,0,0
1789530562294,33439.492,166.7,1.6069,2,TRACK,0,0
1789530562304,33399.602,190.5,1.6037,2,TRACK,0,0
1789530562314,33426.184,154.8,1.6004,2,TRACK,0,0
1789530562324,33426.184,95.2,1.5988,2,TRACK,0,0
1789530562334,33412.887,107.1,1.5972,2,TRACK,0,0
1789530562344,33412.887,11.9,1.5964,3,LOCK,0,1
1789530562354,33399.602,-47.6,1.5956,3,LOCK,0,1
1789530562364,33412.887,11.9,1.5948,3,LOCK,0,1
1789530562374,33399.602,47.6,1.5948,3,LOCK,0,1
1789530562384,33412.887,59.5,1.5940,3,LOCK,0,1
1789530562394,33399.602,11.9,1.5948,3,LOCK,0,1
1789530562404,33412.887,-23.8,1.5948,3,LOCK,0,1
1789530562414,33426.184,-47.6,1.5948,3,LOCK,0,1
1789530562424,33399.602,-35.7,1.5956,3,LOCK,0,1
1789530562434,33399.602,0.0,1.5948,3,LOCK,0,1
1789530562444,33386.328,-23.8,1.5956,3,LOCK,0,1
1789530562454,33412.887,35.7,1.5948,3,LOCK,0,1
1789530562464,33412.887,23.8,1.5948,3,LOCK,0,1
1789530562474,33412.887,11.9,1.5948,3,LOCK,0,1
1789530562484,33399.602,-23.8,1.5948,3,LOCK,0,1
1789530562494,33426.184,-47.6,1.5956,3,LOCK,0,1
1789530562504,33399.602,-83.3,1.5956,2,TRACK,0,0
1789530562514,33386.328,-35.7,1.5964,3,LOCK,0,1
1789530562525,33399.602,-11.9,1.5964,3,LOCK,0,1
1789530562535,33412.887,-47.6,1.5956,3,LOCK,0,1
1789530562544,33399.602,-47.6,1.5964,3,LOCK,0,1
1789530562554,33412.887,0.0,1.5964,3,LOCK,0,1
1789530562564,33399.602,-23.8,1.5964,3,LOCK,0,1
1789530562575,33386.328,-35.7,1.5972,3,LOCK,0,1
1789530562584,33399.602,-23.8,1.5964,3,LOCK,0,1
1789530562594,33412.887,-11.9,1.5964,3,LOCK,0,1
1789530562606,33412.887,23.8,1.5964,3,LOCK,0,1
1789530562615,33412.887,59.5,1.5964,3,LOCK,0,1
1789530562625,33386.328,-11.9,1.5972,3,LOCK,0,1
1789530562635,33426.184,11.9,1.5964,3,LOCK,0,1
1789530562645,33386.328,-47.6,1.5972,3,LOCK,0,1
1789530562655,33399.602,-35.7,1.5972,3,LOCK,0,1
1789530562665,33386.328,-47.6,1.5980,3,LOCK,0,1
1789530562675,33399.602,47.6,1.5980,3,LOCK,0,1
1789530562685,33412.887,-11.9,1.5988,3,LOCK,0,1
1789530562695,33426.184,-47.6,1.5988,3,LOCK,0,1
1789530562705,33412.887,11.9,1.5988,3,LOCK,0,1
1789530562715,33953.113,654.8,1.6504,1,WAIT ZCD,1,0
1789530562725,33980.582,654.8,1.6504,1,WAIT ZCD,1,0
1789530562735,34008.098,654.8,1.6504,1,WAIT ZCD,1,0
1789530562745,33966.844,654.8,1.6504,1,WAIT ZCD,1,0
1789530562755,33966.844,654.8,1.6504,1,WAIT ZCD,1,0
1789530562765,33980.582,654.8,1.6504,1,WAIT ZCD,1,0
1789530562775,34008.098,654.8,1.6504,1,WAIT ZCD,1,0
1789530562785,33980.582,654.8,1.6504,1,WAIT ZCD,1,0
1789530562795,33980.582,654.8,1.6504,1,WAIT ZCD,1,0
1789530562805,33980.582,654.8,1.6504,1,WAIT ZCD,1,0
1789530562815,33994.336,654.8,1.6504,1,WAIT ZCD,1,0
1789530562825,33980.582,654.8,1.6504,1,WAIT ZCD,1,0
1789530562835,33966.844,654.8,1.6504,1,WAIT ZCD,1,0
1789530562845,33980.582,654.8,1.6504,1,WAIT ZCD,1,0
1789530562855,33966.844,654.8,1.6504,1,WAIT ZCD,1,0
1789530562865,33994.336,654.8,1.6504,1,WAIT ZCD,1,0
1789530562875,33994.336,654.8,1.6504,1,WAIT ZCD,1,0
1789530562885,33939.395,654.8,1.6504,1,WAIT ZCD,1,0
1789530562895,33980.582,654.8,1.6504,1,WAIT ZCD,1,0
1789530562905,33980.582,654.8,1.6504,1,WAIT ZCD,1,0
1789530562915,33994.336,654.8,1.6504,1,WAIT ZCD,1,0
1789530562925,33966.844,654.8,1.6504,1,WAIT ZCD,1,0
1789530562935,33966.844,654.8,1.6504,1,WAIT ZCD,1,0
1789530562945,33966.844,654.8,1.6504,1,WAIT ZCD,1,0
1789530562955,33980.582,654.8,1.6504,1,WAIT ZCD,1,0
1789530562965,34021.871,654.8,1.6504,1,WAIT ZCD,1,0
1789530562975,33994.336,654.8,1.6504,1,WAIT ZCD,1,0
1789530562985,33980.582,654.8,1.6504,1,WAIT ZCD,1,0
1789530562995,33980.582,654.8,1.6504,1,WAIT ZCD,1,0
1789530563005,33953.113,654.8,1.6504,1,WAIT ZCD,1,0
1789530563015,33980.582,654.8,1.6504,1,WAIT ZCD,1,0
1789530563025,33966.844,654.8,1.6504,1,WAIT ZCD,1,0
1789530563035,34021.871,654.8,1.6504,1,WAIT ZCD,1,0
1789530563045,33980.582,654.8,1.6504,1,WAIT ZCD,1,0
1789530563055,33980.582,654.8,1.6504,1,WAIT ZCD,1,0
1789530563065,33966.844,654.8,1.6504,1,WAIT ZCD,1,0
1789530563075,33980.582,654.8,1.6504,1,WAIT ZCD,1,0
1789530563085,33994.336,654.8,1.6504,1,WAIT ZCD,1,0
1789530563095,33966.844,654.8,1.6504,1,WAIT ZCD,1,0
1789530563105,33994.336,654.8,1.6504,1,WAIT ZCD,1,0
1789530563115,33994.336,654.8,1.6504,1,WAIT ZCD,1,0
1789530563125,33994.336,654.8,1.6504,1,WAIT ZCD,1,0
1789530563135,33953.113,654.8,1.6504,1,WAIT ZCD,1,0
1789530563145,33980.582,654.8,1.6504,1,WAIT ZCD,1,0
1789530563155,33953.113,654.8,1.6504,1,WAIT ZCD,1,0
1789530563165,33980.582,654.8,1.6504,1,WAIT ZCD,1,0
1789530563175,33994.336,654.8,1.6504,1,WAIT ZCD,1,0
1789530563185,33953.113,654.8,1.6504,1,WAIT ZCD,1,0
1789530563195,33980.582,654.8,1.6504,1,WAIT ZCD,1,0
1789530563205,33953.113,654.8,1.6504,1,WAIT ZCD,1,0
1789530563215,33994.336,654.8,1.6504,1,WAIT ZCD,1,0
1789530563225,33980.582,654.8,1.6504,1,WAIT ZCD,1,0
1789530563235,33994.336,654.8,1.6504,1,WAIT ZCD,1,0
1789530563245,33966.844,654.8,1.6504,1,WAIT ZCD,1,0
1789530563255,33980.582,654.8,1.6504,1,WAIT ZCD,1,0
1789530563265,33994.336,654.8,1.6504,1,WAIT ZCD,1,0
1789530563275,33966.844,654.8,1.6504,1,WAIT ZCD,1,0
1789530563285,33966.844,654.8,1.6504,1,WAIT ZCD,1,0
1789530563295,33966.844,654.8,1.6504,1,WAIT ZCD,1,0
1789530563305,33980.582,654.8,1.6504,1,WAIT ZCD,1,0
1789530563315,33953.113,654.8,1.6504,1,WAIT ZCD,1,0
1789530563325,33980.582,654.8,1.6504,1,WAIT ZCD,1,0
1789530563335,33966.844,654.8,1.6504,1,WAIT ZCD,1,0
1789530563345,33980.582,654.8,1.6504,1,WAIT ZCD,1,0
1789530563355,33966.844,654.8,1.6504,1,WAIT ZCD,1,0
1789530563365,33980.582,654.8,1.6504,1,WAIT ZCD,1,0
1789530563375,33980.582,654.8,1.6504,1,WAIT ZCD,1,0
1789530563385,34008.098,654.8,1.6504,1,WAIT ZCD,1,0
1789530563395,33966.844,654.8,1.6504,1,WAIT ZCD,1,0
1789530563405,33966.844,654.8,1.6504,1,WAIT ZCD,1,0
1789530563415,34008.098,654.8,1.6504,1,WAIT ZCD,1,0
1789530563425,33980.582,654.8,1.6504,1,WAIT ZCD,1,0
1789530563435,34008.098,654.8,1.6504,1,WAIT ZCD,1,0
1789530563445,33966.844,654.8,1.6504,1,WAIT ZCD,1,0
1789530563455,33980.582,654.8,1.6504,1,WAIT ZCD,1,0
1789530563465,33980.582,654.8,1.6504,1,WAIT ZCD,1,0
1789530563475,33966.844,654.8,1.6504,1,WAIT ZCD,1,0
1789530563485,33994.336,654.8,1.6504,1,WAIT ZCD,1,0
1789530563495,33953.113,654.8,1.6504,1,WAIT ZCD,1,0
1789530563505,33953.113,654.8,1.6504,1,WAIT ZCD,1,0
1789530563515,33980.582,654.8,1.6504,1,WAIT ZCD,1,0
1789530563525,33953.113,654.8,1.6504,1,WAIT ZCD,1,0
1789530563535,33939.395,654.8,1.6504,1,WAIT ZCD,1,0
1789530563545,33980.582,654.8,1.6504,1,WAIT ZCD,1,0
1789530563555,33939.395,654.8,1.6504,1,WAIT ZCD,1,0
1789530563565,33939.395,654.8,1.6504,1,WAIT ZCD,1,0
1789530563575,33994.336,654.8,1.6504,1,WAIT ZCD,1,0
1789530563585,33925.688,654.8,1.6504,1,WAIT ZCD,1,0
1789530563595,33953.113,654.8,1.6504,1,WAIT ZCD,1,0
1789530563605,33939.395,654.8,1.6504,1,WAIT ZCD,1,0
1789530563615,33980.582,654.8,1.6504,1,WAIT ZCD,1,0
1789530563625,33980.582,654.8,1.6504,1,WAIT ZCD,1,0
1789530563635,33994.336,654.8,1.6504,1,WAIT ZCD,1,0
1789530563645,34008.098,654.8,1.6504,1,WAIT ZCD,1,0
1789530563655,33994.336,654.8,1.6504,1,WAIT ZCD,1,0
1789530563665,33939.395,654.8,1.6504,1,WAIT ZCD,1,0
1789530563675,33980.582,654.8,1.6504,1,WAIT ZCD,1,0
1789530563685,33966.844,654.8,1.6504,1,WAIT ZCD,1,0
1789530563695,33994.336,654.8,1.6504,1,WAIT ZCD,1,0
1789530563705,33980.582,654.8,1.6504,1,WAIT ZCD,1,0
1789530563715,33492.824,607.1,1.6295,2,TRACK,0,0
1789530563725,33426.184,369.0,1.6206,2,TRACK,0,0
1789530563735,33452.809,261.9,1.6141,2,TRACK,0,0
1789530563745,33426.184,214.3,1.6101,2,TRACK,0,0
1789530563755,33412.887,226.2,1.6053,2,TRACK,0,0
1789530563765,33412.887,107.1,1.6021,2,TRACK,0,0
1789530563775,33399.602,119.0,1.6004,2,TRACK,0,0
1789530563785,33399.602,35.7,1.5988,3,LOCK,0,1
1789530563795,33399.602,23.8,1.5972,3,LOCK,0,1
1789530563805,33386.328,0.0,1.5972,3,LOCK,0,1
1789530563815,33426.184,95.2,1.5956,2,TRACK,0,0
1789530563825,33386.328,23.8,1.5956,3,LOCK,0,1
1789530563835,33412.887,-23.8,1.5948,3,LOCK,0,1
1789530563845,33386.328,-47.6,1.5956,3,LOCK,0,1
1789530563855,33412.887,59.5,1.5956,3,LOCK,0,1
1789530563865,33399.602,-47.6,1.5956,3,LOCK,0,1
1789530563875,33386.328,23.8,1.5956,3,LOCK,0,1
1789530563885,33412.887,-47.6,1.5956,3,LOCK,0,1
1789530563895,33373.062,-35.7,1.5956,3,LOCK,0,1
1789530563905,33373.062,35.7,1.5956,3,LOCK,0,1
1789530563915,33399.602,11.9,1.5964,3,LOCK,0,1
1789530563925,33399.602,23.8,1.5964,3,LOCK,0,1
1789530563935,33426.184,-47.6,1.5964,3,LOCK,0,1
1789530563945,33386.328,-35.7,1.5972,3,LOCK,0,1
1789530563955,33412.887,11.9,1.5972,3,LOCK,0,1
1789530563965,33426.184,0.0,1.5980,3,LOCK,0,1
1789530563975,33399.602,11.9,1.5980,3,LOCK,0,1
1789530563985,33386.328,-35.7,1.5980,3,LOCK,0,1
1789530563995,33399.602,-35.7,1.5980,3,LOCK,0,1
1789530564005,33412.887,0.0,1.5980,3,LOCK,0,1
1789530564015,33439.492,23.8,1.5988,3,LOCK,0,1
1789530564025,33412.887,-23.8,1.5988,3,LOCK,0,1
1789530564035,33399.602,-23.8,1.5988,3,LOCK,0,1
1789530564045,33412.887,23.8,1.5988,3,LOCK,0,1
1789530564055,33439.492,11.9,1.5996,3,LOCK,0,1
1789530564065,33426.184,35.7,1.5988,3,LOCK,0,1
1789530564076,33412.887,47.6,1.5996,3,LOCK,0,1
1789530564085,33452.809,-35.7,1.5988,3,LOCK,0,1
1789530564095,33412.887,35.7,1.5996,3,LOCK,0,1
1789530564105,33359.809,-11.9,1.5996,3,LOCK,0,1
1789530564115,33426.184,-35.7,1.5996,3,LOCK,0,1
1789530564125,33399.602,11.9,1.5996,3,LOCK,0,1
1789530564135,33399.602,11.9,1.5996,3,LOCK,0,1
1789530564145,33373.062,0.0,1.6004,3,LOCK,0,1
1789530564155,33412.887,11.9,1.5996,3,LOCK,0,1
1789530564165,33994.336,607.1,1.6504,1,WAIT ZCD,1,0
1789530564175,33966.844,607.1,1.6504,1,WAIT ZCD,1,0
1789530564185,33966.844,607.1,1.6504,1,WAIT ZCD,1,0
1789530564195,33980.582,607.1,1.6504,1,WAIT ZCD,1,0
1789530564205,33980.582,607.1,1.6504,1,WAIT ZCD,1,0
1789530564215,33994.336,607.1,1.6504,1,WAIT ZCD,1,0
1789530564225,34008.098,607.1,1.6504,1,WAIT ZCD,1,0
1789530564235,33994.336,607.1,1.6504,1,WAIT ZCD,1,0
1789530564245,33966.844,607.1,1.6504,1,WAIT ZCD,1,0
1789530564255,33966.844,607.1,1.6504,1,WAIT ZCD,1,0
1789530564265,34008.098,607.1,1.6504,1,WAIT ZCD,1,0
1789530564275,33939.395,607.1,1.6504,1,WAIT ZCD,1,0
1789530564285,34008.098,607.1,1.6504,1,WAIT ZCD,1,0
1789530564295,33994.336,607.1,1.6504,1,WAIT ZCD,1,0
1789530564305,33994.336,607.1,1.6504,1,WAIT ZCD,1,0
1789530564315,33994.336,607.1,1.6504,1,WAIT ZCD,1,0
1789530564325,33980.582,607.1,1.6504,1,WAIT ZCD,1,0
1789530564335,34008.098,607.1,1.6504,1,WAIT ZCD,1,0
1789530564345,33953.113,607.1,1.6504,1,WAIT ZCD,1,0
1789530564355,34008.098,607.1,1.6504,1,WAIT ZCD,1,0
1789530564365,33966.844,607.1,1.6504,1,WAIT ZCD,1,0
1789530564375,33966.844,607.1,1.6504,1,WAIT ZCD,1,0
1789530564385,33966.844,607.1,1.6504,1,WAIT ZCD,1,0
1789530564395,33966.844,607.1,1.6504,1,WAIT ZCD,1,0
1789530564405,33994.336,607.1,1.6504,1,WAIT ZCD,1,0
1789530564415,33994.336,607.1,1.6504,1,WAIT ZCD,1,0
1789530564425,33994.336,607.1,1.6504,1,WAIT ZCD,1,0
1789530564435,33966.844,607.1,1.6504,1,WAIT ZCD,1,0
1789530564445,33966.844,607.1,1.6504,1,WAIT ZCD,1,0
1789530564455,33980.582,607.1,1.6504,1,WAIT ZCD,1,0
1789530564465,33980.582,607.1,1.6504,1,WAIT ZCD,1,0
1789530564475,33980.582,607.1,1.6504,1,WAIT ZCD,1,0
1789530564485,33966.844,607.1,1.6504,1,WAIT ZCD,1,0
1789530564495,34008.098,607.1,1.6504,1,WAIT ZCD,1,0
1789530564505,33994.336,607.1,1.6504,1,WAIT ZCD,1,0
1789530564515,33911.992,607.1,1.6504,1,WAIT ZCD,1,0
1789530564525,33966.844,607.1,1.6504,1,WAIT ZCD,1,0
1789530564535,33966.844,607.1,1.6504,1,WAIT ZCD,1,0
1789530564545,33980.582,607.1,1.6504,1,WAIT ZCD,1,0
1789530564555,33980.582,607.1,1.6504,1,WAIT ZCD,1,0
1789530564565,33994.336,607.1,1.6504,1,WAIT ZCD,1,0
1789530564575,33994.336,607.1,1.6504,1,WAIT ZCD,1,0
1789530564585,33953.113,607.1,1.6504,1,WAIT ZCD,1,0
1789530564595,33953.113,607.1,1.6504,1,WAIT ZCD,1,0
1789530564605,33939.395,607.1,1.6504,1,WAIT ZCD,1,0
1789530564615,33980.582,607.1,1.6504,1,WAIT ZCD,1,0
1789530564625,33966.844,607.1,1.6504,1,WAIT ZCD,1,0
1789530564635,33994.336,607.1,1.6504,1,WAIT ZCD,1,0
1789530564645,33953.113,607.1,1.6504,1,WAIT ZCD,1,0
1789530564655,33980.582,607.1,1.6504,1,WAIT ZCD,1,0
1789530564665,33966.844,607.1,1.6504,1,WAIT ZCD,1,0
1789530564675,33980.582,607.1,1.6504,1,WAIT ZCD,1,0
1789530564685,33966.844,607.1,1.6504,1,WAIT ZCD,1,0
1789530564695,33966.844,607.1,1.6504,1,WAIT ZCD,1,0
1789530564705,33980.582,607.1,1.6504,1,WAIT ZCD,1,0
1789530564715,33980.582,607.1,1.6504,1,WAIT ZCD,1,0
1789530564725,33966.844,607.1,1.6504,1,WAIT ZCD,1,0
1789530564735,33953.113,607.1,1.6504,1,WAIT ZCD,1,0
1789530564745,33994.336,607.1,1.6504,1,WAIT ZCD,1,0
1789530564755,33966.844,607.1,1.6504,1,WAIT ZCD,1,0
1789530564765,33953.113,607.1,1.6504,1,WAIT ZCD,1,0
1789530564775,34021.871,607.1,1.6504,1,WAIT ZCD,1,0
1789530564785,33980.582,607.1,1.6504,1,WAIT ZCD,1,0
1789530564795,34008.098,607.1,1.6504,1,WAIT ZCD,1,0
1789530564805,33966.844,607.1,1.6504,1,WAIT ZCD,1,0
1789530564815,33980.582,607.1,1.6504,1,WAIT ZCD,1,0
1789530564825,33953.113,607.1,1.6504,1,WAIT ZCD,1,0
1789530564835,34008.098,607.1,1.6504,1,WAIT ZCD,1,0
1789530564845,33994.336,607.1,1.6504,1,WAIT ZCD,1,0
1789530564855,33994.336,607.1,1.6504,1,WAIT ZCD,1,0
1789530564865,33980.582,607.1,1.6504,1,WAIT ZCD,1,0
1789530564875,33994.336,607.1,1.6504,1,WAIT ZCD,1,0
1789530564885,33953.113,607.1,1.6504,1,WAIT ZCD,1,0
1789530564895,33953.113,607.1,1.6504,1,WAIT ZCD,1,0
1789530564905,33966.844,607.1,1.6504,1,WAIT ZCD,1,0
1789530564915,33966.844,607.1,1.6504,1,WAIT ZCD,1,0
1789530564925,33994.336,607.1,1.6504,1,WAIT ZCD,1,0
1789530564935,33994.336,607.1,1.6504,1,WAIT ZCD,1,0
1789530564945,33953.113,607.1,1.6504,1,WAIT ZCD,1,0
1789530564955,33980.582,607.1,1.6504,1,WAIT ZCD,1,0
1789530564965,33966.844,607.1,1.6504,1,WAIT ZCD,1,0
1789530564975,34008.098,607.1,1.6504,1,WAIT ZCD,1,0
1789530564985,33980.582,607.1,1.6504,1,WAIT ZCD,1,0
1789530564995,33980.582,607.1,1.6504,1,WAIT ZCD,1,0
1789530565005,33966.844,607.1,1.6504,1,WAIT ZCD,1,0
1789530565015,33980.582,607.1,1.6504,1,WAIT ZCD,1,0
1789530565025,34008.098,607.1,1.6504,1,WAIT ZCD,1,0
1789530565035,33953.113,607.1,1.6504,1,WAIT ZCD,1,0
1789530565045,33966.844,607.1,1.6504,1,WAIT ZCD,1,0
1789530565055,33966.844,607.1,1.6504,1,WAIT ZCD,1,0
1789530565065,33980.582,607.1,1.6504,1,WAIT ZCD,1,0
1789530565075,33994.336,607.1,1.6504,1,WAIT ZCD,1,0
1789530565085,33980.582,607.1,1.6504,1,WAIT ZCD,1,0
1789530565095,34008.098,607.1,1.6504,1,WAIT ZCD,1,0
1789530565105,33966.844,607.1,1.6504,1,WAIT ZCD,1,0
1789530565115,33994.336,607.1,1.6504,1,WAIT ZCD,1,0
1789530565125,33939.395,607.1,1.6504,1,WAIT ZCD,1,0
1789530565135,33994.336,607.1,1.6504,1,WAIT ZCD,1,0
1789530565145,33994.336,607.1,1.6504,1,WAIT ZCD,1,0
1789530565155,33994.336,607.1,1.6504,1,WAIT ZCD,1,0
1789530565165,33439.492,559.5,1.6311,2,TRACK,0,0
1789530565175,33439.492,381.0,1.6222,2,TRACK,0,0
1789530565185,33439.492,297.6,1.6149,2,TRACK,0,0
1789530565195,33412.887,190.5,1.6101,2,TRACK,0,0
1789530565205,33426.184,142.9,1.6061,2,TRACK,0,0
1789530565215,33412.887,95.2,1.6029,2,TRACK,0,0
1789530565225,33373.062,83.3,1.6012,2,TRACK,0,0
1789530565235,33373.062,11.9,1.5996,3,LOCK,0,1
1789530565245,33412.887,35.7,1.5988,3,LOCK,0,1
1789530565255,33426.184,59.5,1.5980,3,LOCK,0,1
1789530565265,33386.328,-23.8,1.5972,3,LOCK,0,1
1789530565275,33426.184,35.7,1.5972,3,LOCK,0,1
1789530565285,33426.184,35.7,1.5964,3,LOCK,0,1
1789530565295,33399.602,23.8,1.5964,3,LOCK,0,1
1789530565305,33412.887,0.0,1.5956,3,LOCK,0,1
1789530565315,33386.328,71.4,1.5956,2,TRACK,0,0
1789530565325,33412.887,23.8,1.5956,3,LOCK,0,1
1789530565335,33386.328,-59.5,1.5956,3,LOCK,0,1
1789530565345,33412.887,0.0,1.5964,3,LOCK,0,1
1789530565355,33399.602,-35.7,1.5964,3,LOCK,0,1
1789530565365,33399.602,-47.6,1.5972,3,LOCK,0,1
1789530565375,33439.492,-35.7,1.5972,3,LOCK,0,1
1789530565385,33399.602,-47.6,1.5972,3,LOCK,0,1
1789530565395,33426.184,23.8,1.5980,3,LOCK,0,1
1789530565408,33386.328,-23.8,1.5972,3,LOCK,0,1
1789530565418,33386.328,23.8,1.5980,3,LOCK,0,1
1789530565428,33386.328,-47.6,1.5980,3,LOCK,0,1
1789530565438,33412.887,23.8,1.5980,3,LOCK,0,1
1789530565448,33386.328,23.8,1.5988,3,LOCK,0,1
1789530565458,33426.184,11.9,1.5988,3,LOCK,0,1
1789530565468,33399.602,0.0,1.5988,3,LOCK,0,1
1789530565478,33399.602,11.9,1.5996,3,LOCK,0,1
1789530565488,33426.184,0.0,1.5996,3,LOCK,0,1
1789530565498,33426.184,23.8,1.5996,3,LOCK,0,1
1789530565508,33426.184,-11.9,1.5988,3,LOCK,0,1
1789530565518,33399.602,11.9,1.5996,3,LOCK,0,1
1789530565528,33399.602,0.0,1.5996,3,LOCK,0,1
1789530565538,33399.602,-23.8,1.5996,3,LOCK,0,1
1789530565548,33426.184,59.5,1.5996,3,LOCK,0,1
1789530565558,33399.602,-47.6,1.5996,3,LOCK,0,1
1789530565568,33386.328,-23.8,1.6004,3,LOCK,0,1
1789530565578,33426.184,-11.9,1.5996,3,LOCK,0,1
1789530565588,33399.602,11.9,1.6004,3,LOCK,0,1
1789530565598,33412.887,23.8,1.6004,3,LOCK,0,1
1789530565610,33775.633,559.5,1.5996,1,WAIT ZCD,1,0
1789530565620,33994.336,559.5,1.6504,1,WAIT ZCD,1,0
1789530565630,33966.844,559.5,1.6504,1,WAIT ZCD,1,0
1789530565640,33966.844,559.5,1.6504,1,WAIT ZCD,1,0
1789530565650,33980.582,559.5,1.6504,1,WAIT ZCD,1,0
1789530565660,33966.844,559.5,1.6504,1,WAIT ZCD,1,0
1789530565670,33966.844,559.5,1.6504,1,WAIT ZCD,1,0
1789530565680,34008.098,559.5,1.6504,1,WAIT ZCD,1,0
1789530565690,33953.113,559.5,1.6504,1,WAIT ZCD,1,0
1789530565700,33980.582,559.5,1.6504,1,WAIT ZCD,1,0
1789530565710,33980.582,559.5,1.6504,1,WAIT ZCD,1,0
1789530565720,33966.844,559.5,1.6504,1,WAIT ZCD,1,0
1789530565730,33980.582,559.5,1.6504,1,WAIT ZCD,1,0
1789530565740,33980.582,559.5,1.6504,1,WAIT ZCD,1,0
1789530565750,33966.844,559.5,1.6504,1,WAIT ZCD,1,0
1789530565760,33953.113,559.5,1.6504,1,WAIT ZCD,1,0
1789530565770,33994.336,559.5,1.6504,1,WAIT ZCD,1,0
1789530565780,33966.844,559.5,1.6504,1,WAIT ZCD,1,0
1789530565790,33994.336,559.5,1.6504,1,WAIT ZCD,1,0
1789530565800,33966.844,559.5,1.6504,1,WAIT ZCD,1,0
1789530565810,33980.582,559.5,1.6504,1,WAIT ZCD,1,0
1789530565820,33994.336,559.5,1.6504,1,WAIT ZCD,1,0
1789530565830,33994.336,559.5,1.6504,1,WAIT ZCD,1,0
1789530565840,33980.582,559.5,1.6504,1,WAIT ZCD,1,0
1789530565850,33980.582,559.5,1.6504,1,WAIT ZCD,1,0
1789530565860,33953.113,559.5,1.6504,1,WAIT ZCD,1,0
1789530565870,33980.582,559.5,1.6504,1,WAIT ZCD,1,0
1789530565880,33953.113,559.5,1.6504,1,WAIT ZCD,1,0
1789530565890,33994.336,559.5,1.6504,1,WAIT ZCD,1,0
1789530565900,33980.582,559.5,1.6504,1,WAIT ZCD,1,0
1789530565910,33980.582,559.5,1.6504,1,WAIT ZCD,1,0
1789530565920,34008.098,559.5,1.6504,1,WAIT ZCD,1,0
1789530565930,33966.844,559.5,1.6504,1,WAIT ZCD,1,0
1789530565940,34008.098,559.5,1.6504,1,WAIT ZCD,1,0
1789530565950,33980.582,559.5,1.6504,1,WAIT ZCD,1,0
1789530565960,33994.336,559.5,1.6504,1,WAIT ZCD,1,0
1789530565970,33994.336,559.5,1.6504,1,WAIT ZCD,1,0
1789530565980,33980.582,559.5,1.6504,1,WAIT ZCD,1,0
1789530565990,33966.844,559.5,1.6504,1,WAIT ZCD,1,0
1789530566000,33994.336,559.5,1.6504,1,WAIT ZCD,1,0
1789530566010,33966.844,559.5,1.6504,1,WAIT ZCD,1,0
1789530566020,33994.336,559.5,1.6504,1,WAIT ZCD,1,0
1789530566030,33980.582,559.5,1.6504,1,WAIT ZCD,1,0
1789530566040,33994.336,559.5,1.6504,1,WAIT ZCD,1,0
1789530566050,33966.844,559.5,1.6504,1,WAIT ZCD,1,0
1789530566060,33994.336,559.5,1.6504,1,WAIT ZCD,1,0
1789530566070,33953.113,559.5,1.6504,1,WAIT ZCD,1,0
1789530566080,34008.098,559.5,1.6504,1,WAIT ZCD,1,0
1789530566090,33980.582,559.5,1.6504,1,WAIT ZCD,1,0
1789530566100,34008.098,559.5,1.6504,1,WAIT ZCD,1,0
1789530566110,33966.844,559.5,1.6504,1,WAIT ZCD,1,0
1789530566120,33953.113,559.5,1.6504,1,WAIT ZCD,1,0
1789530566130,33994.336,559.5,1.6504,1,WAIT ZCD,1,0
1789530566140,33980.582,559.5,1.6504,1,WAIT ZCD,1,0
1789530566150,33966.844,559.5,1.6504,1,WAIT ZCD,1,0
1789530566160,33994.336,559.5,1.6504,1,WAIT ZCD,1,0
1789530566170,33980.582,559.5,1.6504,1,WAIT ZCD,1,0
1789530566180,33980.582,559.5,1.6504,1,WAIT ZCD,1,0
1789530566190,33980.582,559.5,1.6504,1,WAIT ZCD,1,0
1789530566200,33980.582,559.5,1.6504,1,WAIT ZCD,1,0
1789530566210,33966.844,559.5,1.6504,1,WAIT ZCD,1,0
1789530566220,33980.582,559.5,1.6504,1,WAIT ZCD,1,0
1789530566230,33994.336,559.5,1.6504,1,WAIT ZCD,1,0
1789530566240,33966.844,559.5,1.6504,1,WAIT ZCD,1,0
1789530566250,33994.336,559.5,1.6504,1,WAIT ZCD,1,0
1789530566260,33980.582,559.5,1.6504,1,WAIT ZCD,1,0
1789530566270,33980.582,559.5,1.6504,1,WAIT ZCD,1,0
1789530566280,33994.336,559.5,1.6504,1,WAIT ZCD,1,0
1789530566290,33966.844,559.5,1.6504,1,WAIT ZCD,1,0
1789530566300,33980.582,559.5,1.6504,1,WAIT ZCD,1,0
1789530566310,33980.582,559.5,1.6504,1,WAIT ZCD,1,0
1789530566320,33980.582,559.5,1.6504,1,WAIT ZCD,1,0
1789530566330,33980.582,559.5,1.6504,1,WAIT ZCD,1,0
1789530566340,33980.582,559.5,1.6504,1,WAIT ZCD,1,0
1789530566350,33953.113,559.5,1.6504,1,WAIT ZCD,1,0
1789530566360,33980.582,559.5,1.6504,1,WAIT ZCD,1,0
1789530566370,33966.844,559.5,1.6504,1,WAIT ZCD,1,0
1789530566380,33980.582,559.5,1.6504,1,WAIT ZCD,1,0
1789530566390,33980.582,559.5,1.6504,1,WAIT ZCD,1,0
1789530566400,33966.844,559.5,1.6504,1,WAIT ZCD,1,0
1789530566410,33994.336,559.5,1.6504,1,WAIT ZCD,1,0
1789530566420,33980.582,559.5,1.6504,1,WAIT ZCD,1,0
1789530566430,33980.582,559.5,1.6504,1,WAIT ZCD,1,0
1789530566440,33980.582,559.5,1.6504,1,WAIT ZCD,1,0
1789530566450,34008.098,559.5,1.6504,1,WAIT ZCD,1,0
1789530566460,33953.113,559.5,1.6504,1,WAIT ZCD,1,0
1789530566470,33994.336,559.5,1.6504,1,WAIT ZCD,1,0
1789530566480,33953.113,559.5,1.6504,1,WAIT ZCD,1,0
1789530566490,33966.844,559.5,1.6504,1,WAIT ZCD,1,0
1789530566500,33994.336,559.5,1.6504,1,WAIT ZCD,1,0
1789530566510,33980.582,559.5,1.6504,1,WAIT ZCD,1,0
1789530566520,34008.098,559.5,1.6504,1,WAIT ZCD,1,0
1789530566530,33980.582,559.5,1.6504,1,WAIT ZCD,1,0
1789530566540,33980.582,559.5,1.6504,1,WAIT ZCD,1,0
1789530566550,34008.098,559.5,1.6504,1,WAIT ZCD,1,0
1789530566560,33966.844,559.5,1.6504,1,WAIT ZCD,1,0
1789530566570,34008.098,559.5,1.6504,1,WAIT ZCD,1,0
1789530566580,33966.844,559.5,1.6504,1,WAIT ZCD,1,0
1789530566590,33953.113,559.5,1.6504,1,WAIT ZCD,1,0
1789530566600,33966.844,559.5,1.6504,1,WAIT ZCD,1,0
1789530566610,33452.809,690.5,1.6327,2,TRACK,0,0
1789530566620,33439.492,428.6,1.6286,2,TRACK,0,0
1789530566630,33439.492,345.2,1.6214,2,TRACK,0,0
1789530566640,33439.492,261.9,1.6149,2,TRACK,0,0
1789530566650,33399.602,226.2,1.6109,2,TRACK,0,0
1789530566660,33399.602,154.8,1.6069,2,TRACK,0,0
1789530566670,33412.887,142.9,1.6045,2,TRACK,0,0
1789530566680,33412.887,59.5,1.6021,3,LOCK,0,1
1789530566690,33412.887,59.5,1.6004,3,LOCK,0,1
1789530566700,33426.184,35.7,1.5996,3,LOCK,0,1
1789530566710,33412.887,-23.8,1.5996,3,LOCK,0,1
1789530566720,33412.887,83.3,1.5980,2,TRACK,0,0
1789530566730,33399.602,47.6,1.5980,3,LOCK,0,1
1789530566740,33373.062,-11.9,1.5980,3,LOCK,0,1
1789530566750,33386.328,-47.6,1.5972,3,LOCK,0,1
1789530566762,33412.887,11.9,1.5980,3,LOCK,0,1
1789530566772,33373.062,-11.9,1.5980,3,LOCK,0,1
1789530566782,33399.602,35.7,1.5980,3,LOCK,0,1
1789530566792,33386.328,-35.7,1.5980,3,LOCK,0,1
1789530566802,33386.328,-23.8,1.5972,3,LOCK,0,1
1789530566812,33399.602,23.8,1.5972,3,LOCK,0,1
1789530566825,33412.887,-47.6,1.5980,3,LOCK,0,1
1789530566835,33399.602,0.0,1.5980,3,LOCK,0,1
1789530566845,33426.184,0.0,1.5980,3,LOCK,0,1
1789530566855,33399.602,-59.5,1.5980,3,LOCK,0,1
1789530566865,33399.602,-47.6,1.5980,3,LOCK,0,1
1789530566875,33373.062,-47.6,1.5988,3,LOCK,0,1
1789530566885,33373.062,11.9,1.5996,3,LOCK,0,1
1789530566895,33386.328,0.0,1.5996,3,LOCK,0,1
1789530566905,33399.602,-35.7,1.5996,3,LOCK,0,1
1789530566915,33399.602,47.6,1.5996,3,LOCK,0,1
1789530566925,33373.062,-47.6,1.5996,3,LOCK,0,1
1789530566935,33399.602,11.9,1.5996,3,LOCK,0,1
1789530566946,33426.184,-23.8,1.6004,3,LOCK,0,1
1789530566956,33412.887,0.0,1.6004,3,LOCK,0,1
1789530566966,33426.184,23.8,1.6004,3,LOCK,0,1
1789530566976,33412.887,23.8,1.6004,3,LOCK,0,1
1789530566986,33386.328,-11.9,1.6004,3,LOCK,0,1
1789530566996,33399.602,-35.7,1.6012,3,LOCK,0,1
1789530567006,33399.602,-35.7,1.6012,3,LOCK,0,1
1789530567016,33412.887,23.8,1.6012,3,LOCK,0,1
1789530567026,33412.887,11.9,1.6012,3,LOCK,0,1
1789530567036,33412.887,59.5,1.6012,3,LOCK,0,1
1789530567046,33426.184,-47.6,1.6012,3,LOCK,0,1
1789530567056,33399.602,71.4,1.6012,2,TRACK,0,0
1789530567066,33980.582,690.5,1.6504,1,WAIT ZCD,1,0
1789530567076,33939.395,690.5,1.6504,1,WAIT ZCD,1,0
1789530567086,33953.113,690.5,1.6504,1,WAIT ZCD,1,0
1789530567096,33994.336,690.5,1.6504,1,WAIT ZCD,1,0
1789530567106,33953.113,690.5,1.6504,1,WAIT ZCD,1,0
1789530567116,33980.582,690.5,1.6504,1,WAIT ZCD,1,0
1789530567126,33966.844,690.5,1.6504,1,WAIT ZCD,1,0
1789530567136,33980.582,690.5,1.6504,1,WAIT ZCD,1,0
1789530567146,33994.336,690.5,1.6504,1,WAIT ZCD,1,0
1789530567156,33966.844,690.5,1.6504,1,WAIT ZCD,1,0
1789530567166,34008.098,690.5,1.6504,1,WAIT ZCD,1,0
1789530567176,33953.113,690.5,1.6504,1,WAIT ZCD,1,0
1789530567186,33966.844,690.5,1.6504,1,WAIT ZCD,1,0
1789530567196,34008.098,690.5,1.6504,1,WAIT ZCD,1,0
1789530567206,33980.582,690.5,1.6504,1,WAIT ZCD,1,0
1789530567216,33953.113,690.5,1.6504,1,WAIT ZCD,1,0
1789530567226,33980.582,690.5,1.6504,1,WAIT ZCD,1,0
1789530567236,33980.582,690.5,1.6504,1,WAIT ZCD,1,0
1789530567246,33953.113,690.5,1.6504,1,WAIT ZCD,1,0
1789530567256,33953.113,690.5,1.6504,1,WAIT ZCD,1,0
1789530567266,33953.113,690.5,1.6504,1,WAIT ZCD,1,0
1789530567276,33966.844,690.5,1.6504,1,WAIT ZCD,1,0
1789530567286,33980.582,690.5,1.6504,1,WAIT ZCD,1,0
1789530567296,33980.582,690.5,1.6504,1,WAIT ZCD,1,0
1789530567306,33966.844,690.5,1.6504,1,WAIT ZCD,1,0
1789530567316,33953.113,690.5,1.6504,1,WAIT ZCD,1,0
1789530567326,33994.336,690.5,1.6504,1,WAIT ZCD,1,0
1789530567336,33966.844,690.5,1.6504,1,WAIT ZCD,1,0
1789530567346,33994.336,690.5,1.6504,1,WAIT ZCD,1,0
1789530567356,33980.582,690.5,1.6504,1,WAIT ZCD,1,0
1789530567366,33939.395,690.5,1.6504,1,WAIT ZCD,1,0
1789530567376,33980.582,690.5,1.6504,1,WAIT ZCD,1,0
1789530567386,33966.844,690.5,1.6504,1,WAIT ZCD,1,0
1789530567396,33980.582,690.5,1.6504,1,WAIT ZCD,1,0
1789530567406,33994.336,690.5,1.6504,1,WAIT ZCD,1,0
1789530567416,33966.844,690.5,1.6504,1,WAIT ZCD,1,0
1789530567426,33980.582,690.5,1.6504,1,WAIT ZCD,1,0
1789530567436,33966.844,690.5,1.6504,1,WAIT ZCD,1,0
1789530567446,33966.844,690.5,1.6504,1,WAIT ZCD,1,0
1789530567456,33966.844,690.5,1.6504,1,WAIT ZCD,1,0
1789530567466,33953.113,690.5,1.6504,1,WAIT ZCD,1,0
1789530567476,33980.582,690.5,1.6504,1,WAIT ZCD,1,0
1789530567486,33980.582,690.5,1.6504,1,WAIT ZCD,1,0
1789530567496,33980.582,690.5,1.6504,1,WAIT ZCD,1,0
1789530567506,33980.582,690.5,1.6504,1,WAIT ZCD,1,0
1789530567516,33966.844,690.5,1.6504,1,WAIT ZCD,1,0
1789530567526,33980.582,690.5,1.6504,1,WAIT ZCD,1,0
1789530567536,33966.844,690.5,1.6504,1,WAIT ZCD,1,0
1789530567546,33980.582,690.5,1.6504,1,WAIT ZCD,1,0
1789530567556,33980.582,690.5,1.6504,1,WAIT ZCD,1,0
1789530567566,33966.844,690.5,1.6504,1,WAIT ZCD,1,0
1789530567576,33980.582,690.5,1.6504,1,WAIT ZCD,1,0
1789530567586,33980.582,690.5,1.6504,1,WAIT ZCD,1,0
1789530567596,33966.844,690.5,1.6504,1,WAIT ZCD,1,0
1789530567606,33939.395,690.5,1.6504,1,WAIT ZCD,1,0
1789530567616,33994.336,690.5,1.6504,1,WAIT ZCD,1,0
1789530567626,33980.582,690.5,1.6504,1,WAIT ZCD,1,0
1789530567636,33966.844,690.5,1.6504,1,WAIT ZCD,1,0
1789530567646,33953.113,690.5,1.6504,1,WAIT ZCD,1,0
1789530567656,33980.582,690.5,1.6504,1,WAIT ZCD,1,0
1789530567666,33994.336,690.5,1.6504,1,WAIT ZCD,1,0
1789530567676,33966.844,690.5,1.6504,1,WAIT ZCD,1,0
1789530567686,33953.113,690.5,1.6504,1,WAIT ZCD,1,0
1789530567696,33994.336,690.5,1.6504,1,WAIT ZCD,1,0
1789530567706,33980.582,690.5,1.6504,1,WAIT ZCD,1,0
1789530567716,33994.336,690.5,1.6504,1,WAIT ZCD,1,0
1789530567726,33994.336,690.5,1.6504,1,WAIT ZCD,1,0
1789530567736,33953.113,690.5,1.6504,1,WAIT ZCD,1,0
1789530567746,33966.844,690.5,1.6504,1,WAIT ZCD,1,0
1789530567756,33966.844,690.5,1.6504,1,WAIT ZCD,1,0
1789530567766,33980.582,690.5,1.6504,1,WAIT ZCD,1,0
1789530567776,33980.582,690.5,1.6504,1,WAIT ZCD,1,0
1789530567786,33953.113,690.5,1.6504,1,WAIT ZCD,1,0
1789530567796,33994.336,690.5,1.6504,1,WAIT ZCD,1,0
1789530567806,33980.582,690.5,1.6504,1,WAIT ZCD,1,0
1789530567816,33980.582,690.5,1.6504,1,WAIT ZCD,1,0
1789530567826,33966.844,690.5,1.6504,1,WAIT ZCD,1,0
1789530567836,33980.582,690.5,1.6504,1,WAIT ZCD,1,0
1789530567846,33966.844,690.5,1.6504,1,WAIT ZCD,1,0
1789530567856,33994.336,690.5,1.6504,1,WAIT ZCD,1,0
1789530567866,33966.844,690.5,1.6504,1,WAIT ZCD,1,0
1789530567876,33980.582,690.5,1.6504,1,WAIT ZCD,1,0
1789530567886,33953.113,690.5,1.6504,1,WAIT ZCD,1,0
1789530567896,33966.844,690.5,1.6504,1,WAIT ZCD,1,0
1789530567906,33980.582,690.5,1.6504,1,WAIT ZCD,1,0
1789530567916,33966.844,690.5,1.6504,1,WAIT ZCD,1,0
1789530567926,33980.582,690.5,1.6504,1,WAIT ZCD,1,0
1789530567936,33980.582,690.5,1.6504,1,WAIT ZCD,1,0
1789530567946,33994.336,690.5,1.6504,1,WAIT ZCD,1,0
1789530567956,33980.582,690.5,1.6504,1,WAIT ZCD,1,0
1789530567966,33980.582,690.5,1.6504,1,WAIT ZCD,1,0
1789530567976,33980.582,690.5,1.6504,1,WAIT ZCD,1,0
1789530567986,33980.582,690.5,1.6504,1,WAIT ZCD,1,0
1789530567996,33966.844,690.5,1.6504,1,WAIT ZCD,1,0
1789530568006,33994.336,690.5,1.6504,1,WAIT ZCD,1,0
1789530568016,33980.582,690.5,1.6504,1,WAIT ZCD,1,0
1789530568026,34008.098,690.5,1.6504,1,WAIT ZCD,1,0
1789530568036,33966.844,690.5,1.6504,1,WAIT ZCD,1,0
1789530568046,34008.098,690.5,1.6504,1,WAIT ZCD,1,0
1789530568056,33953.113,690.5,1.6504,1,WAIT ZCD,1,0
1789530568066,33439.492,523.8,1.6335,2,TRACK,0,0
1789530568076,33439.492,428.6,1.6238,2,TRACK,0,0
1789530568086,33439.492,309.5,1.6174,2,TRACK,0,0
1789530568096,33426.184,190.5,1.6125,2,TRACK,0,0
1789530568106,33426.184,119.0,1.6085,2,TRACK,0,0
1789530568116,33412.887,95.2,1.6061,2,TRACK,0,0
1789530568126,33426.184,107.1,1.6037,2,TRACK,0,0
1789530568136,33399.602,71.4,1.6021,2,TRACK,0,0
1789530568146,33412.887,107.1,1.6012,2,TRACK,0,0
1789530568156,33399.602,-11.9,1.5996,3,LOCK,0,1
1789530568166,33412.887,59.5,1.5996,3,LOCK,0,1
1789530568176,33426.184,35.7,1.5988,3,LOCK,0,1
1789530568186,33412.887,11.9,1.5988,3,LOCK,0,1
1789530568196,33386.328,0.0,1.5980,3,LOCK,0,1
1789530568206,33412.887,35.7,1.5980,3,LOCK,0,1
1789530568216,33412.887,11.9,1.5980,3,LOCK,0,1
1789530568226,33399.602,-11.9,1.5980,3,LOCK,0,1
1789530568235,33426.184,11.9,1.5980,3,LOCK,0,1
1789530568246,33412.887,-23.8,1.5980,3,LOCK,0,1
1789530568256,33426.184,-11.9,1.5980,3,LOCK,0,1
1789530568266,33399.602,23.8,1.5988,3,LOCK,0,1
1789530568276,33412.887,-11.9,1.5988,3,LOCK,0,1
1789530568286,33412.887,11.9,1.5988,3,LOCK,0,1
1789530568296,33386.328,59.5,1.5980,3,LOCK,0,1
1789530568305,33412.887,-11.9,1.5980,3,LOCK,0,1
1789530568316,33412.887,23.8,1.5988,3,LOCK,0,1
1789530568326,33399.602,23.8,1.5988,3,LOCK,0,1
1789530568336,33399.602,-47.6,1.5988,3,LOCK,0,1
1789530568346,33399.602,0.0,1.5996,3,LOCK,0,1
1789530568356,33399.602,-47.6,1.5996,3,LOCK,0,1
1789530568366,33399.602,-11.9,1.5996,3,LOCK,0,1
1789530568376,33412.887,-35.7,1.5996,3,LOCK,0,1
1789530568386,33426.184,59.5,1.6004,3,LOCK,0,1
1789530568397,33399.602,-47.6,1.5996,3,LOCK,0,1
1789530568407,33412.887,-11.9,1.6004,3,LOCK,0,1
1789530568417,33412.887,11.9,1.6004,3,LOCK,0,1
1789530568427,33386.328,-35.7,1.6012,3,LOCK,0,1
1789530568437,33399.602,0.0,1.6012,3,LOCK,0,1
1789530568446,33412.887,11.9,1.6012,3,LOCK,0,1
1789530568457,33399.602,35.7,1.6012,3,LOCK,0,1
1789530568467,33412.887,-23.8,1.6012,3,LOCK,0,1
1789530568477,33399.602,-59.5,1.6012,3,LOCK,0,1
1789530568487,33412.887,11.9,1.6012,3,LOCK,0,1
1789530568497,33399.602,-23.8,1.6021,3,LOCK,0,1
1789530568507,33426.184,-23.8,1.6021,3,LOCK,0,1
1789530568517,33980.582,523.8,1.6504,1,WAIT ZCD,1,0
1789530568527,33939.395,523.8,1.6504,1,WAIT ZCD,1,0
1789530568537,33994.336,523.8,1.6504,1,WAIT ZCD,1,0
1789530568547,33953.113,523.8,1.6504,1,WAIT ZCD,1,0
1789530568557,33980.582,523.8,1.6504,1,WAIT ZCD,1,0
1789530568567,33953.113,523.8,1.6504,1,WAIT ZCD,1,0
1789530568577,33980.582,523.8,1.6504,1,WAIT ZCD,1,0
1789530568587,33980.582,523.8,1.6504,1,WAIT ZCD,1,0
1789530568597,33994.336,523.8,1.6504,1,WAIT ZCD,1,0
1789530568606,33953.113,523.8,1.6504,1,WAIT ZCD,1,0
1789530568617,33980.582,523.8,1.6504,1,WAIT ZCD,1,0
1789530568627,33953.113,523.8,1.6504,1,WAIT ZCD,1,0
1789530568636,33980.582,523.8,1.6504,1,WAIT ZCD,1,0
1789530568647,33994.336,523.8,1.6504,1,WAIT ZCD,1,0
1789530568657,33966.844,523.8,1.6504,1,WAIT ZCD,1,0
1789530568666,33980.582,523.8,1.6504,1,WAIT ZCD,1,0
1789530568677,33953.113,523.8,1.6504,1,WAIT ZCD,1,0
1789530568686,33980.582,523.8,1.6504,1,WAIT ZCD,1,0
1789530568696,33966.844,523.8,1.6504,1,WAIT ZCD,1,0
1789530568707,33980.582,523.8,1.6504,1,WAIT ZCD,1,0
1789530568717,33966.844,523.8,1.6504,1,WAIT ZCD,1,0
1789530568727,33980.582,523.8,1.6504,1,WAIT ZCD,1,0
1789530568737,33994.336,523.8,1.6504,1,WAIT ZCD,1,0
1789530568747,33980.582,523.8,1.6504,1,WAIT ZCD,1,0
1789530568757,33980.582,523.8,1.6504,1,WAIT ZCD,1,0
1789530568767,33980.582,523.8,1.6504,1,WAIT ZCD,1,0
1789530568777,33966.844,523.8,1.6504,1,WAIT ZCD,1,0
1789530568786,33953.113,523.8,1.6504,1,WAIT ZCD,1,0
1789530568797,33994.336,523.8,1.6504,1,WAIT ZCD,1,0
1789530568807,33980.582,523.8,1.6504,1,WAIT ZCD,1,0
1789530568817,33980.582,523.8,1.6504,1,WAIT ZCD,1,0
1789530568827,33953.113,523.8,1.6504,1,WAIT ZCD,1,0
1789530568837,33980.582,523.8,1.6504,1,WAIT ZCD,1,0
1789530568847,33953.113,523.8,1.6504,1,WAIT ZCD,1,0
1789530568857,33994.336,523.8,1.6504,1,WAIT ZCD,1,0
1789530568867,33966.844,523.8,1.6504,1,WAIT ZCD,1,0
1789530568876,33980.582,523.8,1.6504,1,WAIT ZCD,1,0
1789530568887,33994.336,523.8,1.6504,1,WAIT ZCD,1,0
1789530568897,33980.582,523.8,1.6504,1,WAIT ZCD,1,0
1789530568907,33980.582,523.8,1.6504,1,WAIT ZCD,1,0
1789530568917,33980.582,523.8,1.6504,1,WAIT ZCD,1,0
1789530568927,33953.113,523.8,1.6504,1,WAIT ZCD,1,0
1789530568937,34008.098,523.8,1.6504,1,WAIT ZCD,1,0
1789530568947,33980.582,523.8,1.6504,1,WAIT ZCD,1,0
1789530568957,33966.844,523.8,1.6504,1,WAIT ZCD,1,0
1789530568967,33966.844,523.8,1.6504,1,WAIT ZCD,1,0
1789530568977,33966.844,523.8,1.6504,1,WAIT ZCD,1,0
1789530568986,33966.844,523.8,1.6504,1,WAIT ZCD,1,0
1789530568996,33980.582,523.8,1.6504,1,WAIT ZCD,1,0
1789530569007,33980.582,523.8,1.6504,1,WAIT ZCD,1,0
1789530569017,33994.336,523.8,1.6504,1,WAIT ZCD,1,0
1789530569027,33994.336,523.8,1.6504,1,WAIT ZCD,1,0
1789530569036,33966.844,523.8,1.6504,1,WAIT ZCD,1,0
1789530569047,33966.844,523.8,1.6504,1,WAIT ZCD,1,0
1789530569057,33953.113,523.8,1.6504,1,WAIT ZCD,1,0
1789530569067,33980.582,523.8,1.6504,1,WAIT ZCD,1,0
1789530569077,33966.844,523.8,1.6504,1,WAIT ZCD,1,0
1789530569086,33980.582,523.8,1.6504,1,WAIT ZCD,1,0
1789530569097,33966.844,523.8,1.6504,1,WAIT ZCD,1,0
1789530569106,33980.582,523.8,1.6504,1,WAIT ZCD,1,0
1789530569117,33980.582,523.8,1.6504,1,WAIT ZCD,1,0
1789530569127,33939.395,523.8,1.6504,1,WAIT ZCD,1,0
1789530569136,33980.582,523.8,1.6504,1,WAIT ZCD,1,0
1789530569147,33966.844,523.8,1.6504,1,WAIT ZCD,1,0
1789530569156,33966.844,523.8,1.6504,1,WAIT ZCD,1,0
1789530569166,33980.582,523.8,1.6504,1,WAIT ZCD,1,0
1789530569177,33966.844,523.8,1.6504,1,WAIT ZCD,1,0
1789530569186,33980.582,523.8,1.6504,1,WAIT ZCD,1,0
1789530569197,33980.582,523.8,1.6504,1,WAIT ZCD,1,0
1789530569206,33966.844,523.8,1.6504,1,WAIT ZCD,1,0
1789530569216,33980.582,523.8,1.6504,1,WAIT ZCD,1,0
1789530569227,33966.844,523.8,1.6504,1,WAIT ZCD,1,0
1789530569237,33980.582,523.8,1.6504,1,WAIT ZCD,1,0
1789530569247,33966.844,523.8,1.6504,1,WAIT ZCD,1,0
1789530569257,33980.582,523.8,1.6504,1,WAIT ZCD,1,0
1789530569267,33980.582,523.8,1.6504,1,WAIT ZCD,1,0
1789530569277,33980.582,523.8,1.6504,1,WAIT ZCD,1,0
1789530569286,33966.844,523.8,1.6504,1,WAIT ZCD,1,0
1789530569297,33966.844,523.8,1.6504,1,WAIT ZCD,1,0
1789530569307,33953.113,523.8,1.6504,1,WAIT ZCD,1,0
1789530569317,33980.582,523.8,1.6504,1,WAIT ZCD,1,0
1789530569327,33980.582,523.8,1.6504,1,WAIT ZCD,1,0
1789530569337,33980.582,523.8,1.6504,1,WAIT ZCD,1,0
1789530569347,33994.336,523.8,1.6504,1,WAIT ZCD,1,0
1789530569356,33980.582,523.8,1.6504,1,WAIT ZCD,1,0
1789530569367,33980.582,523.8,1.6504,1,WAIT ZCD,1,0
1789530569377,33966.844,523.8,1.6504,1,WAIT ZCD,1,0
1789530569386,33980.582,523.8,1.6504,1,WAIT ZCD,1,0
1789530569397,33980.582,523.8,1.6504,1,WAIT ZCD,1,0
1789530569406,33994.336,523.8,1.6504,1,WAIT ZCD,1,0
1789530569416,33953.113,523.8,1.6504,1,WAIT ZCD,1,0
1789530569426,33966.844,523.8,1.6504,1,WAIT ZCD,1,0
1789530569436,33966.844,523.8,1.6504,1,WAIT ZCD,1,0
1789530569447,33966.844,523.8,1.6504,1,WAIT ZCD,1,0
1789530569456,33980.582,523.8,1.6504,1,WAIT ZCD,1,0
1789530569467,33966.844,523.8,1.6504,1,WAIT ZCD,1,0
1789530569476,33966.844,523.8,1.6504,1,WAIT ZCD,1,0
1789530569487,33980.582,523.8,1.6504,1,WAIT ZCD,1,0
1789530569496,33966.844,523.8,1.6504,1,WAIT ZCD,1,0
1789530569507,33966.844,523.8,1.6504,1,WAIT ZCD,1,0
1789530569517,33994.336,523.8,1.6504,1,WAIT ZCD,1,0
1789530569527,33966.844,523.8,1.6504,1,WAIT ZCD,1,0
1789530569537,33980.582,523.8,1.6504,1,WAIT ZCD,1,0
1789530569547,33953.113,523.8,1.6504,1,WAIT ZCD,1,0
1789530569556,33966.844,523.8,1.6504,1,WAIT ZCD,1,0
1789530569567,33953.113,523.8,1.6504,1,WAIT ZCD,1,0
1789530569576,33980.582,523.8,1.6504,1,WAIT ZCD,1,0
1789530569587,33980.582,523.8,1.6504,1,WAIT ZCD,1,0
1789530569597,33939.395,523.8,1.6504,1,WAIT ZCD,1,0
1789530569606,33994.336,523.8,1.6504,1,WAIT ZCD,1,0
1789530569616,33966.844,523.8,1.6504,1,WAIT ZCD,1,0
1789530569627,33966.844,523.8,1.6504,1,WAIT ZCD,1,0
1789530569636,33966.844,523.8,1.6504,1,WAIT ZCD,1,0
1789530569647,33994.336,523.8,1.6504,1,WAIT ZCD,1,0
1789530569656,33966.844,523.8,1.6504,1,WAIT ZCD,1,0
1789530569667,33994.336,523.8,1.6504,1,WAIT ZCD,1,0
1789530569677,33980.582,523.8,1.6504,1,WAIT ZCD,1,0
1789530569687,33966.844,523.8,1.6504,1,WAIT ZCD,1,0
1789530569697,33980.582,523.8,1.6504,1,WAIT ZCD,1,0
1789530569706,33980.582,523.8,1.6504,1,WAIT ZCD,1,0
1789530569716,33980.582,523.8,1.6504,1,WAIT ZCD,1,0
1789530569726,33966.844,523.8,1.6504,1,WAIT ZCD,1,0
1789530569737,33953.113,523.8,1.6504,1,WAIT ZCD,1,0
1789530569747,33994.336,523.8,1.6504,1,WAIT ZCD,1,0
1789530569757,33966.844,523.8,1.6504,1,WAIT ZCD,1,0
1789530569767,33994.336,523.8,1.6504,1,WAIT ZCD,1,0
1789530569777,33980.582,523.8,1.6504,1,WAIT ZCD,1,0
1789530569786,33994.336,523.8,1.6504,1,WAIT ZCD,1,0
1789530569797,33939.395,523.8,1.6504,1,WAIT ZCD,1,0
1789530569806,33980.582,523.8,1.6504,1,WAIT ZCD,1,0
1789530569817,33966.844,523.8,1.6504,1,WAIT ZCD,1,0
1789530569827,33966.844,523.8,1.6504,1,WAIT ZCD,1,0
1789530569836,33953.113,523.8,1.6504,1,WAIT ZCD,1,0
1789530569847,33980.582,523.8,1.6504,1,WAIT ZCD,1,0
1789530569856,33980.582,523.8,1.6504,1,WAIT ZCD,1,0
1789530569867,33966.844,523.8,1.6504,1,WAIT ZCD,1,0
1789530569877,33966.844,523.8,1.6504,1,WAIT ZCD,1,0
1789530569886,33980.582,523.8,1.6504,1,WAIT ZCD,1,0
1789530569897,33966.844,523.8,1.6504,1,WAIT ZCD,1,0
1789530569907,33980.582,523.8,1.6504,1,WAIT ZCD,1,0
1789530569917,33994.336,523.8,1.6504,1,WAIT ZCD,1,0
1789530569927,33994.336,523.8,1.6504,1,WAIT ZCD,1,0
1789530569937,33980.582,523.8,1.6504,1,WAIT ZCD,1,0
1789530569947,33966.844,523.8,1.6504,1,WAIT ZCD,1,0
1789530569956,33966.844,523.8,1.6504,1,WAIT ZCD,1,0
1789530569967,33966.844,523.8,1.6504,1,WAIT ZCD,1,0
1789530569977,33980.582,523.8,1.6504,1,WAIT ZCD,1,0
1789530569986,33994.336,523.8,1.6504,1,WAIT ZCD,1,0
1789530569997,33966.844,523.8,1.6504,1,WAIT ZCD,1,0
1789530570006,33980.582,523.8,1.6504,1,WAIT ZCD,1,0
1789530570017,33966.844,523.8,1.6504,1,WAIT ZCD,1,0
1789530570027,33966.844,523.8,1.6504,1,WAIT ZCD,1,0
1789530570036,33980.582,523.8,1.6504,1,WAIT ZCD,1,0
1789530570046,33994.336,523.8,1.6504,1,WAIT ZCD,1,0
1789530570056,33980.582,523.8,1.6504,1,WAIT ZCD,1,0
1789530570066,33980.582,523.8,1.6504,1,WAIT ZCD,1,0
1789530570076,33953.113,523.8,1.6504,1,WAIT ZCD,1,0
1789530570086,33994.336,523.8,1.6504,1,WAIT ZCD,1,0
1789530570096,33980.582,523.8,1.6504,1,WAIT ZCD,1,0
1789530570106,33980.582,523.8,1.6504,1,WAIT ZCD,1,0
1789530570116,33966.844,523.8,1.6504,1,WAIT ZCD,1,0
1789530570126,33966.844,523.8,1.6504,1,WAIT ZCD,1,0
1789530570136,33966.844,523.8,1.6504,1,WAIT ZCD,1,0
1789530570146,33980.582,523.8,1.6504,1,WAIT ZCD,1,0
1789530570156,33980.582,523.8,1.6504,1,WAIT ZCD,1,0
1789530570166,33980.582,523.8,1.6504,1,WAIT ZCD,1,0
1789530570176,33994.336,523.8,1.6504,1,WAIT ZCD,1,0
1789530570186,33980.582,523.8,1.6504,1,WAIT ZCD,1,0
1789530570196,33980.582,523.8,1.6504,1,WAIT ZCD,1,0
1789530570207,33980.582,523.8,1.6504,1,WAIT ZCD,1,0
1789530570216,33994.336,523.8,1.6504,1,WAIT ZCD,1,0
1789530570227,33980.582,523.8,1.6504,1,WAIT ZCD,1,0
1789530570236,33966.844,523.8,1.6504,1,WAIT ZCD,1,0
1789530570246,33980.582,523.8,1.6504,1,WAIT ZCD,1,0
1789530570256,33980.582,523.8,1.6504,1,WAIT ZCD,1,0
1789530570266,33994.336,523.8,1.6504,1,WAIT ZCD,1,0
1789530570276,33966.844,523.8,1.6504,1,WAIT ZCD,1,0
1789530570286,33966.844,523.8,1.6504,1,WAIT ZCD,1,0
1789530570296,33980.582,523.8,1.6504,1,WAIT ZCD,1,0
1789530570306,33966.844,523.8,1.6504,1,WAIT ZCD,1,0
1789530570316,33980.582,523.8,1.6504,1,WAIT ZCD,1,0
1789530570326,33966.844,523.8,1.6504,1,WAIT ZCD,1,0
1789530570336,33994.336,523.8,1.6504,1,WAIT ZCD,1,0
1789530570346,33966.844,523.8,1.6504,1,WAIT ZCD,1,0
1789530570356,33980.582,523.8,1.6504,1,WAIT ZCD,1,0
1789530570366,33966.844,523.8,1.6504,1,WAIT ZCD,1,0
1789530570376,33980.582,523.8,1.6504,1,WAIT ZCD,1,0
1789530570386,33980.582,523.8,1.6504,1,WAIT ZCD,1,0
1789530570396,33953.113,523.8,1.6504,1,WAIT ZCD,1,0
1789530570407,33980.582,523.8,1.6504,1,WAIT ZCD,1,0
1789530570416,33980.582,523.8,1.6504,1,WAIT ZCD,1,0
1789530570426,33966.844,523.8,1.6504,1,WAIT ZCD,1,0
1789530570436,33980.582,523.8,1.6504,1,WAIT ZCD,1,0
1789530570446,33966.844,523.8,1.6504,1,WAIT ZCD,1,0
1789530570456,33980.582,523.8,1.6504,1,WAIT ZCD,1,0
1789530570466,33980.582,523.8,1.6504,1,WAIT ZCD,1,0
1789530570476,33966.844,523.8,1.6504,1,WAIT ZCD,1,0
1789530570487,33980.582,523.8,1.6504,1,WAIT ZCD,1,0
1789530570496,33966.844,523.8,1.6504,1,WAIT ZCD,1,0
1789530570506,33966.844,523.8,1.6504,1,WAIT ZCD,1,0
1789530570516,33994.336,523.8,1.6504,1,WAIT ZCD,1,0
1789530570526,33966.844,523.8,1.6504,1,WAIT ZCD,1,0
1789530570536,33966.844,523.8,1.6504,1,WAIT ZCD,1,0
1789530570546,33966.844,523.8,1.6504,1,WAIT ZCD,1,0
1789530570556,33953.113,523.8,1.6504,1,WAIT ZCD,1,0
1789530570566,33980.582,523.8,1.6504,1,WAIT ZCD,1,0
1789530570576,33980.582,523.8,1.6504,1,WAIT ZCD,1,0
1789530570586,33980.582,523.8,1.6504,1,WAIT ZCD,1,0
1789530570596,33980.582,523.8,1.6504,1,WAIT ZCD,1,0
1789530570606,33980.582,523.8,1.6504,1,WAIT ZCD,1,0
1789530570617,33980.582,523.8,1.6504,1,WAIT ZCD,1,0
1789530570626,33980.582,523.8,1.6504,1,WAIT ZCD,1,0
1789530570636,33966.844,523.8,1.6504,1,WAIT ZCD,1,0
1789530570646,33980.582,523.8,1.6504,1,WAIT ZCD,1,0
1789530570656,33953.113,523.8,1.6504,1,WAIT ZCD,1,0
1789530570666,33994.336,523.8,1.6504,1,WAIT ZCD,1,0
1789530570676,33966.844,523.8,1.6504,1,WAIT ZCD,1,0
1789530570686,33966.844,523.8,1.6504,1,WAIT ZCD,1,0
1789530570696,33966.844,523.8,1.6504,1,WAIT ZCD,1,0
1789530570706,33980.582,523.8,1.6504,1,WAIT ZCD,1,0
1789530570716,33994.336,523.8,1.6504,1,WAIT ZCD,1,0
1789530570727,33966.844,523.8,1.6504,1,WAIT ZCD,1,0
1789530570736,33966.844,523.8,1.6504,1,WAIT ZCD,1,0
1789530570746,33966.844,523.8,1.6504,1,WAIT ZCD,1,0
1789530570756,33953.113,523.8,1.6504,1,WAIT ZCD,1,0
1789530570767,33953.113,523.8,1.6504,1,WAIT ZCD,1,0
1789530570777,33994.336,523.8,1.6504,1,WAIT ZCD,1,0
1789530570786,33980.582,523.8,1.6504,1,WAIT ZCD,1,0
1789530570796,33966.844,523.8,1.6504,1,WAIT ZCD,1,0
1789530570808,33980.582,523.8,1.6504,1,WAIT ZCD,1,0
1789530570816,33994.336,523.8,1.6504,1,WAIT ZCD,1,0
1789530570827,33980.582,523.8,1.6504,1,WAIT ZCD,1,0
1789530570836,33953.113,523.8,1.6504,1,WAIT ZCD,1,0
1789530570846,33980.582,523.8,1.6504,1,WAIT ZCD,1,0
1789530570857,33980.582,523.8,1.6504,1,WAIT ZCD,1,0
1789530570867,33966.844,523.8,1.6504,1,WAIT ZCD,1,0
1789530570876,33966.844,523.8,1.6504,1,WAIT ZCD,1,0
1789530570886,33966.844,523.8,1.6504,1,WAIT ZCD,1,0
1789530570896,33980.582,523.8,1.6504,1,WAIT ZCD,1,0
1789530570907,33980.582,523.8,1.6504,1,WAIT ZCD,1,0
1789530570916,33966.844,523.8,1.6504,1,WAIT ZCD,1,0
1789530570926,33966.844,523.8,1.6504,1,WAIT ZCD,1,0
1789530570936,34008.098,523.8,1.6504,1,WAIT ZCD,1,0
1789530570946,33980.582,523.8,1.6504,1,WAIT ZCD,1,0
1789530570956,33953.113,523.8,1.6504,1,WAIT ZCD,1,0
1789530570967,33966.844,523.8,1.6504,1,WAIT ZCD,1,0
1789530570976,33994.336,523.8,1.6504,1,WAIT ZCD,1,0
1789530570986,33953.113,523.8,1.6504,1,WAIT ZCD,1,0
1789530570996,33953.113,523.8,1.6504,1,WAIT ZCD,1,0
1789530571006,33980.582,523.8,1.6504,1,WAIT ZCD,1,0
1789530571017,33994.336,523.8,1.6504,1,WAIT ZCD,1,0
1789530571026,33966.844,523.8,1.6504,1,WAIT ZCD,1,0
1789530571036,33966.844,523.8,1.6504,1,WAIT ZCD,1,0
1789530571046,33966.844,523.8,1.6504,1,WAIT ZCD,1,0
1789530571056,33994.336,523.8,1.6504,1,WAIT ZCD,1,0
1789530571066,33980.582,523.8,1.6504,1,WAIT ZCD,1,0
1789530571076,33953.113,523.8,1.6504,1,WAIT ZCD,1,0
1789530571086,33980.582,523.8,1.6504,1,WAIT ZCD,1,0
1789530571096,33980.582,523.8,1.6504,1,WAIT ZCD,1,0
1789530571106,33966.844,523.8,1.6504,1,WAIT ZCD,1,0
1789530571116,33980.582,523.8,1.6504,1,WAIT ZCD,1,0
1789530571126,33966.844,523.8,1.6504,1,WAIT ZCD,1,0
1789530571136,33980.582,523.8,1.6504,1,WAIT ZCD,1,0
1789530571146,33980.582,523.8,1.6504,1,WAIT ZCD,1,0
1789530571156,33980.582,523.8,1.6504,1,WAIT ZCD,1,0
1789530571166,33966.844,523.8,1.6504,1,WAIT ZCD,1,0
1789530571176,33980.582,523.8,1.6504,1,WAIT ZCD,1,0
1789530571186,33980.582,523.8,1.6504,1,WAIT ZCD,1,0
1789530571196,33980.582,523.8,1.6504,1,WAIT ZCD,1,0
1789530571206,33953.113,523.8,1.6504,1,WAIT ZCD,1,0
1789530571216,33966.844,523.8,1.6504,1,WAIT ZCD,1,0
1789530571226,33966.844,523.8,1.6504,1,WAIT ZCD,1,0
1789530571236,33939.395,523.8,1.6504,1,WAIT ZCD,1,0
1789530571246,33953.113,523.8,1.6504,1,WAIT ZCD,1,0
1789530571256,33966.844,523.8,1.6504,1,WAIT ZCD,1,0
1789530571266,33980.582,523.8,1.6504,1,WAIT ZCD,1,0
1789530571276,33994.336,523.8,1.6504,1,WAIT ZCD,1,0
1789530571286,33966.844,523.8,1.6504,1,WAIT ZCD,1,0
1789530571296,33966.844,523.8,1.6504,1,WAIT ZCD,1,0
1789530571306,33980.582,523.8,1.6504,1,WAIT ZCD,1,0
1789530571316,33953.113,523.8,1.6504,1,WAIT ZCD,1,0
1789530571326,33966.844,523.8,1.6504,1,WAIT ZCD,1,0
1789530571336,33953.113,523.8,1.6504,1,WAIT ZCD,1,0
1789530571346,33980.582,523.8,1.6504,1,WAIT ZCD,1,0
1789530571356,33980.582,523.8,1.6504,1,WAIT ZCD,1,0
1789530571366,33939.395,523.8,1.6504,1,WAIT ZCD,1,0
1789530571376,33980.582,523.8,1.6504,1,WAIT ZCD,1,0
1789530571386,33939.395,523.8,1.6504,1,WAIT ZCD,1,0
1789530571396,33966.844,523.8,1.6504,1,WAIT ZCD,1,0
1789530571407,33966.844,523.8,1.6504,1,WAIT ZCD,1,0
1789530571416,33953.113,523.8,1.6504,1,WAIT ZCD,1,0
1789530571426,33980.582,523.8,1.6504,1,WAIT ZCD,1,0
1789530571436,33966.844,523.8,1.6504,1,WAIT ZCD,1,0
1789530571446,33966.844,523.8,1.6504,1,WAIT ZCD,1,0
1789530571457,33966.844,523.8,1.6504,1,WAIT ZCD,1,0
1789530571466,33980.582,523.8,1.6504,1,WAIT ZCD,1,0
1789530571476,33966.844,523.8,1.6504,1,WAIT ZCD,1,0
1789530571486,33953.113,523.8,1.6504,1,WAIT ZCD,1,0
1789530571496,33953.113,523.8,1.6504,1,WAIT ZCD,1,0
1789530571506,33966.844,523.8,1.6504,1,WAIT ZCD,1,0
1789530571516,33953.113,523.8,1.6504,1,WAIT ZCD,1,0
1789530571526,33966.844,523.8,1.6504,1,WAIT ZCD,1,0
1789530571536,33966.844,523.8,1.6504,1,WAIT ZCD,1,0
1789530571546,33980.582,523.8,1.6504,1,WAIT ZCD,1,0
1789530571557,33953.113,523.8,1.6504,1,WAIT ZCD,1,0
1789530571567,33980.582,523.8,1.6504,1,WAIT ZCD,1,0
1789530571576,33966.844,523.8,1.6504,1,WAIT ZCD,1,0
1789530571587,33966.844,523.8,1.6504,1,WAIT ZCD,1,0
1789530571596,33980.582,523.8,1.6504,1,WAIT ZCD,1,0
1789530571607,33966.844,523.8,1.6504,1,WAIT ZCD,1,0
1789530571616,33980.582,523.8,1.6504,1,WAIT ZCD,1,0
1789530571626,33980.582,523.8,1.6504,1,WAIT ZCD,1,0
1789530571636,33966.844,523.8,1.6504,1,WAIT ZCD,1,0
1789530571646,33980.582,523.8,1.6504,1,WAIT ZCD,1,0
1789530571656,33966.844,523.8,1.6504,1,WAIT ZCD,1,0
1789530571666,33953.113,523.8,1.6504,1,WAIT ZCD,1,0
1789530571676,34008.098,523.8,1.6504,1,WAIT ZCD,1,0
